{
    "model_name": "EDGE_SAM_R8",
    "timestamp": "2026-05-20T19:23:43.925630",
    "parameters": {
        "total_parameters": 5689541,
        "trainable_parameters": 172421,
        "frozen_parameters": 5517120,
        "trainable_percentage": 3.0305
    },
    "memory": {},
    "latency": {},
    "training_time": {
        "total_seconds": 215.62,
        "total_minutes": 3.59,
        "total_hours": 0.0599
    },
    "evaluation_results": {},
    "training_history": {
        "epochs": [
            1,
            2,
            3,
            4,
            5,
            6,
            7,
            8,
            9,
            10,
            11,
            12,
            13,
            14,
            15,
            16,
            17,
            18,
            19,
            20,
            21,
            22,
            23,
            24,
            25,
            26,
            27,
            28,
            29,
            30,
            31,
            32,
            33,
            34,
            35,
            36,
            37,
            38,
            39,
            40,
            41,
            42,
            43,
            44,
            45,
            46,
            47,
            48,
            49,
            50
        ],
        "train_loss": [
            1.1049289680086076,
            0.6252723489888012,
            0.5821479614824057,
            0.557080464437604,
            0.5359403728507459,
            0.5182006163522601,
            0.5023603877052665,
            0.49222794407978654,
            0.48127689165994525,
            0.4715905589982867,
            0.46335421269759536,
            0.45434778556227684,
            0.4493167884647846,
            0.443226870149374,
            0.4413482304662466,
            0.4373609512113035,
            0.43301789881661534,
            0.43015865702182055,
            0.42403835617005825,
            0.4182674027979374,
            0.41460892371833324,
            0.4129714893642813,
            0.4124032463878393,
            0.41014176746830344,
            0.406456068623811,
            0.4056780682876706,
            0.4035666328854859,
            0.40092792734503746,
            0.39787814766168594,
            0.3956106451805681,
            0.39802943426184356,
            0.3945744470693171,
            0.3926309742964804,
            0.39274314744398,
            0.3925117142498493,
            0.3888564850203693,
            0.38737979251891375,
            0.38782079867087305,
            0.388867009896785,
            0.38704460486769676,
            0.3878829241730273,
            0.3844184740446508,
            0.38428028393536806,
            0.3854767745360732,
            0.3865320773329586,
            0.38464213418774307,
            0.38379803323186934,
            0.3858111740555614,
            0.384020360885188,
            0.38564224098809063
        ],
        "val_loss": [
            1.2889129877090455,
            1.2350806951522828,
            1.1958863854408264,
            1.096040391921997,
            1.0868812084197998,
            1.1132432341575622,
            1.092308259010315,
            1.0523884177207947,
            0.9724581360816955,
            1.0221349477767945,
            0.9749110341072083,
            0.9879865169525146,
            0.9655383706092835,
            0.9512937903404236,
            0.9808943152427674,
            0.93967205286026,
            0.9541837215423584,
            0.9524191856384278,
            0.9116527676582337,
            0.9273766875267029,
            0.9207475543022156,
            0.9023409008979797,
            0.9220078825950623,
            0.9214491724967957,
            0.9099756717681885,
            0.883090364933014,
            0.8993427515029907,
            0.8875197649002076,
            0.8985906124114991,
            0.8998689532279969,
            0.8869980096817016,
            0.9001320958137512,
            0.8835671901702881,
            0.8747713088989257,
            0.8903309226036071,
            0.8961650013923645,
            0.87903391122818,
            0.8777493596076965,
            0.8817495584487915,
            0.8778408408164978,
            0.87756187915802,
            0.8749960780143737,
            0.8749572515487671,
            0.886831772327423,
            0.8801989197731018,
            0.8730577230453491,
            0.8744118094444275,
            0.8754400968551636,
            0.8725490212440491,
            0.8825406670570374
        ],
        "val_dice": [
            0.08793222449791917,
            0.17120196085039496,
            0.24362757442480013,
            0.3184796535354692,
            0.3287533813629733,
            0.30508488153113333,
            0.35298627910276026,
            0.3790870601895714,
            0.471396945261772,
            0.4076769229195959,
            0.4523186035339338,
            0.4397984114915937,
            0.4708158495759266,
            0.4903586144197865,
            0.446766981257856,
            0.48644157951435035,
            0.49926607468202405,
            0.4707241979446477,
            0.5175191616336186,
            0.51648989239254,
            0.5176575307767038,
            0.5310308062449695,
            0.5162292030568428,
            0.5269750555730788,
            0.5230795624138216,
            0.5579923937974189,
            0.5332727928312953,
            0.5546758493533283,
            0.5444864258233394,
            0.5363279196612877,
            0.5565011062144025,
            0.5297760557326812,
            0.5541706413477188,
            0.5585631938435281,
            0.544779330519598,
            0.5333868841786061,
            0.5569934897426702,
            0.5607157414050381,
            0.5537273310690575,
            0.5616549726799454,
            0.5624005575513821,
            0.5635628422660527,
            0.5628344977167021,
            0.5518014106521633,
            0.558480278465189,
            0.5636277410452332,
            0.5630292007431786,
            0.5614924207444693,
            0.5638340371929091,
            0.5548154068236619
        ],
        "val_aji": [
            0.04598802700643726,
            0.09361447091774676,
            0.13871065776099337,
            0.18939982153953283,
            0.1967114713632702,
            0.18000009452198648,
            0.21431896688175178,
            0.2338725608754241,
            0.30838414446483164,
            0.2560265116970454,
            0.29225563127317467,
            0.2818856324278311,
            0.30788695360553187,
            0.32481794623782606,
            0.2876368039224834,
            0.3213893649101911,
            0.3326812743146616,
            0.3078085701166509,
            0.3490899499273816,
            0.34815394229131097,
            0.34921588062436437,
            0.36149893987057274,
            0.34791707999670496,
            0.3577502591295913,
            0.3541690866359238,
            0.38695523615638466,
            0.3635800783028372,
            0.3837726292092727,
            0.37408543313059966,
            0.3664262828168306,
            0.38552236417374297,
            0.3603369798175185,
            0.38328910533694543,
            0.38750446183826553,
            0.3743620070446908,
            0.3636861544633607,
            0.3859951329279491,
            0.3895795691897693,
            0.3828651007270753,
            0.3904869568926955,
            0.39120810772816283,
            0.3923337956218742,
            0.3916281714405906,
            0.38102606556236074,
            0.38742465338633675,
            0.3923967046365703,
            0.3918167307466318,
            0.39032983130687543,
            0.3925967136074289,
            0.3839062562964705
        ],