{
    "model_name": "EDGE_SAM_R8",
    "timestamp": "2026-06-17T19:58:24.792811",
    "parameters": {
        "total_parameters": 6004333,
        "trainable_parameters": 534205,
        "frozen_parameters": 5470128,
        "trainable_percentage": 8.897
    },
    "training_history": {
        "epochs": [
            1,
            2,
            3,
            4,
            5,
            6,
            7,
            8,
            9,
            10,
            11,
            12,
            13,
            14,
            15,
            16,
            17,
            18,
            19,
            20,
            21,
            22,
            23,
            24,
            25,
            26,
            27,
            28,
            29,
            30,
            31,
            32,
            33,
            34,
            35,
            36,
            37,
            38,
            39,
            40,
            41,
            42,
            43,
            44,
            45,
            46,
            47,
            48,
            49,
            50
        ],
        "train_loss": [
            1.6732939518988132,
            1.4478858821094036,
            1.294300327077508,
            1.1692819185554981,
            1.0742150153964758,
            1.0076831616461277,
            0.9695865344256163,
            0.9398361817002296,
            0.9060575347393751,
            0.8732594707980752,
            0.8448670599609613,
            0.8285576589405537,
            0.8179082926362753,
            0.803519788198173,
            0.7858942430466413,
            0.7525948463007808,
            0.7260091966018081,
            0.7058890489861369,
            0.6878050956875086,
            0.6722320867702365,
            0.6557020545005798,
            0.6387082347646356,
            0.6237853905186057,
            0.6032656878232956,
            0.563491084612906,
            0.5117520960047841,
            0.4649998848326504,
            0.4336840286850929,
            0.4026122144423425,
            0.3840001719072461,
            0.3640163713134825,
            0.3402958195656538,
            0.32407261966727674,
            0.30798753001727164,
            0.2990583365317434,
            0.29113277909345925,
            0.2752219464164227,
            0.26581763522699475,
            0.25652512162923813,
            0.25465138209983706,
            0.24331318866461515,
            0.2380871914792806,
            0.23900463921017945,
            0.23137632641009986,
            0.22753695445135236,
            0.22757279127836227,
            0.2274393558036536,
            0.22590521187521517,
            0.22668111906386912,
            0.22458361787721515
        ],
        "val_loss": [
            1.0678518056869506,
            1.0581142902374268,
            1.055695104598999,
            1.0432692408561706,
            1.0299500703811646,
            1.0100797653198241,
            0.9323584079742432,
            0.8906751275062561,
            0.8553552865982056,
            0.8499982237815857,
            0.8478772282600403,
            0.8392889857292175,
            0.8321875691413879,
            0.8238891959190369,
            0.7965009450912476,
            0.7602163434028626,
            0.7244481205940246,
            0.699715518951416,
            0.6760252118110657,
            0.6526847362518311,
            0.6207545876502991,
            0.5987661600112915,
            0.5793081998825074,
            0.5748043537139893,
            0.5683557510375976,
            0.5596880316734314,
            0.5498507618904114,
            0.52828369140625,
            0.5174885749816894,
            0.5100398540496827,
            0.5027853548526764,
            0.489993017911911,
            0.48972528576850893,
            0.4777947187423706,
            0.4778372883796692,
            0.4752985715866089,
            0.47267199158668516,
            0.4647896111011505,
            0.4675339818000793,
            0.46781176924705503,
            0.4656416893005371,
            0.46437868475914,
            0.46277448534965515,
            0.462767219543457,
            0.4616390407085419,
            0.4598457098007202,
            0.46150125861167907,
            0.45997156500816344,
            0.46269331574440004,
            0.4612542986869812
        ],
        "train_L_dice": [
            0.9454702820096698,
            0.9341905542782375,
            0.9274948579924447,
            0.924258964402335,
            0.9190422807421003,
            0.9189135687691825,
            0.9103024005889893,
            0.9002046414784023,
            0.8785130551883152,
            0.8483948622431073,
            0.825851287160601,
            0.8157883882522583,
            0.8140227454049247,
            0.7945367012705121,
            0.7708717840058463,
            0.7469734634671893,
            0.711834796837398,
            0.687995433807373,
            0.6904153909002032,
            0.657060946737017,
            0.6480887106486729,
            0.6426465000425067,
            0.6173065815653119,
            0.5913478987557548,
            0.5771770136696952,
            0.5243757792881557,
            0.4632691868713924,
            0.4288578288895743,
            0.382303672177451,
            0.367095023393631,
            0.35511380434036255,
            0.3185178424630846,
            0.3130553790501186,
            0.28657375488962444,
            0.29153756158692495,
            0.28471862418310984,
            0.2663567342928478,
            0.27346636780670713,
            0.28033460676670074,
            0.23059487342834473,
            0.2365814255816596,
            0.2251497826405934,
            0.2437395794051034,
            0.20959740664277757,
            0.20414544216224126,
            0.22000648719923838,
            0.22902095317840576,
            0.19286152294703893,
            0.22154886169092997,
            0.20345270207950047
        ],
        "train_L_pmc": [
            0.06373472066063966,
            0.21313982676448567,
            0.0246455403310912,
            0.022792714248810495,
            0.002780171709933451,
            0.0001796450066779341,
            0.0,
            0.005547128617763519,
            0.0,
            0.0,
            0.0,
            0.0,
            0.0,
            0.0,
            0.0,
            0.0,
            0.0,
            0.0,
            0.0,
            0.0,
            0.0,
            0.0,
            0.0,
            0.0,
            0.0,
            0.0,
            0.0,
            0.0,
            0.0,
            0.0,
            0.0,
            0.0,
            0.0,
            0.0,
            0.0,
            0.0,
            0.0,
            0.0,
            0.0,
            0.0,
            0.0,
            0.0,
            0.0,
            0.0,
            0.0,
            0.0,
            0.0,
            0.0,
            0.0,
            0.0
        ],