{
    "model_name": "EDGE_SAM_R8",
    "timestamp": "2026-06-15T19:02:42.308557",
    "parameters": {
        "total_parameters": 6004333,
        "trainable_parameters": 534205,
        "frozen_parameters": 5470128,
        "trainable_percentage": 8.897
    },
    "training_history": {
        "epochs": [
            1,
            2,
            3,
            4,
            5,
            6,
            7,
            8,
            9,
            10,
            11,
            12,
            13,
            14,
            15,
            16,
            17,
            18,
            19,
            20,
            21,
            22,
            23,
            24,
            25,
            26,
            27,
            28,
            29,
            30,
            31,
            32,
            33,
            34,
            35,
            36,
            37,
            38,
            39,
            40,
            41,
            42,
            43,
            44,
            45,
            46,
            47,
            48,
            49,
            50
        ],
        "train_loss": [
            1.672197250649333,
            1.448222829028964,
            1.2964055966585875,
            1.1756389737129211,
            1.0804999051615596,
            1.013977306894958,
            0.9664695700630546,
            0.9270670767873526,
            0.8978037713095546,
            0.8704416649416089,
            0.8478430882096291,
            0.8267669221386313,
            0.8122386839240789,
            0.7866922058165073,
            0.7539577400311828,
            0.7363350912928581,
            0.720432985574007,
            0.7043728614225984,
            0.6838106913492084,
            0.6650685025379062,
            0.6505696792155504,
            0.633188096806407,
            0.621675631031394,
            0.6010687304660678,
            0.5633745761588216,
            0.5117991957813501,
            0.4708081725984812,
            0.4397277529351413,
            0.40817235549911857,
            0.3862175359390676,
            0.36361635802313685,
            0.3464988060295582,
            0.32823696872219443,
            0.3111072462052107,
            0.3059795463923365,
            0.2933839955367148,
            0.2801801550667733,
            0.27302338229492307,
            0.2646985256578773,
            0.2611951206345111,
            0.2488439546432346,
            0.2431986089795828,
            0.2441014191135764,
            0.23758361977525055,
            0.23418930382467806,
            0.23328281426802278,
            0.23349317722022533,
            0.2319080955348909,
            0.23182189418002963,
            0.22830749140121043
        ],
        "val_loss": [
            1.0739006400108337,
            1.0647600293159485,
            1.0337626814842225,
            1.0173973441123962,
            1.0008432149887085,
            0.9719282627105713,
            0.935321319103241,
            0.8995643019676208,
            0.8884650111198426,
            0.8891029715538025,
            0.8718743324279785,
            0.8772361040115356,
            0.8907841801643371,
            0.8528475284576416,
            0.8248432397842407,
            0.8095200777053833,
            0.7456854462623597,
            0.7143865466117859,
            0.6694639921188354,
            0.6533000230789184,
            0.6203560113906861,
            0.6025460481643676,
            0.5916223883628845,
            0.5860741972923279,
            0.5855922818183898,
            0.576091730594635,
            0.5594731271266937,
            0.5528947412967682,
            0.5274398744106292,
            0.5369953632354736,
            0.5241129279136658,
            0.5057647943496704,
            0.5134132683277131,
            0.4954439878463745,
            0.48651517033576963,
            0.478041398525238,
            0.47549301385879517,
            0.47678302526474,
            0.4747134566307068,
            0.48032513856887815,
            0.4730843842029572,
            0.472478461265564,
            0.47255253195762636,
            0.47508740425109863,
            0.4700938701629639,
            0.4662804901599884,
            0.4700439631938934,
            0.46687532067298887,
            0.4700643002986908,
            0.46910929679870605
        ],
        "train_L_dice": [
            0.9454169188226972,
            0.9341430578913007,
            0.9288874609129769,
            0.9246346439634051,
            0.9200749482427325,
            0.9186994007655552,
            0.9104017104421344,
            0.8940333553722927,
            0.8728423629488263,
            0.8444297228540693,
            0.8268541267939976,
            0.8139005133083889,
            0.8103935463087899,
            0.7796778167997088,
            0.7410472546304975,
            0.7332133054733276,
            0.7083913598741803,
            0.6857066239629473,
            0.6877106939043317,
            0.6493905356952122,
            0.6411157846450806,
            0.6351078067507062,
            0.6139018024717059,
            0.5954076051712036,
            0.5774805290358407,
            0.5225869076592582,
            0.4715162771088736,
            0.42519380365099224,
            0.3897570329053061,
            0.37194453392710003,
            0.3526683918067387,
            0.32923651593072073,
            0.32293645824704853,
            0.2826274356671742,
            0.2996290496417454,
            0.2828065880707332,
            0.27046468215329306,
            0.27746144362858366,
            0.28624691707747324,
            0.2342127753155572,
            0.2407598410333906,
            0.23004687683922903,
            0.24749737765107835,
            0.22164706672940934,
            0.20676206052303314,
            0.2265407634632928,
            0.23580673336982727,
            0.20108080761773245,
            0.22814793246132986,
            0.2106972826378686
        ],
        "train_L_pmc": [
            0.07099281677177974,
            0.0631784653025014,
            0.12832959887704679,
            0.007557630139802184,
            0.0048679217829235965,
            0.0,
            0.0,
            0.0,
            0.0,
            0.0,
            0.0,
            0.0,
            0.0,
            0.0,
            0.0,
            0.0,
            0.0,
            0.0,
            0.0,
            0.0,
            0.0,
            0.0,
            0.0,
            0.0,
            0.0,
            0.0,
            0.0,
            0.0,
            0.0,
            0.0,
            0.0,
            0.0,
            0.0,
            0.0,
            0.0,
            0.0,
            0.0,
            0.0,
            0.0,
            0.0,
            0.0,
            0.0,
            0.0,
            0.0,
            0.0,
            0.0,
            0.0,
            0.0,
            0.0,
            0.0
        ],