{
    "model_name": "MOBILE_SAM_R2",
    "timestamp": "2026-06-17T19:29:56.998183",
    "parameters": {
        "total_parameters": 6675388,
        "trainable_parameters": 628640,
        "frozen_parameters": 6046748,
        "trainable_percentage": 9.4173
    },
    "training_history": {
        "epochs": [
            1,
            2,
            3,
            4,
            5,
            6,
            7,
            8,
            9,
            10,
            11,
            12,
            13,
            14,
            15,
            16,
            17,
            18,
            19,
            20,
            21,
            22,
            23,
            24,
            25,
            26,
            27,
            28,
            29,
            30,
            31,
            32,
            33,
            34,
            35,
            36,
            37,
            38,
            39,
            40,
            41,
            42,
            43,
            44,
            45,
            46,
            47,
            48,
            49,
            50
        ],
        "train_loss": [
            0.7027389598079026,
            0.32497349951881915,
            0.19850064016645774,
            0.15670072284410708,
            0.1348343221761752,
            0.12632079422473907,
            0.12015118476119824,
            0.11011179111665115,
            0.11426010298600886,
            0.11201120534678921,
            0.10845355376659427,
            0.10314468448632397,
            0.09755261839018203,
            0.09538417622388806,
            0.09357429458759725,
            0.09765901003265753,
            0.08925522067875136,
            0.08691176846332382,
            0.08852046437095851,
            0.08387852295709308,
            0.08281217620242387,
            0.07810193188197445,
            0.07764036930166185,
            0.07393760098784696,
            0.07477921298414003,
            0.07450622523901984,
            0.07213459395279642,
            0.07116075142403133,
            0.07238229202630464,
            0.0773577184882015,
            0.0687121789669618,
            0.06759050679102074,
            0.06799284723820165,
            0.06646927195833996,
            0.06426668683707248,
            0.06600581812381279,
            0.0660300900490256,
            0.0635561071394477,
            0.06290270772296935,
            0.06300783998449333,
            0.06276500067906454,
            0.06286855327198282,
            0.06157796646584757,
            0.0610244951385539,
            0.06241532009153161,
            0.06048267004371155,
            0.06205356094869785,
            0.06147183022403624,
            0.06201643506938126,
            0.06134363803721499
        ],
        "val_loss": [
            0.5721640123261346,
            0.5065340532196893,
            0.38204018274943036,
            0.3417326675521003,
            0.29429386887285447,
            0.30673715472221375,
            0.30940897431638503,
            0.32103193634086186,
            0.29186328914430404,
            0.2678450296322505,
            0.28395720074574154,
            0.28317538400491077,
            0.2672838659750091,
            0.29072342647446525,
            0.2807185600201289,
            0.286257513695293,
            0.25829459892378914,
            0.263478670683172,
            0.2766740661528375,
            0.2550285855929057,
            0.25609711392058265,
            0.26886723438898724,
            0.25034499913454056,
            0.24332337412569258,
            0.23383252571026483,
            0.24991198629140854,
            0.2542314396964179,
            0.25426481912533444,
            0.2396588631802135,
            0.24908574587768978,
            0.24469806253910065,
            0.24629735781086814,
            0.24309779124127495,
            0.24457221892144945,
            0.24525827169418335,
            0.25356486108567977,
            0.2424361010392507,
            0.23756664080752266,
            0.23529978427622053,
            0.23043302529388004,
            0.22967727151181963,
            0.23603105379475486,
            0.2324343795577685,
            0.23245517909526825,
            0.23186250858836704,
            0.23137161797947353,
            0.2304212608271175,
            0.2320719775226381,
            0.23311382863256666,
            0.23034458855787912
        ],
        "train_L_dice": [
            0.7711220933840826,
            0.39933803792183215,
            0.34523519758994764,
            0.2967142921227675,
            0.2753483847929881,
            0.23391844848027596,
            0.21694414088359246,
            0.22796574578835413,
            0.23319537135270926,
            0.23181105118531448,
            0.24226495107779136,
            0.2288178698374675,
            0.21026660215396148,
            0.2007389859511302,
            0.19405186405548683,
            0.20731278508901596,
            0.2247275343308082,
            0.17787749148332155,
            0.20599724638920563,
            0.19576250876371676,
            0.18871670904067847,
            0.18720953109172675,
            0.19423392415046692,
            0.19391845969053415,
            0.2128493877557608,
            0.19203184659664446,
            0.20008837832854345,
            0.16885147472986808,
            0.19484833570627066,
            0.1880624878865022,
            0.18412896933463904,
            0.17441906951940978,
            0.21780944844851127,
            0.20460347487376288,
            0.1976245200404754,
            0.18399211764335632,
            0.19290951295540884,
            0.19193525784290755,
            0.2063946769787715,
            0.1723818572667929,
            0.2109244053180401,
            0.1818506161753948,
            0.1799820248897259,
            0.18566886278299186,
            0.1757073041338187,
            0.20197883592202112,
            0.1908209020128617,
            0.17839027883914801,
            0.1850249572442128,
            0.1725364952133252
        ],
        "train_L_pmc": [
            0.47445360420701593,
            0.03846153932122084,
            0.04038461634459404,
            0.03557692367870074,
            0.042307693224686846,
            0.032692308680942424,
            0.03461538513119404,
            0.035576923965261534,
            0.03846153939286104,
            0.03846153939286104,
            0.040384616487874433,
            0.039423077940367736,
            0.03365384722844912,
            0.03461538548939503,
            0.03653846208292704,
            0.03461538520283424,
            0.03557692382198114,
            0.045192308365725554,
            0.039423077868727535,
            0.03846153924958064,
            0.037500000487153344,
            0.03269230846602183,
            0.039423078226928525,
            0.04134615474882034,
            0.04230769329632704,
            0.03942307743888635,
            0.03846153939286104,
            0.03269230846602183,
            0.03846153910630024,
            0.037500000845354334,
            0.03653846208292704,
            0.029807693110062525,
            0.04423077031970024,
            0.04326923148563275,
            0.04230769329632704,
            0.03653846222620744,
            0.04134615467718014,
            0.03846153924958064,
            0.04615384691323225,
            0.03461538520283424,
            0.04326923205875433,
            0.04134615496374094,
            0.03269230853766203,
            0.04326923191547394,
            0.035576923965261534,
            0.042307693081406444,
            0.04326923155727295,
            0.040384616201313644,
            0.039423077223965756,
            0.04038461634459404
        ],