{
    "model_name": "MOBILE_SAM_R2",
    "timestamp": "2026-06-15T18:28:48.825172",
    "parameters": {
        "total_parameters": 6675388,
        "trainable_parameters": 628640,
        "frozen_parameters": 6046748,
        "trainable_percentage": 9.4173
    },
    "training_history": {
        "epochs": [
            1,
            2,
            3,
            4,
            5,
            6,
            7,
            8,
            9,
            10,
            11,
            12,
            13,
            14,
            15,
            16,
            17,
            18,
            19,
            20,
            21,
            22,
            23,
            24,
            25,
            26,
            27,
            28,
            29,
            30,
            31,
            32,
            33,
            34,
            35,
            36,
            37,
            38,
            39,
            40,
            41,
            42,
            43,
            44,
            45,
            46,
            47,
            48,
            49,
            50
        ],
        "train_loss": [
            0.6974206808954477,
            0.32392304262612015,
            0.23217711187317036,
            0.20391374365135562,
            0.19612636862439103,
            0.18042882398003712,
            0.18755988986231387,
            0.17940246092621237,
            0.17464385184575804,
            0.17874094282160513,
            0.17431469200528227,
            0.17267581552732736,
            0.16617770231096074,
            0.16891171294264495,
            0.16716633351461496,
            0.16783208854030818,
            0.16639861083240248,
            0.16367558971978724,
            0.16247215555631556,
            0.16261275214492343,
            0.1612716072704643,
            0.1611919369752286,
            0.15985817601904273,
            0.15855537494644523,
            0.15810815172153525,
            0.15734102767601144,
            0.1575565394887235,
            0.1572603560052812,
            0.15897568259970285,
            0.15615136447013356,
            0.15526873982162215,
            0.154731567541603,
            0.15471317888295744,
            0.15715978317894042,
            0.15478619608620647,
            0.15699821583984885,
            0.1549214216065593,
            0.15528174189967103,
            0.1546998337144032,
            0.15373105520848185,
            0.15391256974544376,
            0.1539484516979428,
            0.1537066506280098,
            0.153153613282484,
            0.1537125288741663,
            0.15341465898382012,
            0.1533946533454582,
            0.1533333752740873,
            0.15354603037121706,
            0.1536193382780766
        ],
        "val_loss": [
            0.5996199912495084,
            0.5271866619586945,
            0.45633283257484436,
            0.4126017822159661,
            0.4195708218548033,
            0.45804454055097366,
            0.4380553977357017,
            0.4051077796353234,
            0.441392441590627,
            0.37765785886181724,
            0.39645612405406105,
            0.3801826884349187,
            0.37152951127953,
            0.3856204566028383,
            0.38941052390469444,
            0.3770480578144391,
            0.37355368832747143,
            0.36709392070770264,
            0.3719097483489249,
            0.3781014945771959,
            0.371808002392451,
            0.37211283793052036,
            0.36513568626509774,
            0.3703417604168256,
            0.3684876528051164,
            0.3666727849178844,
            0.3803957261972957,
            0.36836280756526524,
            0.36549664785464603,
            0.3634222290582127,
            0.36242466006014085,
            0.36162953327099484,
            0.3619560781452391,
            0.3615087585316764,
            0.364302643471294,
            0.36309482405583066,
            0.3623485498958164,
            0.3607965972688463,
            0.3639661802185906,
            0.36160087171528077,
            0.3622222062614229,
            0.3615686669945717,
            0.361987146238486,
            0.36220687958929276,
            0.3619931514064471,
            0.3629717744059033,
            0.36239222023222184,
            0.3624432898230023,
            0.36108198430803085,
            0.36256629559728837
        ],
        "train_L_dice": [
            0.7594919731983771,
            0.41833407145280105,
            0.36461455546892607,
            0.3353576442370048,
            0.3480066874852547,
            0.3063145474745677,
            0.2922746619352928,
            0.2950429939306699,
            0.3085402353451802,
            0.3039724242228728,
            0.3209462280456836,
            0.3049691663338588,
            0.2701096190856053,
            0.2667421790269705,
            0.2569644141655702,
            0.27003392347922694,
            0.25865861429617953,
            0.2816016421868251,
            0.28591354535176206,
            0.28818509785028606,
            0.2758298871608881,
            0.2850206093146251,
            0.2661143048451497,
            0.2533652690740732,
            0.30370749762425053,
            0.30106807442811817,
            0.27483149560598225,
            0.2683073247854526,
            0.29463887558533597,
            0.28879263882453626,
            0.2667365910915228,
            0.25540827902463764,
            0.2688529697748331,
            0.3019918753550603,
            0.2836588999399772,
            0.28404948573846084,
            0.2934790345338675,
            0.28729203744576526,
            0.2992374725066699,
            0.2729311493726877,
            0.3158850773022725,
            0.2751020147250249,
            0.2538322118612436,
            0.27506704743091875,
            0.2761364132165909,
            0.30138393892691684,
            0.27263182401657104,
            0.2739546293249497,
            0.2829640702559398,
            0.2617522237392572
        ],
        "train_L_pmc": [
            0.4745062763731067,
            0.03750000077371414,
            0.03942307779708734,
            0.03365384679860794,
            0.04038461634459404,
            0.03365384722844912,
            0.035576923965261534,
            0.034615385417754836,
            0.03846153939286104,
            0.03653846236948784,
            0.03750000106027493,
            0.04134615503538113,
            0.03557692403690173,
            0.03557692403690173,
            0.034615385059553846,
            0.03846153903466005,
            0.03653846236948784,
            0.04423076996149925,
            0.03846153939286104,
            0.037500000630433745,
            0.03846153917794044,
            0.03173076999015533,
            0.03942307815528833,
            0.04134615474882034,
            0.04134615460553995,
            0.03846153903466005,
            0.037500000916994534,
            0.03173076991851513,
            0.037500000558793545,
            0.03846153924958064,
            0.03653846208292704,
            0.029807693110062525,
            0.04230769329632704,
            0.04230769300976625,
            0.04230769329632704,
            0.03557692353542034,
            0.040384616201313644,
            0.037500000845354334,
            0.044230770104779646,
            0.034615385346114635,
            0.04230769336796724,
            0.04134615496374094,
            0.03269230853766203,
            0.04326923191547394,
            0.034615385417754836,
            0.042307693224686846,
            0.04326923155727295,
            0.03942307772544714,
            0.04134615431897915,
            0.039423077868727535
        ],