{
    "model_name": "MOBILE_SAM_R2",
    "timestamp": "2026-05-20T19:16:30.281057",
    "parameters": {
        "total_parameters": 6675388,
        "trainable_parameters": 610432,
        "frozen_parameters": 6064956,
        "trainable_percentage": 9.1445
    },
    "memory": {},
    "latency": {},
    "training_time": {
        "total_seconds": 1803.79,
        "total_minutes": 30.06,
        "total_hours": 0.5011
    },
    "evaluation_results": {},
    "training_history": {
        "epochs": [
            1,
            2,
            3,
            4,
            5,
            6,
            7,
            8,
            9,
            10,
            11,
            12,
            13,
            14,
            15,
            16,
            17,
            18,
            19,
            20,
            21,
            22,
            23,
            24,
            25,
            26,
            27,
            28,
            29,
            30,
            31,
            32,
            33,
            34,
            35,
            36,
            37,
            38,
            39,
            40,
            41,
            42,
            43,
            44,
            45,
            46,
            47,
            48,
            49,
            50
        ],
        "train_loss": [
            1.6227960539981723,
            0.6891725657042116,
            0.5262871577870101,
            0.4461266107391566,
            0.3781934656435624,
            0.34417112229857594,
            0.31927655008621514,
            0.3001349704572931,
            0.29442620126064867,
            0.2678807344054803,
            0.283512567053549,
            0.25526220322353765,
            0.24957247474230826,
            0.23659834836144,
            0.22871919412864372,
            0.21998395497212186,
            0.21998807619092986,
            0.21109202184015885,
            0.20717302296543494,
            0.21171931200660765,
            0.20224634726764634,
            0.19725405424833298,
            0.19546143530169502,
            0.1967587762628682,
            0.19583517796127126,
            0.18951246852520853,
            0.18820149631937966,
            0.18314868095330894,
            0.18199145764810964,
            0.18447003507753834,
            0.17896177363581955,
            0.17686304613016546,
            0.1774975773296319,
            0.1743546780780889,
            0.17416732880519703,
            0.17390779766719788,
            0.1728660060907714,
            0.1737222481169738,
            0.17462475976208225,
            0.16810118220746517,
            0.16957539203576744,
            0.1678142577293329,
            0.16986856592120603,
            0.166870768123772,
            0.16726941394153982,
            0.16805274947546422,
            0.1678742817020975,
            0.1688681451487355,
            0.16804743942338973,
            0.16886055655777454
        ],
        "val_loss": [
            1.087598568863339,
            0.9837750924958123,
            0.8623719414075216,
            0.6853117015626695,
            0.6208594838778178,
            0.5771988133589426,
            0.5579184161292182,
            0.528682702117496,
            0.5386583076583015,
            0.5366166068447961,
            0.49359366297721863,
            0.5233921806017557,
            0.5145268075995975,
            0.5034196078777313,
            0.4549171229203542,
            0.4686839150057899,
            0.45055244035191006,
            0.41913074254989624,
            0.42875657810105217,
            0.435897085401747,
            0.43031736214955646,
            0.4096386200851864,
            0.41439377930429244,
            0.42213378681076896,
            0.41196002893977696,
            0.3998189502292209,
            0.40255311131477356,
            0.38738072911898297,
            0.3972816533512539,
            0.4033539957470364,
            0.3960072762436337,
            0.39071086049079895,
            0.39182593093978035,
            0.3981867829958598,
            0.3827337721983592,
            0.38305162058936226,
            0.39097487264209324,
            0.37773501210742527,
            0.38985491461224026,
            0.37869511047999066,
            0.3766265246603224,
            0.3776358399126265,
            0.3795367313755883,
            0.3771332800388336,
            0.3768366475900014,
            0.3817639152208964,
            0.3780738082196977,
            0.3768599596288469,
            0.37914247976409066,
            0.37786465220981175
        ],
        "val_dice": [
            0.5191928351492013,
            0.5464408803210552,
            0.6532951681987464,
            0.7619020561085819,
            0.7933458341719971,
            0.8164132348361112,
            0.831810862883208,
            0.8432668709225569,
            0.8418714418841714,
            0.8540402670256392,
            0.8579026642468232,
            0.8646789296206783,
            0.8571480237764365,
            0.8540327635463653,
            0.8680903278313273,
            0.8660919887548398,
            0.873069477458944,
            0.8768449035616982,
            0.8796217075945368,
            0.8748915079222077,
            0.8796915487693708,
            0.8816511960659735,
            0.8819457020642647,
            0.8768597046800439,
            0.882794449399845,
            0.8850101284898177,
            0.8874034658860898,
            0.8871965173703436,
            0.8854026988263072,
            0.8894184908904947,
            0.8876975384671938,
            0.8867110243967516,
            0.889378051814686,
            0.8896257052151141,
            0.8909288645264856,
            0.8908708664038947,
            0.8918957422350343,
            0.8896132772344482,
            0.8912755581348878,
            0.89085908853598,
            0.8928938092728387,
            0.8923843759521082,
            0.8916484556562465,
            0.8942262322346951,
            0.8928038383345611,
            0.8918537785268722,
            0.8932546057672414,
            0.8929087724189266,
            0.8911197299911356,
            0.8921345353393022
        ],
        "val_aji": [
            0.3506147508419935,
            0.37593302736922785,
            0.4851064262723011,
            0.615381085048794,
            0.6574757346713382,
            0.6897789489248505,
            0.7120515304021751,
            0.7290072789694436,
            0.7269239981905125,
            0.7452620213879252,
            0.7511642286434925,
            0.7616162090004905,
            0.7500079114434344,
            0.7452505938907085,
            0.7669254439429931,
            0.7638115086635398,
            0.7747323015888379,
            0.7806979698015961,
            0.7851113445852118,
            0.7776063500387445,
            0.7852226302524566,
            0.7883508194979781,
            0.7888218878927453,
            0.7807214364348376,
            0.7901808659343073,
            0.793738267138811,
            0.7975968274904183,
            0.7972625276781278,
            0.7943700365091145,
            0.8008583643749434,
            0.7980720794629043,
            0.796478761425152,
            0.8007927929642247,
            0.8011944345194538,
            0.8033108391610122,
            0.8032165411753664,
            0.804884320211871,
            0.8011742746876144,
            0.8038747271013267,
            0.8031973929805573,
            0.8065114410446704,
            0.8056805597331685,
            0.8044816287815838,
            0.8086882310853393,
            0.8063646436342499,
            0.8048159721568832,
            0.8071003596870463,
            0.8065358573655016,
            0.8036212331417998,
            0.8052733511397371
        ],