{
    "model_name": "EDGE_SAM_R16",
    "timestamp": "2026-06-15T19:19:51.097361",
    "parameters": {
        "total_parameters": 6316661,
        "trainable_parameters": 846533,
        "frozen_parameters": 5470128,
        "trainable_percentage": 13.4016
    },
    "training_history": {
        "epochs": [
            1,
            2,
            3,
            4,
            5,
            6,
            7,
            8,
            9,
            10,
            11,
            12,
            13,
            14,
            15,
            16,
            17,
            18,
            19,
            20,
            21,
            22,
            23,
            24,
            25,
            26,
            27,
            28,
            29,
            30,
            31,
            32,
            33,
            34,
            35,
            36,
            37,
            38,
            39,
            40,
            41,
            42,
            43,
            44,
            45,
            46,
            47,
            48,
            49,
            50
        ],
        "train_loss": [
            1.6650559213012457,
            1.4382113683968782,
            1.291631992906332,
            1.1713005164638162,
            1.0767120560631156,
            1.0081064403057098,
            0.9660575026646256,
            0.9418377596884966,
            0.9205657420679927,
            0.8938155332580209,
            0.8621551133692265,
            0.8422392131760716,
            0.8195274751633406,
            0.794298006221652,
            0.7668805727735162,
            0.7403895799070597,
            0.7184103019535542,
            0.7003512652590871,
            0.6779272714629769,
            0.6563301282003522,
            0.6397254979237914,
            0.6263035573065281,
            0.6120164711028337,
            0.5991141339763999,
            0.5783630944788456,
            0.5349813108332455,
            0.48473891895264387,
            0.44459268450737,
            0.4055791534483433,
            0.37911334820091724,
            0.35354351066052914,
            0.33577773394063115,
            0.32419290975667536,
            0.30320345028303564,
            0.2903116615489125,
            0.2801182398106903,
            0.2666294379159808,
            0.24931924231350422,
            0.23457907559350133,
            0.22960124141536653,
            0.22589611960574985,
            0.21300348150543869,
            0.20929790358059108,
            0.20756080700084567,
            0.20524697075597942,
            0.20393506134860218,
            0.20015362510457635,
            0.20438065100461245,
            0.2030951869674027,
            0.2003329920116812
        ],
        "val_loss": [
            1.072866690158844,
            1.044902229309082,
            1.055479681491852,
            1.038294792175293,
            1.0361356258392334,
            1.0208029747009277,
            0.9647330522537232,
            0.9230257272720337,
            0.8796853303909302,
            0.8670445322990418,
            0.8601378321647644,
            0.8463636636734009,
            0.835621964931488,
            0.8063693165779113,
            0.7789908647537231,
            0.7390750885009766,
            0.7067858815193176,
            0.6814935564994812,
            0.6439248442649841,
            0.6116757154464721,
            0.5946736812591553,
            0.5757376790046692,
            0.5673594236373901,
            0.5597561001777649,
            0.5591612100601197,
            0.5579718470573425,
            0.545742642879486,
            0.5276123821735382,
            0.5182374835014343,
            0.5074557006359101,
            0.5087305009365082,
            0.5076208889484406,
            0.49034689664840697,
            0.4882941782474518,
            0.4780836164951324,
            0.47993226647377013,
            0.4781514883041382,
            0.4692122995853424,
            0.4670484781265259,
            0.46364529728889464,
            0.4663165211677551,
            0.4599653363227844,
            0.46299293637275696,
            0.46243939995765687,
            0.4604735791683197,
            0.4617064893245697,
            0.4587641775608063,
            0.4605610132217407,
            0.45944659113883973,
            0.4594742715358734
        ],
        "train_L_dice": [
            0.9442504303795951,
            0.9328738706452506,
            0.9284457053456988,
            0.9247805987085614,
            0.9223183819225856,
            0.9187928523336139,
            0.9128133995192391,
            0.9038891536848885,
            0.8892187305859157,
            0.8645162241799491,
            0.8461106164114816,
            0.8248284459114075,
            0.8072462848254612,
            0.7845867616789681,
            0.7561884522438049,
            0.7230036854743958,
            0.7033702901431492,
            0.6969273090362549,
            0.670165308884212,
            0.649655989238194,
            0.636386581829616,
            0.6246936747006008,
            0.6143698862620762,
            0.6091128758021763,
            0.5834316526140485,
            0.529544221503394,
            0.4746207126549312,
            0.4310840197971889,
            0.38277888723782133,
            0.3726153416293008,
            0.34935955916132244,
            0.3331332079001835,
            0.3294907510280609,
            0.2906698222671236,
            0.2652776283877237,
            0.27773916508470264,
            0.27006719367844717,
            0.22587730203356063,
            0.23776531219482422,
            0.2139473898070199,
            0.20890474319458008,
            0.21771822444030217,
            0.2029862105846405,
            0.20540484147412436,
            0.20214783719607762,
            0.20616862390722548,
            0.18773311589445388,
            0.17526371777057648,
            0.18916669913700648,
            0.18451645970344543
        ],
        "train_L_pmc": [
            0.02036392316222191,
            0.023273434290396317,
            0.07988543941506318,
            0.009405572233455521,
            0.05275789595076016,
            0.013580124958285264,
            0.0,
            0.0,
            0.0,
            0.0,
            0.0,
            0.0,
            0.0,
            0.0,
            0.0,
            0.0,
            0.0,
            0.0,
            0.0,
            0.0,
            0.0,
            0.0,
            0.0,
            0.0,
            0.0,
            0.0,
            0.0,
            0.0,
            0.0,
            0.0,
            0.0,
            0.0,
            0.0,
            0.0,
            0.0,
            0.0,
            0.0,
            0.0,
            0.0,
            0.0,
            0.0,
            0.0,
            0.0,
            0.0,
            0.0,
            0.0,
            0.0,
            0.0,
            0.0,
            0.0
        ],