{
    "model_name": "EDGE_SAM_R16",
    "timestamp": "2026-06-17T20:14:43.365943",
    "parameters": {
        "total_parameters": 6316661,
        "trainable_parameters": 846533,
        "frozen_parameters": 5470128,
        "trainable_percentage": 13.4016
    },
    "training_history": {
        "epochs": [
            1,
            2,
            3,
            4,
            5,
            6,
            7,
            8,
            9,
            10,
            11,
            12,
            13,
            14,
            15,
            16,
            17,
            18,
            19,
            20,
            21,
            22,
            23,
            24,
            25,
            26,
            27,
            28,
            29,
            30,
            31,
            32,
            33,
            34,
            35,
            36,
            37,
            38,
            39,
            40,
            41,
            42,
            43,
            44,
            45,
            46,
            47,
            48,
            49,
            50
        ],
        "train_loss": [
            1.6615070346742868,
            1.4320424776524305,
            1.2862200159579515,
            1.1762366592884064,
            1.0810966305434704,
            1.0125934956595302,
            0.9694964373484254,
            0.9423193614929914,
            0.9193936539813876,
            0.890155678614974,
            0.8567380513995886,
            0.8302355380728841,
            0.8067393600940704,
            0.7764134556055069,
            0.7472995044663548,
            0.7271000267937779,
            0.7120619667693973,
            0.6968460576608777,
            0.6781396539881825,
            0.6595736984163523,
            0.6405350109562278,
            0.6263111690059304,
            0.6130615677684546,
            0.5919361934065819,
            0.5548621569760144,
            0.5029386477544904,
            0.45826086308807135,
            0.43119786493480206,
            0.4038845761679113,
            0.3846382088959217,
            0.36901532439514995,
            0.3579937433823943,
            0.35052051465027034,
            0.3353688092902303,
            0.3258246388286352,
            0.31957940314896405,
            0.30784066719934344,
            0.29630779614672065,
            0.2844326887279749,
            0.28102704719640315,
            0.2772477502003312,
            0.2665165981743485,
            0.26312854466959834,
            0.2612839904613793,
            0.2594460768159479,
            0.25671627884730697,
            0.25522438366897404,
            0.25795967620797455,
            0.2577439262531698,
            0.2567981325555593
        ],
        "val_loss": [
            1.0922561645507813,
            1.0791361689567567,
            1.057062602043152,
            1.0404938220977784,
            1.027694320678711,
            1.0139786720275878,
            0.9642258882522583,
            0.8998710155487061,
            0.8622386455535889,
            0.858317232131958,
            0.848616361618042,
            0.8382178544998169,
            0.8228103876113891,
            0.7692607283592224,
            0.7431581497192383,
            0.7248193025588989,
            0.6915132999420166,
            0.6737315654754639,
            0.6392292380332947,
            0.6207500100135803,
            0.5867661237716675,
            0.5687584400177002,
            0.5666826367378235,
            0.5705618262290955,
            0.5715079188346863,
            0.5694076538085937,
            0.5725857734680175,
            0.556879711151123,
            0.5512457847595215,
            0.5463802695274353,
            0.5459230303764343,
            0.5416520893573761,
            0.5292333841323853,
            0.5274446129798889,
            0.5184130907058716,
            0.5194689869880676,
            0.5160220682621002,
            0.5178201496601105,
            0.5128518640995026,
            0.5047224223613739,
            0.507944005727768,
            0.5043652057647705,
            0.4999785602092743,
            0.5017409443855285,
            0.5013547241687775,
            0.5014401912689209,
            0.4971684217453003,
            0.5000533163547516,
            0.4986659109592438,
            0.49869421124458313
        ],
        "train_L_dice": [
            0.9443932345935276,
            0.9327249016080584,
            0.9295856782368251,
            0.9254354664257595,
            0.9232536384037563,
            0.919689450945173,
            0.9128872667040143,
            0.903045117855072,
            0.8873975021498544,
            0.8610492774418422,
            0.8437526140894208,
            0.8175934893744332,
            0.7966233917645046,
            0.764482489653996,
            0.7359322479793003,
            0.7093453577586583,
            0.6972622530800956,
            0.6944133809634617,
            0.6743375488689968,
            0.6545251096997943,
            0.6434149060930524,
            0.6252834371158055,
            0.6149348616600037,
            0.6058998448508126,
            0.5530103530202594,
            0.49581677998815266,
            0.45409625342914034,
            0.41762288979121615,
            0.3937896362372807,
            0.3775914524282728,
            0.36838094677243916,
            0.3596723675727844,
            0.34804947887148174,
            0.3269969182355063,
            0.2916243587221418,
            0.31298565438815523,
            0.31867462183747974,
            0.2702817512410028,
            0.2861057881798063,
            0.2520396560430527,
            0.2581288665533066,
            0.27202271137918743,
            0.2652365416288376,
            0.2569842849458967,
            0.24831571110657283,
            0.25449072463171823,
            0.25178319428648266,
            0.23842985502311162,
            0.23801083862781525,
            0.24152996923242295
        ],
        "train_L_pmc": [
            0.029560075274535587,
            0.01774466423583882,
            0.020124994883579866,
            0.0031126498776887146,
            0.016256823736642088,
            0.00017637526616454124,
            0.005257756582328251,
            0.00615741206066949,
            0.0,
            0.0,
            0.0,
            0.0,
            0.0,
            0.0,
            0.0,
            0.0,
            0.0,
            0.0,
            0.0,
            0.0,
            0.0,
            0.0,
            0.0,
            0.0,
            0.0,
            0.0,
            0.0,
            0.0,
            0.0,
            0.0,
            0.0,
            0.0,
            0.0,
            0.0,
            0.0,
            0.0,
            0.0,
            0.0,
            0.0,
            0.0,
            0.0,
            0.0,
            0.0,
            0.0,
            0.0,
            0.0,
            0.0,
            0.0,
            0.0,
            0.0
        ],