{
    "model_name": "EDGE_SAM_R16",
    "timestamp": "2026-05-20T19:27:20.056496",
    "parameters": {
        "total_parameters": 5714117,
        "trainable_parameters": 196997,
        "frozen_parameters": 5517120,
        "trainable_percentage": 3.4475
    },
    "memory": {},
    "latency": {},
    "training_time": {
        "total_seconds": 210.28,
        "total_minutes": 3.5,
        "total_hours": 0.0584
    },
    "evaluation_results": {},
    "training_history": {
        "epochs": [
            1,
            2,
            3,
            4,
            5,
            6,
            7,
            8,
            9,
            10,
            11,
            12,
            13,
            14,
            15,
            16,
            17,
            18,
            19,
            20,
            21,
            22,
            23,
            24,
            25,
            26,
            27,
            28,
            29,
            30,
            31,
            32,
            33,
            34,
            35,
            36,
            37,
            38,
            39,
            40,
            41,
            42,
            43,
            44,
            45,
            46,
            47,
            48,
            49,
            50
        ],
        "train_loss": [
            1.067926725372672,
            0.623756677377969,
            0.578601845074445,
            0.5459568109363317,
            0.5273935641162097,
            0.5129781900905073,
            0.49773198552429676,
            0.4868539832532406,
            0.4770273957401514,
            0.4664609166793525,
            0.4606970860622823,
            0.45331678772345185,
            0.44371360540390015,
            0.439475204795599,
            0.4375591017305851,
            0.4304853919893503,
            0.42420904501341283,
            0.4209433915093541,
            0.4182971674017608,
            0.4152775537222624,
            0.40962879499420524,
            0.40971126453951,
            0.40421102102845907,
            0.4038857005070895,
            0.39854729478247464,
            0.3953506399411708,
            0.39291185047477484,
            0.3953955478500575,
            0.39160348498262465,
            0.38871865603141487,
            0.38914348860271275,
            0.3867203702684492,
            0.3837633696384728,
            0.3848417045082897,
            0.38258658442646265,
            0.38290677266195416,
            0.38301237067207694,
            0.3797870250418782,
            0.38041085354052484,
            0.3795173664111644,
            0.3770707012154162,
            0.37618420785292983,
            0.3755293437279761,
            0.37816580408252776,
            0.3772652461193502,
            0.3768296192865819,
            0.3760752393864095,
            0.37710032938048244,
            0.37796155270189047,
            0.3751503354869783
        ],
        "val_loss": [
            1.3171840190887452,
            1.2491544842720033,
            1.1607220649719239,
            1.1221128940582275,
            1.066475760936737,
            1.0773336052894593,
            1.0276085138320923,
            1.0204186201095582,
            1.012476396560669,
            0.9895508766174317,
            0.9929754495620727,
            0.9480034589767456,
            0.9465161323547363,
            0.9351929426193237,
            0.9256653189659119,
            0.9232873558998108,
            0.9116760134696961,
            0.9223293781280517,
            0.9118651151657104,
            0.8898428440093994,
            0.8917287468910218,
            0.885610818862915,
            0.8928609371185303,
            0.892259955406189,
            0.8736351251602172,
            0.8768229007720947,
            0.8841886520385742,
            0.8788333296775818,
            0.8882209897041321,
            0.8557110548019409,
            0.8546982526779174,
            0.8655051946640014,
            0.8636101007461547,
            0.8620851516723633,
            0.867920207977295,
            0.8566506028175354,
            0.8440731406211853,
            0.8451573014259338,
            0.8541656970977783,
            0.850303304195404,
            0.8601208925247192,
            0.8556086301803589,
            0.855841338634491,
            0.8515444159507751,
            0.8573833227157592,
            0.857191002368927,
            0.8487877726554871,
            0.8503977656364441,
            0.8536663770675659,
            0.8551263570785522
        ],
        "val_dice": [
            0.08385676352126226,
            0.17250408817344864,
            0.2610449681779776,
            0.30890620079466796,
            0.3634888021213184,
            0.36246272973041244,
            0.3991297738012993,
            0.40716575550798595,
            0.40639914592021154,
            0.44555524812604935,
            0.4296728500078025,
            0.502382636793496,
            0.5218758291409216,
            0.5105023734047733,
            0.5165483572618852,
            0.5226632138158904,
            0.5423734363743562,
            0.5270478297530026,
            0.5139154924391153,
            0.55156041970555,
            0.5488228410600291,
            0.5595673308506794,
            0.5613886427649094,
            0.5549166294940481,
            0.5701628126402914,
            0.5741796922764042,
            0.5525712344207055,
            0.5660829143740723,
            0.5436131912396649,
            0.572895909865731,
            0.5795958546915744,
            0.5736209904874104,
            0.5755563103392359,
            0.5705804575954899,
            0.572783314252676,
            0.5777602287129601,
            0.5959004657949929,
            0.5889217720737081,
            0.5858588271833551,
            0.5871438393152414,
            0.5772858982809735,
            0.5839461595062371,
            0.5812473319754154,
            0.5853180561421248,
            0.5796985905557112,
            0.5802106725650508,
            0.5892312789335871,
            0.5868303347669831,
            0.5845150971628101,
            0.5830256574095674
        ],
        "val_aji": [
            0.04376330637754061,
            0.0943936930622415,
            0.15011599690675725,
            0.18266650906048718,
            0.2221120164606845,
            0.221346247386935,
            0.24932050535354558,
            0.25562343157548356,
            0.25501940770161596,
            0.286633055043557,
            0.2736199587518707,
            0.33545460218080264,
            0.3530662981024213,
            0.3427346001025267,
            0.3482070748922145,
            0.3537874496213614,
            0.3720935457057543,
            0.357817341526186,
            0.34581848463154413,
            0.3807962908562803,
            0.3781914824658121,
            0.3884717021734505,
            0.3902295362410195,
            0.38400319373944825,
            0.39876065448622117,
            0.40270130055386766,
            0.38176057265212476,
            0.3947807861756329,
            0.373261545607096,
            0.40143947020138787,
            0.40804996001030747,
            0.40215187314304846,
            0.40405690622723756,
            0.3991693415886051,
            0.4013289081978165,
            0.4062326482335155,
            0.42440044404144867,
            0.41735586335222946,
            0.4142859556351522,
            0.4155722681852328,
            0.40576381268974454,
            0.4123756758448004,
            0.4096889789710316,
            0.4137453359629024,
            0.4081518096799814,
            0.408659694331755,
            0.41766681535736433,
            0.41525823063165196,
            0.4129433637838277,
            0.41145816115746764
        ],