{
    "model_name": "MOBILENET_UNET_R4",
    "timestamp": "2026-06-16T02:25:33.506129",
    "parameters": {
        "total_parameters": 7698089,
        "trainable_parameters": 5508905,
        "frozen_parameters": 2189184,
        "trainable_percentage": 71.562
    },
    "training_history": {
        "epochs": [
            1,
            2,
            3,
            4,
            5,
            6,
            7,
            8,
            9,
            10,
            11,
            12,
            13,
            14,
            15,
            16,
            17,
            18,
            19,
            20,
            21,
            22,
            23,
            24,
            25,
            26,
            27,
            28,
            29,
            30,
            31,
            32,
            33,
            34,
            35,
            36,
            37,
            38,
            39,
            40,
            41,
            42,
            43,
            44,
            45,
            46,
            47,
            48,
            49,
            50
        ],
        "train_loss": [
            1.3400749042630196,
            0.846111704595387,
            0.7579431273043156,
            0.5553685990162194,
            0.49688034784048796,
            0.4855035557411611,
            0.4769628560170531,
            0.4758493327535689,
            0.4682174907065928,
            0.39329984271898866,
            0.2878468809649348,
            0.26535116881132126,
            0.2634980393340811,
            0.2610224289819598,
            0.2570928893983364,
            0.25876229093410075,
            0.2546350350603461,
            0.2536138293799013,
            0.24802952725440264,
            0.24785248353146017,
            0.24678561324253678,
            0.2447889057220891,
            0.24591745948418975,
            0.24305182695388794,
            0.2403667790349573,
            0.24120070808567107,
            0.23931834218092263,
            0.24152763513848186,
            0.23947546328417957,
            0.23902548011392355,
            0.23773159517440945,
            0.23690549191087484,
            0.23614010866731405,
            0.237618766608648,
            0.23992454633116722,
            0.2377559789456427,
            0.2358982926234603,
            0.23620021669194102,
            0.23433755023870617,
            0.23391921550501138,
            0.23445850983262062,
            0.2341120894998312,
            0.23366861429531127,
            0.23301684064790606,
            0.23412884294521064,
            0.23315936024300754,
            0.2332755287643522,
            0.23470980452839285,
            0.23362179438117892,
            0.23321529431268573
        ],
        "val_loss": [
            0.9651398062705994,
            0.8316615343093872,
            0.8197750926017762,
            0.7994737505912781,
            0.801140296459198,
            0.7954287648200988,
            0.6867774128913879,
            0.6562403082847595,
            0.6559445858001709,
            0.5169729709625244,
            0.49959157705307006,
            0.5033085763454437,
            0.5049774050712585,
            0.500366598367691,
            0.49865700006484986,
            0.4824650287628174,
            0.5130796492099762,
            0.4874426543712616,
            0.48069031834602355,
            0.47718568444252013,
            0.4745904266834259,
            0.48043944835662844,
            0.487194812297821,
            0.47858145236968996,
            0.4780409336090088,
            0.479328989982605,
            0.47586384415626526,
            0.4746236026287079,
            0.4740096747875214,
            0.47271615266799927,
            0.4728614628314972,
            0.4744535982608795,
            0.4738778829574585,
            0.47489979267120364,
            0.4764823138713837,
            0.47518028020858766,
            0.47366573810577395,
            0.4713565230369568,
            0.4711099147796631,
            0.47173691391944883,
            0.4714198410511017,
            0.47190271615982055,
            0.4710464537143707,
            0.47087994813919065,
            0.4709971368312836,
            0.47146367430686953,
            0.47042055130004884,
            0.472548508644104,
            0.47176321148872374,
            0.4701957702636719
        ],
        "train_L_dice": [
            0.9265060935701642,
            0.823651943887983,
            0.7541060617991856,
            0.5160955105509076,
            0.42481936727251324,
            0.4884476917130606,
            0.44290751218795776,
            0.4607977143355778,
            0.4529664473874228,
            0.4017809586865561,
            0.2561200665576117,
            0.2323258157287325,
            0.26207955394472393,
            0.258378199168614,
            0.27410211520535605,
            0.2667199139084135,
            0.22875372852597917,
            0.24276546495301382,
            0.2387256430728095,
            0.27379563237939564,
            0.22843695964132035,
            0.22370081075600215,
            0.2604947217873165,
            0.26148873780454907,
            0.22464079516274588,
            0.25033363912786755,
            0.2382753470114299,
            0.22509276866912842,
            0.20884911290236882,
            0.20683207469327108,
            0.23618369443075998,
            0.21863120581422532,
            0.24455924119268144,
            0.22253188916615077,
            0.21806202616010392,
            0.2325293208871569,
            0.2518444189003536,
            0.2116980595248086,
            0.23087695666721889,
            0.22771383396216802,
            0.23088737364326203,
            0.2171941591160638,
            0.23684850122247422,
            0.22006345008100783,
            0.21292678373200552,
            0.20501752623489924,
            0.23996993047850473,
            0.20159979590347835,
            0.22487460928303854,
            0.20589631157261984
        ],
        "train_L_pmc": [
            0.035310022599462955,
            0.0,
            0.0,
            0.0,
            0.0,
            0.0,
            0.0,
            0.0,
            0.0,
            0.0,
            0.0,
            0.0,
            0.0,
            0.0,
            0.0,
            0.0,
            0.0,
            0.0,
            0.0,
            0.0,
            0.0,
            0.0,
            0.0,
            0.0,
            0.0,
            0.0,
            0.0,
            0.0,
            0.0,
            0.0,
            0.0,
            0.0,
            0.0,
            0.0,
            0.0,
            0.0,
            0.0,
            0.0,
            0.0,
            0.0,
            0.0,
            0.0,
            0.0,
            0.0,
            0.0,
            0.0,
            0.0,
            0.0,
            0.0,
            0.0
        ],