{
    "model_name": "MOBILENET_UNET_R4",
    "timestamp": "2026-06-17T19:36:13.011605",
    "parameters": {
        "total_parameters": 7698089,
        "trainable_parameters": 5508905,
        "frozen_parameters": 2189184,
        "trainable_percentage": 71.562
    },
    "training_history": {
        "epochs": [
            1,
            2,
            3,
            4,
            5,
            6,
            7,
            8,
            9,
            10,
            11,
            12,
            13,
            14,
            15,
            16,
            17,
            18,
            19,
            20,
            21,
            22,
            23,
            24,
            25,
            26,
            27,
            28,
            29,
            30,
            31,
            32,
            33,
            34,
            35,
            36,
            37,
            38,
            39,
            40,
            41,
            42,
            43,
            44,
            45,
            46,
            47,
            48,
            49,
            50
        ],
        "train_loss": [
            1.3477193359285593,
            0.850988102145493,
            0.7735565453767776,
            0.6170253190211952,
            0.5016808565706015,
            0.4887962229549885,
            0.4940421087667346,
            0.4919838272035122,
            0.48116990365087986,
            0.469999501015991,
            0.46079479064792395,
            0.34345471672713757,
            0.27334983670152724,
            0.27184352721087635,
            0.2604192867875099,
            0.2570569214876741,
            0.25656478269957006,
            0.252590254181996,
            0.25222198257688433,
            0.25248908158391714,
            0.2526927327271551,
            0.24793812807183713,
            0.24545173929072917,
            0.2452360198367387,
            0.24402426625601947,
            0.2432808969169855,
            0.24153487326111645,
            0.2426773381885141,
            0.2404816069174558,
            0.2398862529080361,
            0.240056422771886,
            0.23821234214119613,
            0.23750220402143896,
            0.23770063952542841,
            0.24123337003402412,
            0.2360830024117604,
            0.23490485060028732,
            0.23505927249789238,
            0.2335522131761536,
            0.23362608766183257,
            0.23414933634921908,
            0.23339427239261568,
            0.23314107116311789,
            0.23303128313273191,
            0.23357268935069442,
            0.2329430857207626,
            0.23316839896142483,
            0.23393568757455796,
            0.23324009380303323,
            0.2324670439120382
        ],
        "val_loss": [
            0.9567883253097534,
            0.8784610629081726,
            0.7832040548324585,
            0.828361964225769,
            0.7579817414283753,
            0.7487993121147156,
            0.9175382614135742,
            0.8218139290809632,
            0.6919331312179565,
            0.6927285432815552,
            0.6328731179237366,
            0.5111701726913452,
            0.5085881352424622,
            0.49613348245620725,
            0.49717929363250735,
            0.48953556418418886,
            0.5045322239398956,
            0.4968531906604767,
            0.4850234746932983,
            0.4919763684272766,
            0.5263138294219971,
            0.48530908226966857,
            0.48744526505470276,
            0.49303674697875977,
            0.4836660623550415,
            0.4789082884788513,
            0.47894792556762694,
            0.4748484015464783,
            0.47729999423027036,
            0.4780285954475403,
            0.4859477996826172,
            0.4811206519603729,
            0.4846257448196411,
            0.487596333026886,
            0.4825198709964752,
            0.48157061338424684,
            0.4823912501335144,
            0.47947427034378054,
            0.48240668773651124,
            0.4740209221839905,
            0.4748232960700989,
            0.4707839250564575,
            0.47639521956443787,
            0.47424055337905885,
            0.47406322956085206,
            0.47362478971481325,
            0.4766009271144867,
            0.47492614984512327,
            0.4768153131008148,
            0.4767222046852112
        ],
        "train_L_dice": [
            0.923735933644431,
            0.8258279476846967,
            0.7672038504055568,
            0.5956163576671055,
            0.4426346336092268,
            0.48576185958726065,
            0.45429591621671406,
            0.47607667105538504,
            0.4794716622148241,
            0.47033223509788513,
            0.45124250650405884,
            0.3126333015305655,
            0.26865639218262266,
            0.2627599388360977,
            0.28455512651375364,
            0.2590950514589037,
            0.22872485220432281,
            0.24216822215488978,
            0.24221387292657579,
            0.2742394932678768,
            0.23165329439299448,
            0.23022259133202688,
            0.25380480715206694,
            0.25968594210488455,
            0.2251882744686944,
            0.24976673509393418,
            0.2355168546949114,
            0.22411322380815232,
            0.2070057349545615,
            0.20577955033097947,
            0.23525539892060415,
            0.2172155444111143,
            0.24416644445487432,
            0.22210800115551269,
            0.21775027258055552,
            0.23007690055029734,
            0.24648604648453848,
            0.21265295147895813,
            0.22646581275122507,
            0.2293157492365156,
            0.23101884871721268,
            0.21647759633404867,
            0.23101586316313064,
            0.21957128282104219,
            0.21228712371417455,
            0.20696560186999186,
            0.23882505936282022,
            0.20025799317019327,
            0.22371774060385569,
            0.20520585349627904
        ],
        "train_L_pmc": [
            0.13531164612088883,
            0.0,
            0.0,
            0.0,
            0.0,
            0.0,
            0.0,
            0.0,
            0.0,
            0.0,
            0.0,
            0.0,
            0.0,
            0.0,
            0.0,
            0.0,
            0.0,
            0.0,
            0.0,
            0.0,
            0.0,
            0.0,
            0.0,
            0.0,
            0.0,
            0.0,
            0.0,
            0.0,
            0.0,
            0.0,
            0.0,
            0.0,
            0.0,
            0.0,
            0.0,
            0.0,
            0.0,
            0.0,
            0.0,
            0.0,
            0.0,
            0.0,
            0.0,
            0.0,
            0.0,
            0.0,
            0.0,
            0.0,
            0.0,
            0.0
        ],