{
    "model_name": "MOBILENET_UNET_R4",
    "timestamp": "2026-05-20T19:21:04.785308",
    "parameters": {
        "total_parameters": 7698089,
        "trainable_parameters": 5474793,
        "frozen_parameters": 2223296,
        "trainable_percentage": 71.1189
    },
    "memory": {},
    "latency": {},
    "training_time": {
        "total_seconds": 300.6,
        "total_minutes": 5.01,
        "total_hours": 0.0835
    },
    "evaluation_results": {},
    "training_history": {
        "epochs": [
            1,
            2,
            3,
            4,
            5,
            6,
            7,
            8,
            9,
            10,
            11,
            12,
            13,
            14,
            15,
            16,
            17,
            18,
            19,
            20,
            21,
            22,
            23,
            24,
            25,
            26,
            27,
            28,
            29,
            30,
            31,
            32,
            33,
            34,
            35,
            36,
            37,
            38,
            39,
            40,
            41,
            42,
            43,
            44,
            45,
            46,
            47,
            48,
            49,
            50
        ],
        "train_loss": [
            1.1383915685582906,
            0.2165813687024638,
            0.13275055959820747,
            0.11807649041293189,
            0.10515189141733572,
            0.0979865255067125,
            0.09308876062277704,
            0.0910744572756812,
            0.08800775371491909,
            0.08282123279059306,
            0.08074284851318225,
            0.07586784410523251,
            0.07216994557529688,
            0.06767265859525651,
            0.06489654531469569,
            0.062350015417905524,
            0.056439760606735945,
            0.05352781078545377,
            0.05137784162070602,
            0.049764725321438164,
            0.04872979994979687,
            0.047371547494549304,
            0.045139354886487126,
            0.04383876864449121,
            0.04436443487065844,
            0.043525828659767285,
            0.042171924898866564,
            0.042489198211114854,
            0.040765642625046894,
            0.04133048708899878,
            0.04081416330882348,
            0.0397752950375434,
            0.039676386513747275,
            0.03883399677579291,
            0.03893639883608557,
            0.03846271752263419,
            0.03806312213419005,
            0.037922665738733485,
            0.03754560250672512,
            0.037244569772155955,
            0.037067324039526284,
            0.036489768797764555,
            0.03685447931638919,
            0.03618242568336427,
            0.036918094992870465,
            0.03615028958301991,
            0.03648137423442677,
            0.03658519990858622,
            0.03621535986894742,
            0.03644946473650634
        ],
        "val_loss": [
            0.6757799744606018,
            0.38385390043258666,
            0.3220859974622726,
            0.30693567395210264,
            0.2911486715078354,
            0.29412948787212373,
            0.27254249453544616,
            0.26851983070373536,
            0.25569930374622346,
            0.2586137503385544,
            0.24513157308101655,
            0.23207745254039763,
            0.23201877772808074,
            0.2086946338415146,
            0.18927828967571259,
            0.1848064184188843,
            0.1638036847114563,
            0.16554600596427918,
            0.15031392276287078,
            0.1515873596072197,
            0.16394854784011842,
            0.15719313621520997,
            0.16086987555027008,
            0.15787265747785567,
            0.15902130901813508,
            0.15681906044483185,
            0.16299552321434022,
            0.16461960673332215,
            0.16302848756313323,
            0.15860892236232757,
            0.17511996924877166,
            0.1545931279659271,
            0.15694982856512069,
            0.15407961010932922,
            0.1560451030731201,
            0.1572628691792488,
            0.16052171289920808,
            0.16600633263587952,
            0.1622292399406433,
            0.15957193374633788,
            0.15982574671506883,
            0.15772328972816468,
            0.15785219073295592,
            0.16197776794433594,
            0.15752263367176056,
            0.1604388028383255,
            0.15750503838062285,
            0.1626545250415802,
            0.15991325974464415,
            0.15767255425453186
        ],
        "val_dice": [
            0.8968067790497377,
            0.9257424494147866,
            0.9154528614110538,
            0.9168870616529957,
            0.9340276682646821,
            0.9308293164701723,
            0.9369875166464475,
            0.9381163382394037,
            0.946300645572459,
            0.9458916101307128,
            0.9453701979844513,
            0.9470696123425402,
            0.9460347517263009,
            0.9436809597339354,
            0.9448970425972452,
            0.9460612177957872,
            0.9467817698324893,
            0.9433293167443372,
            0.9479603170287062,
            0.9461005490669546,
            0.9478850187071168,
            0.9513543421547117,
            0.9494316008832366,
            0.9459669593480728,
            0.9476951656125642,
            0.9497628110129913,
            0.9471317907553972,
            0.9496358516145119,
            0.9471466179467584,
            0.9487254591552721,
            0.9465473115777828,
            0.9498473538304352,
            0.9515300615061948,
            0.9484887148447217,
            0.947842174547266,
            0.9500435272303405,
            0.9514992228623791,
            0.9491146251212182,
            0.9506968586305079,
            0.9519997564386621,
            0.9518314804325098,
            0.9496751877161902,
            0.9506898956072557,
            0.9500334533719034,
            0.9514850340922226,
            0.9503924807601196,
            0.9507970655567632,
            0.9508063016574664,
            0.9506826134765679,
            0.9507484138523807
        ],
        "val_aji": [
            0.8129190444782215,
            0.8617509357141394,
            0.8440876646469306,
            0.8465295069342503,
            0.8762213056169668,
            0.8706087164652458,
            0.8814454499071117,
            0.8834454959821241,
            0.8980746183398493,
            0.8973380908655957,
            0.8964000412066052,
            0.8994608033391113,
            0.8975957729876027,
            0.8933673670184366,
            0.8955496105547914,
            0.8976434246182597,
            0.8989416843666932,
            0.8927372848444002,
            0.9010689733217724,
            0.8977142442093001,
            0.9009329166117532,
            0.9072219343467399,
            0.9037313531241238,
            0.8974737250769539,
            0.900589957057675,
            0.9043317271302038,
            0.8995729783074491,
            0.9041015471388614,
            0.8995997297360276,
            0.902452615653515,
            0.8985190526168301,
            0.9044850358612216,
            0.907541577084346,
            0.9020242846986255,
            0.9008555100936675,
            0.9048408689973974,
            0.9074854722186732,
            0.9031571356968383,
            0.9060268869391849,
            0.9083965030423615,
            0.9080901235473738,
            0.9041728583477256,
            0.9060142389055126,
            0.9048225930843969,
            0.9074596596420077,
            0.9054741542328019,
            0.9062089271236242,
            0.9062257075690652,
            0.9060010114064176,
            0.906120540015672
        ],