{
    "model_name": "MOBILE_SAM_R16",
    "timestamp": "2026-06-17T21:24:56.300403",
    "parameters": {
        "total_parameters": 6779324,
        "trainable_parameters": 732576,
        "frozen_parameters": 6046748,
        "trainable_percentage": 10.806
    },
    "training_history": {
        "epochs": [
            1,
            2,
            3,
            4,
            5,
            6,
            7,
            8,
            9,
            10,
            11,
            12,
            13,
            14,
            15,
            16,
            17,
            18,
            19,
            20,
            21,
            22,
            23,
            24,
            25,
            26,
            27,
            28,
            29,
            30,
            31,
            32,
            33,
            34,
            35,
            36,
            37,
            38,
            39,
            40,
            41,
            42,
            43,
            44,
            45,
            46,
            47,
            48,
            49,
            50
        ],
        "train_loss": [
            0.6870248876512051,
            0.34550255234353244,
            0.24334382178494707,
            0.2096013748086989,
            0.1950231476512272,
            0.20226517011178657,
            0.1808198537910357,
            0.19061794405570254,
            0.18079411826329306,
            0.17324600531719625,
            0.18592118998640217,
            0.17321047594305128,
            0.17514387864503078,
            0.16839310925570317,
            0.16843801991490182,
            0.1658791326917708,
            0.1681968545599375,
            0.16725693628541194,
            0.1650810457067564,
            0.1761325009574648,
            0.16373305971501395,
            0.16272821168240625,
            0.16108442450058647,
            0.16010362560336944,
            0.16091110341949388,
            0.15983324556145817,
            0.161306726251496,
            0.16053856987855397,
            0.16257347920327447,
            0.15850318093725946,
            0.16709053525119089,
            0.16080851975129917,
            0.15855085753719322,
            0.15680421979050152,
            0.15825517862685956,
            0.15716033753415104,
            0.1569683235429693,
            0.15740014598122798,
            0.15584564110031351,
            0.15607367767370306,
            0.15607782141887583,
            0.1549086067971075,
            0.15573950263205916,
            0.1557800082664471,
            0.1551036483142525,
            0.15559340294566937,
            0.15543743688613176,
            0.15575825766427442,
            0.1547005230531795,
            0.15502694780298043
        ],
        "val_loss": [
            0.5818624099095663,
            0.5124248017867407,
            0.4546484682295058,
            0.39446122613218093,
            0.447661171356837,
            0.3915867143207126,
            0.3873695615265105,
            0.4266093720992406,
            0.3720676468478309,
            0.3734280533260769,
            0.37167954196532565,
            0.3769312972823779,
            0.37696004741721684,
            0.3700704607698653,
            0.36382007516092724,
            0.35995295974943375,
            0.37168533272213405,
            0.36455973320537144,
            0.35765497220887077,
            0.3639438980155521,
            0.366591209338771,
            0.371525302529335,
            0.3706392968694369,
            0.3647545360856586,
            0.36088156865702736,
            0.3611821871664789,
            0.3721589868267377,
            0.35625209245416856,
            0.36537511977884507,
            0.3619842421677377,
            0.3708913450439771,
            0.36689214656750363,
            0.36684439496861565,
            0.3645741442839305,
            0.35988662474685246,
            0.3627680440743764,
            0.3606888742910491,
            0.3646126902765698,
            0.36564022799332935,
            0.3649730649259355,
            0.3632688812083668,
            0.36223410815000534,
            0.36515608843829894,
            0.3614326872759395,
            0.3651597864098019,
            0.3642032105061743,
            0.364688200255235,
            0.3657258426149686,
            0.36456278297636246,
            0.364561780459351
        ],
        "train_L_dice": [
            0.7485420749737666,
            0.473982783464285,
            0.36182853235648227,
            0.3177339996282871,
            0.33055084485274094,
            0.30115729570388794,
            0.3053135940661797,
            0.27914578926104766,
            0.2968640017967958,
            0.289349601818965,
            0.3378009796142578,
            0.30886482963195216,
            0.2724116960397133,
            0.3128476933791087,
            0.27213342373187727,
            0.26188541834171003,
            0.26824392492954546,
            0.2938504276367334,
            0.2825036129126182,
            0.2790566086769104,
            0.2895185798406601,
            0.3179002541762132,
            0.2748891103726167,
            0.28021781605023605,
            0.3222692975631127,
            0.27854719643409437,
            0.28753128533179945,
            0.2714738679619936,
            0.30113793221803814,
            0.3043190074654726,
            0.29074496833177715,
            0.30674907106619614,
            0.30575718788000256,
            0.26793173872507536,
            0.2772902215902622,
            0.29247336089611053,
            0.2803036570549011,
            0.24192805989430502,
            0.26744265051988453,
            0.25114581218132603,
            0.317633005288931,
            0.27627765100735885,
            0.2618237000245314,
            0.27951195721442884,
            0.2928566955603086,
            0.25897460602796996,
            0.24837525418171516,
            0.2632068613400826,
            0.26038510180436647,
            0.2978013868515308
        ],
        "train_L_pmc": [
            0.04326923184383374,
            0.04230769329632704,
            0.03365384701352853,
            0.03750000077371414,
            0.04134615467718014,
            0.03942307779708734,
            0.03461538513119404,
            0.03173076991851513,
            0.04230769336796724,
            0.03846153917794044,
            0.04326923170055334,
            0.03942307765380694,
            0.02884615449091563,
            0.04326923119907196,
            0.03557692346378015,
            0.03173076984687494,
            0.03076923144264863,
            0.03846153932122084,
            0.04038461634459404,
            0.032692308322741434,
            0.042307693224686846,
            0.037500000988634735,
            0.03653846244112803,
            0.03846153903466005,
            0.042307693224686846,
            0.04134615467718014,
            0.03365384679860794,
            0.037500000558793545,
            0.03942307779708734,
            0.042307693224686846,
            0.03461538556103523,
            0.04519230886720694,
            0.037500000988634735,
            0.03653846251276823,
            0.03653846208292704,
            0.039423077510526545,
            0.037500000916994534,
            0.03557692410854193,
            0.03750000120355533,
            0.030769231156087838,
            0.044230770104779646,
            0.04134615467718014,
            0.03653846272768883,
            0.04230769293812605,
            0.03653846244112803,
            0.03557692382198114,
            0.032692308322741434,
            0.03846153946450123,
            0.03653846215456724,
            0.04615384734307344
        ],