{
    "model_name": "MOBILE_SAM_R16",
    "timestamp": "2026-05-20T20:45:11.040621",
    "parameters": {
        "total_parameters": 6779324,
        "trainable_parameters": 714368,
        "frozen_parameters": 6064956,
        "trainable_percentage": 10.5375
    },
    "memory": {},
    "latency": {},
    "training_time": {
        "total_seconds": 1759.32,
        "total_minutes": 29.32,
        "total_hours": 0.4887
    },
    "evaluation_results": {},
    "training_history": {
        "epochs": [
            1,
            2,
            3,
            4,
            5,
            6,
            7,
            8,
            9,
            10,
            11,
            12,
            13,
            14,
            15,
            16,
            17,
            18,
            19,
            20,
            21,
            22,
            23,
            24,
            25,
            26,
            27,
            28,
            29,
            30,
            31,
            32,
            33,
            34,
            35,
            36,
            37,
            38,
            39,
            40,
            41,
            42,
            43,
            44,
            45,
            46,
            47,
            48,
            49,
            50
        ],
        "train_loss": [
            1.6360703278332949,
            0.5016606897115707,
            0.36680579965468496,
            0.30347070458810776,
            0.2732846495928243,
            0.2854790285928175,
            0.28220013761892915,
            0.24062022066209465,
            0.22186611994402483,
            0.20125342573737726,
            0.18819224374601617,
            0.18495699431514367,
            0.17058080417336896,
            0.17039899533847347,
            0.1693024820415303,
            0.17102396598784253,
            0.15582619386259466,
            0.15005817479686812,
            0.14709074716665782,
            0.14323318196693435,
            0.13986300837132148,
            0.14186959058861248,
            0.14047125831712037,
            0.13586819951888174,
            0.1333500165201258,
            0.13153924426296726,
            0.12820907786954194,
            0.13115511956857517,
            0.1282221064029727,
            0.12838353082770482,
            0.12506583449430764,
            0.12616999584133737,
            0.12332035004510544,
            0.12185993714956567,
            0.12097378546604887,
            0.11974010078120045,
            0.1187825561792124,
            0.11947157353279181,
            0.11841480233124457,
            0.11799295913078822,
            0.11822044491418637,
            0.11718368311994709,
            0.11701918629114516,
            0.11736121945432387,
            0.11538163310615346,
            0.1171734650270082,
            0.11499159291270189,
            0.11554005902144127,
            0.11529729931498878,
            0.11547474650433287
        ],
        "val_loss": [
            1.1043638388315837,
            0.7476932671335008,
            0.6043937868542142,
            0.5337564779652489,
            0.5032844709025489,
            0.4749749932024214,
            0.5039535363515218,
            0.43616922034157646,
            0.42267850372526383,
            0.39088095559014213,
            0.39399027824401855,
            0.3734682500362396,
            0.359043891231219,
            0.35809845394558376,
            0.391496972905265,
            0.34146398471461403,
            0.3405686252646976,
            0.33235206537776524,
            0.3451322830385632,
            0.3418503999710083,
            0.3265497121546004,
            0.3593931794166565,
            0.31556045677926803,
            0.3095560537444221,
            0.30990562836329144,
            0.30836982362800175,
            0.3090466840399636,
            0.30909304155243766,
            0.3033021655347612,
            0.31659944355487823,
            0.3081897877984577,
            0.3207419216632843,
            0.2946840524673462,
            0.29650131861368817,
            0.31289966735574937,
            0.2982610563437144,
            0.29368798434734344,
            0.2956149246957567,
            0.2904346005784141,
            0.2958184629678726,
            0.2944435775279999,
            0.2897847957081265,
            0.2886099037196901,
            0.28954558074474335,
            0.29286525315708584,
            0.2895171261496014,
            0.28917891946103835,
            0.2906939569446776,
            0.2896002282698949,
            0.2910703751775954
        ],
        "val_dice": [
            0.5683083224106587,
            0.7585093359178747,
            0.8141869988099673,
            0.8489637531844135,
            0.8712560101559079,
            0.8748730258694825,
            0.8566732659134698,
            0.8882200082091316,
            0.8932229545162539,
            0.898440132452344,
            0.9042703073230928,
            0.9053882819689653,
            0.9074591211593049,
            0.909396357246783,
            0.9056501386378071,
            0.9102717892662431,
            0.9121755012991994,
            0.9117146997119823,
            0.9154487497303732,
            0.915967716449541,
            0.917650813781237,
            0.9170237476966752,
            0.9160923795489728,
            0.9188032932657233,
            0.9187947962576372,
            0.9195490977280438,
            0.9186859177429137,
            0.9190892412219666,
            0.9216928321847561,
            0.9205696805868759,
            0.9198713279055051,
            0.9219005074087112,
            0.923769485976685,
            0.9239470281274725,
            0.9206098143755775,
            0.9244364207741679,
            0.9232901086491054,
            0.9227854293245058,
            0.922045977199571,
            0.924798763798353,
            0.9240075242113766,
            0.9230317961242981,
            0.9236669838658353,
            0.9243013194516381,
            0.9248746477468244,
            0.9249481448392902,
            0.9253860177476153,
            0.924489503993374,
            0.9241861222090124,
            0.9234967317331012
        ],
        "val_aji": [
            0.396948820270833,
            0.6109666047941371,
            0.6866065711818667,
            0.737564742668291,
            0.7718809738922732,
            0.7775771499439627,
            0.7492812337655304,
            0.7989170652175313,
            0.8070486808170539,
            0.815607175715736,
            0.8252676854215091,
            0.8271319108455729,
            0.8305951188958878,
            0.8338467996961956,
            0.8275691080277547,
            0.8353200186065856,
            0.8385318609652747,
            0.8377533900997233,
            0.8440806734608312,
            0.8449635037155283,
            0.8478324975575513,
            0.846762563580047,
            0.8451756978770715,
            0.8498021567610412,
            0.8497876194800242,
            0.8510790224659256,
            0.8496013626543087,
            0.8502915099679406,
            0.854759070230606,
            0.8528291859426191,
            0.8516312469714998,
            0.8551163540508286,
            0.8583379433494418,
            0.8586445577299386,
            0.8528980776705958,
            0.8594902603894021,
            0.8575105662776991,
            0.8566403151656685,
            0.855366701822938,
            0.8601169089661583,
            0.8587490572684041,
            0.8570650394343764,
            0.8581609687895149,
            0.8592567195308395,
            0.8602481987877357,
            0.8603753766845222,
            0.8611334237509283,
            0.8595820379494263,
            0.8590576318895248,
            0.857867095210841
        ],