{
    "model_name": "MOBILE_SAM_R16",
    "timestamp": "2026-06-15T20:28:07.590621",
    "parameters": {
        "total_parameters": 6779324,
        "trainable_parameters": 732576,
        "frozen_parameters": 6046748,
        "trainable_percentage": 10.806
    },
    "training_history": {
        "epochs": [
            1,
            2,
            3,
            4,
            5,
            6,
            7,
            8,
            9,
            10,
            11,
            12,
            13,
            14,
            15,
            16,
            17,
            18,
            19,
            20,
            21,
            22,
            23,
            24,
            25,
            26,
            27,
            28,
            29,
            30,
            31,
            32,
            33,
            34,
            35,
            36,
            37,
            38,
            39,
            40,
            41,
            42,
            43,
            44,
            45,
            46,
            47,
            48,
            49,
            50
        ],
        "train_loss": [
            0.689277475932613,
            0.3082657956983894,
            0.2663075533346273,
            0.25855857034912333,
            0.25190509017556906,
            0.2592026542988606,
            0.2506035022670403,
            0.24735660635633394,
            0.2450404884002637,
            0.24503911205101758,
            0.24764265949488617,
            0.2477731885155663,
            0.23905534809455276,
            0.24321259185671806,
            0.24743214959744364,
            0.2384783323504962,
            0.2379952219198458,
            0.24883067229529843,
            0.24650104122702032,
            0.24417725176317617,
            0.25437147793127224,
            0.24133762085693888,
            0.24043759127380326,
            0.23737432743655518,
            0.23766692174831405,
            0.23639175458811224,
            0.2363724143069703,
            0.23941972176544368,
            0.23563464655308053,
            0.23466264893068,
            0.2396062151528895,
            0.23474034277023748,
            0.23477539222221822,
            0.23443076221155934,
            0.23672202113084495,
            0.2340820100507699,
            0.23346368176862597,
            0.23315681627718732,
            0.2338443271291908,
            0.23323654104024172,
            0.23261106730205938,
            0.23303793219383806,
            0.23195418628165498,
            0.23199280473636463,
            0.2316689063445665,
            0.23215384615468793,
            0.231235372077208,
            0.23233346868073568,
            0.23178668643231504,
            0.23161746643017977
        ],
        "val_loss": [
            0.5917730000283983,
            0.49724605679512024,
            0.5012476411130693,
            0.5184395280149248,
            0.4790166914463043,
            0.5010007487403022,
            0.4784414933787452,
            0.4882378809981876,
            0.47914042737748885,
            0.4691353407171037,
            0.4830002685387929,
            0.48063727219899494,
            0.4692390263080597,
            0.46924445364210343,
            0.47289524144596523,
            0.4684926238324907,
            0.4773179590702057,
            0.5240010387367673,
            0.48966771364212036,
            0.4730732474062178,
            0.4777402877807617,
            0.48118967148992753,
            0.4670992890993754,
            0.46544697549608016,
            0.4667223360803392,
            0.46626702282163834,
            0.46876543429162765,
            0.4638238085640801,
            0.462816447019577,
            0.46009407109684414,
            0.45833605859014726,
            0.4569588005542755,
            0.4581312835216522,
            0.47715341713693404,
            0.45696058207088047,
            0.4605962634086609,
            0.45810975962215,
            0.4598063594765133,
            0.45878075891070896,
            0.460788047975964,
            0.4607357415888045,
            0.45981912811597186,
            0.46144835816489327,
            0.45968689190016854,
            0.4618638190958235,
            0.46260662873586017,
            0.45841898851924473,
            0.4621334440178341,
            0.46201074454519486,
            0.46298975745836896
        ],
        "train_L_dice": [
            0.7468103560117575,
            0.4454057537592374,
            0.37109378094856554,
            0.3548485671098416,
            0.3927399837053739,
            0.3733671468037825,
            0.36901782338435835,
            0.3453107430384709,
            0.3891972028292142,
            0.3537011765516721,
            0.41451584375821626,
            0.3783484066908176,
            0.32315811400230116,
            0.4014041882294875,
            0.35517119558957905,
            0.33639435126231265,
            0.3346911473916127,
            0.3711552872107579,
            0.36895474103780895,
            0.33801497060519,
            0.3605208694934845,
            0.3873648918592013,
            0.344805787389095,
            0.35922205448150635,
            0.40326304504504573,
            0.34602069510863376,
            0.34666634981448835,
            0.3545226420347507,
            0.37681127855410945,
            0.3850139219027299,
            0.37000666787991154,
            0.3779469086573674,
            0.39131347376566666,
            0.3561115860939026,
            0.3417805444735747,
            0.3631441065898308,
            0.3501303058404189,
            0.3056460515810893,
            0.3528565546640983,
            0.3343836355667848,
            0.37779415112275344,
            0.35999906292328465,
            0.31977556760494524,
            0.34443912827051604,
            0.36666056743034947,
            0.33204054488585544,
            0.33888194308831143,
            0.34626294443240535,
            0.332468365247433,
            0.3672838107897685
        ],
        "train_L_pmc": [
            0.042307693153046645,
            0.04423077003313945,
            0.03461538556103523,
            0.03846153946450123,
            0.045192308365725554,
            0.03846153939286104,
            0.036538461939646646,
            0.03173076991851513,
            0.04423077039134044,
            0.039423077582166746,
            0.04326923155727295,
            0.03942307779708734,
            0.02692307746754243,
            0.045192308294085354,
            0.034615384987913646,
            0.029807693038422328,
            0.03076923144264863,
            0.03846153932122084,
            0.040384616129673444,
            0.031730769775234736,
            0.042307693224686846,
            0.037500000988634735,
            0.03653846236948784,
            0.037500000558793545,
            0.04326923191547394,
            0.04134615467718014,
            0.03365384679860794,
            0.03653846201128685,
            0.040384616201313644,
            0.042307693224686846,
            0.03557692425182232,
            0.04423077017641985,
            0.035576923965261534,
            0.03653846251276823,
            0.03653846215456724,
            0.039423077582166746,
            0.037500000916994534,
            0.034615385632675424,
            0.03750000120355533,
            0.028846154204354837,
            0.042307693153046645,
            0.04038461627295384,
            0.035576924323462523,
            0.04230769293812605,
            0.035576923965261534,
            0.034615385417754836,
            0.03173076991851513,
            0.03750000106027493,
            0.034615385274474435,
            0.044230770104779646
        ],