{
    "model_name": "MOBILE_SAM_R8",
    "timestamp": "2026-06-15T19:48:34.943949",
    "parameters": {
        "total_parameters": 6719932,
        "trainable_parameters": 673184,
        "frozen_parameters": 6046748,
        "trainable_percentage": 10.0177
    },
    "training_history": {
        "epochs": [
            1,
            2,
            3,
            4,
            5,
            6,
            7,
            8,
            9,
            10,
            11,
            12,
            13,
            14,
            15,
            16,
            17,
            18,
            19,
            20,
            21,
            22,
            23,
            24,
            25,
            26,
            27,
            28,
            29,
            30,
            31,
            32,
            33,
            34,
            35,
            36,
            37,
            38,
            39,
            40,
            41,
            42,
            43,
            44,
            45,
            46,
            47,
            48,
            49,
            50
        ],
        "train_loss": [
            0.6952887724619359,
            0.2924628059845418,
            0.2622415480436757,
            0.2577265932923183,
            0.25284763175295666,
            0.2528997372719459,
            0.25124303734628484,
            0.2479929096880369,
            0.24563865651725791,
            0.255835850170115,
            0.24192862428026274,
            0.2427233833586797,
            0.2662422872381285,
            0.24902035959530622,
            0.24260523868724704,
            0.24119332170812413,
            0.23951956356177106,
            0.23836869589285925,
            0.23701080214232206,
            0.23713586560916156,
            0.23695471446262673,
            0.23501592356478795,
            0.23615059634903446,
            0.23562293354189023,
            0.23529422757565044,
            0.23551306588342413,
            0.23604197427630424,
            0.23715705936774611,
            0.23476280877366662,
            0.23382753686746582,
            0.23321999760810286,
            0.23628741048742086,
            0.23950388364028186,
            0.23630333418259397,
            0.2336710819217842,
            0.23461115377722308,
            0.23332089610630646,
            0.23185645739431493,
            0.23271340486826375,
            0.23643786914180964,
            0.23261650330096018,
            0.2319678853964433,
            0.2313161492929794,
            0.2321554845548235,
            0.23230361283640377,
            0.23191880551166832,
            0.231697600975167,
            0.23192564013879746,
            0.23199962472426705,
            0.23182549595367163
        ],
        "val_loss": [
            0.5836856497658623,
            0.5118280483616723,
            0.5163650082217323,
            0.5030859013398489,
            0.5003053016132779,
            0.5021468897660574,
            0.49534085392951965,
            0.48776933881971574,
            0.48561667733722264,
            0.48623952600691056,
            0.4903450873163011,
            0.47017019987106323,
            0.4934413433074951,
            0.4825780457920498,
            0.47003599670198226,
            0.46294767326778835,
            0.4636259145206875,
            0.4608413610193465,
            0.4637906187110477,
            0.4689675834443834,
            0.462916804684533,
            0.46411258975664776,
            0.4692191051112281,
            0.4646341734462314,
            0.4762178460756938,
            0.4657665391763051,
            0.48741182022624546,
            0.4670507113138835,
            0.48131999373435974,
            0.4629870255788167,
            0.4613567822509342,
            0.4716990391413371,
            0.46189405851893955,
            0.45981743931770325,
            0.4625174601872762,
            0.4625248908996582,
            0.4610297249423133,
            0.4621542791525523,
            0.4819220271375444,
            0.4637957215309143,
            0.47107427650027806,
            0.46296719047758317,
            0.46195072266790604,
            0.46121659212642246,
            0.4618973003493415,
            0.457323345873091,
            0.4624781409899394,
            0.4579545987976922,
            0.4607559144496918,
            0.45804672439893085
        ],
        "train_L_dice": [
            0.7896564557002141,
            0.4518644121976999,
            0.39010912065322584,
            0.3613575410384398,
            0.3125520210999709,
            0.3864386494343097,
            0.3646102329859367,
            0.31909464872800386,
            0.368362511579807,
            0.3961021097806784,
            0.363100059903585,
            0.3622716378707152,
            0.3691389996271867,
            0.3763441409056003,
            0.3244435993524698,
            0.40022662167365736,
            0.34178762481762814,
            0.3942043964679425,
            0.35244784905360294,
            0.3565913920219128,
            0.3400375269926511,
            0.35082096663805157,
            0.36146987630770755,
            0.3565813990739676,
            0.35099421785427976,
            0.3366036105614442,
            0.36590221294989955,
            0.36132058845116544,
            0.35195234188666713,
            0.3316433269243974,
            0.3218283068675261,
            0.33989352217087376,
            0.348597241135744,
            0.352029582628837,
            0.3477027393304385,
            0.3594176792181455,
            0.3943079113960266,
            0.3528018112366016,
            0.3484180775972513,
            0.35034217284275937,
            0.39859392092778134,
            0.3728491961956024,
            0.3120770546106192,
            0.32417917480835545,
            0.3590229887228746,
            0.339261810366924,
            0.3584221624411069,
            0.37618142595657933,
            0.3375413864850998,
            0.33814942378264207
        ],
        "train_L_pmc": [
            0.05288461681741934,
            0.03942307736724615,
            0.03942307765380694,
            0.03846153932122084,
            0.030769231299368236,
            0.04230769300976625,
            0.04134615453389975,
            0.03653846236948784,
            0.030769231729209423,
            0.042307693081406444,
            0.03653846208292704,
            0.040384616487874433,
            0.042307693153046645,
            0.03846153953614143,
            0.03173076999015533,
            0.04326923119907196,
            0.030769231156087838,
            0.04423076988985905,
            0.028846154562555827,
            0.039423077868727535,
            0.04038461634459404,
            0.035576923607060544,
            0.040384616129673444,
            0.03557692389362133,
            0.030769231299368236,
            0.03269230825110124,
            0.04519230858064615,
            0.03557692375034094,
            0.04134615460553995,
            0.028846154347635232,
            0.03461538520283424,
            0.037500000558793545,
            0.040384616201313644,
            0.038461539607781633,
            0.03846153939286104,
            0.04230769365452803,
            0.04519230901048733,
            0.03365384694188833,
            0.04038461605803324,
            0.036538462297847636,
            0.03653846236948784,
            0.040384616559514634,
            0.037500000988634735,
            0.029807693110062525,
            0.039423077868727535,
            0.028846154634196024,
            0.03942307772544714,
            0.03846153917794044,
            0.043269231772193543,
            0.031730770133435726
        ],