{
    "model_name": "MOBILE_SAM_R8",
    "timestamp": "2026-05-20T20:15:54.306842",
    "parameters": {
        "total_parameters": 6719932,
        "trainable_parameters": 654976,
        "frozen_parameters": 6064956,
        "trainable_percentage": 9.7468
    },
    "memory": {},
    "latency": {},
    "training_time": {
        "total_seconds": 1756.22,
        "total_minutes": 29.27,
        "total_hours": 0.4878
    },
    "evaluation_results": {},
    "training_history": {
        "epochs": [
            1,
            2,
            3,
            4,
            5,
            6,
            7,
            8,
            9,
            10,
            11,
            12,
            13,
            14,
            15,
            16,
            17,
            18,
            19,
            20,
            21,
            22,
            23,
            24,
            25,
            26,
            27,
            28,
            29,
            30,
            31,
            32,
            33,
            34,
            35,
            36,
            37,
            38,
            39,
            40,
            41,
            42,
            43,
            44,
            45,
            46,
            47,
            48,
            49,
            50
        ],
        "train_loss": [
            1.7252060137689114,
            0.5927816794719547,
            0.41620373900514096,
            0.3550933466758579,
            0.3054545959457755,
            0.2781503815203905,
            0.28446472727227956,
            0.25788433582056314,
            0.2459157072007656,
            0.2422140573617071,
            0.22813872841652483,
            0.22222425119252875,
            0.2089770080638118,
            0.2090094038285315,
            0.1989228514721617,
            0.19319585792254657,
            0.17514031543396413,
            0.1750150244915858,
            0.16517037118319422,
            0.1629722673969809,
            0.15788339683786035,
            0.1618406192283146,
            0.1559535229462199,
            0.1593950903043151,
            0.14967291383072734,
            0.14746224525151774,
            0.14543660072376952,
            0.14239779030322097,
            0.14213295723311603,
            0.14026074489811435,
            0.14383324547088705,
            0.13841169571969658,
            0.1369812155899126,
            0.13394421443808824,
            0.13699627562891692,
            0.13325891899876297,
            0.13280531874625012,
            0.13373454712564126,
            0.13295206386828795,
            0.13223716808715835,
            0.1320145902573131,
            0.13011342054232955,
            0.1312462729983963,
            0.12973743802285753,
            0.1285365734656807,
            0.13133496546652168,
            0.1284804392780643,
            0.12845990824280307,
            0.12796225561760366,
            0.1270795775926672
        ],
        "val_loss": [
            1.0534788370132446,
            0.7936572631200155,
            0.6724383003181882,
            0.5847852163844638,
            0.5419174068503909,
            0.5377322766515944,
            0.5021882090303633,
            0.4926159944799211,
            0.4564220706621806,
            0.45542094773716396,
            0.4433080984486474,
            0.42718454864290023,
            0.42647602823045516,
            0.44517868094974095,
            0.40403564108742607,
            0.4081871642006768,
            0.37014662557178074,
            0.36296434203783673,
            0.3629770709408654,
            0.3481215023332172,
            0.3480714029735989,
            0.35700200663672554,
            0.35549211998780567,
            0.36716706719663406,
            0.34995046589109635,
            0.3408399505747689,
            0.3305758817328347,
            0.3244367804792192,
            0.346904123822848,
            0.33183781140380436,
            0.32731589840518105,
            0.337574056453175,
            0.3282994197474586,
            0.31804780662059784,
            0.3420275565650728,
            0.3278534296486113,
            0.32062328192922807,
            0.31942757964134216,
            0.3169957780175739,
            0.31201402346293133,
            0.3174704677528805,
            0.314564511179924,
            0.3211907198031743,
            0.3179630570941501,
            0.31532901525497437,
            0.3155900074376,
            0.3159527960750792,
            0.3149605923228794,
            0.31571490897072685,
            0.3131736434168286
        ],
        "val_dice": [
            0.515745078600724,
            0.683341494459964,
            0.7843616776858322,
            0.8235962914441862,
            0.8406016474207939,
            0.856117887631238,
            0.858736215866496,
            0.8600818794070084,
            0.8773631173664056,
            0.8753273823537304,
            0.884393768233442,
            0.8922386594770575,
            0.8902393130973733,
            0.8949668280250169,
            0.8994363312422351,
            0.900087755800772,
            0.9019912189676432,
            0.9053147030063742,
            0.9050472937694403,
            0.9070359118095015,
            0.904438928167708,
            0.9051118367056735,
            0.9082500338444056,
            0.9087594195012425,
            0.9067457116566343,
            0.9108684862138438,
            0.9127157564514988,
            0.9122126178908824,
            0.9094770502105277,
            0.9131353571874032,
            0.9130803477367784,
            0.9096856593956161,
            0.9093609407954064,
            0.9134795321302784,
            0.9110248258545279,
            0.9096800587825857,
            0.9123723279090838,
            0.911885289074102,
            0.9146284798508563,
            0.9168692846992901,
            0.9124365019591325,
            0.9137278203936618,
            0.9127058215778807,
            0.9144331112252748,
            0.9131135857753852,
            0.913261046367464,
            0.9133534293658412,
            0.9139412913894911,
            0.9136691404640818,
            0.9146791242187874
        ],
        "val_aji": [
            0.3474774253162034,
            0.5189967570062421,
            0.6452261855258646,
            0.7000966466309905,
            0.7250326391708124,
            0.7484319217636691,
            0.752443236879268,
            0.754511981053156,
            0.7815199473120811,
            0.7782952733264082,
            0.7927472463406806,
            0.805443037988541,
            0.8021903493284267,
            0.8099004181254372,
            0.8172506114593556,
            0.81832688066498,
            0.8214790578628922,
            0.8270091006910141,
            0.8265629087169616,
            0.8298862895954633,
            0.8255486174358693,
            0.8266705833976236,
            0.8319212841770433,
            0.8327764158897839,
            0.8294005533064477,
            0.8363255260582668,
            0.8394453997353313,
            0.8385945938462603,
            0.8339824947160478,
            0.8401555457949064,
            0.8400624147659221,
            0.8343333894804669,
            0.8337872489718147,
            0.840738448233088,
            0.8365891596834762,
            0.8343239671163564,
            0.8388645777604096,
            0.8380415041886172,
            0.8426870088918261,
            0.8464992006479469,
            0.8389730839650208,
            0.841159184178678,
            0.8394285922715037,
            0.8423553819492335,
            0.8401186856556677,
            0.8403683730253668,
            0.8405248348897976,
            0.8415210744534953,
            0.8410597309685212,
            0.8427729942634729
        ],