{
    "model_name": "MOBILE_SAM_R8",
    "timestamp": "2026-06-17T20:46:49.388283",
    "parameters": {
        "total_parameters": 6719932,
        "trainable_parameters": 673184,
        "frozen_parameters": 6046748,
        "trainable_percentage": 10.0177
    },
    "training_history": {
        "epochs": [
            1,
            2,
            3,
            4,
            5,
            6,
            7,
            8,
            9,
            10,
            11,
            12,
            13,
            14,
            15,
            16,
            17,
            18,
            19,
            20,
            21,
            22,
            23,
            24,
            25,
            26,
            27,
            28,
            29,
            30,
            31,
            32,
            33,
            34,
            35,
            36,
            37,
            38,
            39,
            40,
            41,
            42,
            43,
            44,
            45,
            46,
            47,
            48,
            49,
            50
        ],
        "train_loss": [
            0.6940579367801547,
            0.30613254697527736,
            0.18696428678231314,
            0.14764378356630914,
            0.13445689898799174,
            0.12139151737210341,
            0.11131153648602776,
            0.11984658375149593,
            0.10227006727654953,
            0.0984689544129651,
            0.10256686992943287,
            0.10688304540235549,
            0.10290656916913576,
            0.09799936749914195,
            0.08565618540160358,
            0.0793479763524374,
            0.0768476148659829,
            0.08300948886608239,
            0.08134858625999186,
            0.07419781657517888,
            0.0778948382649105,
            0.07932986901141703,
            0.07214449609455187,
            0.07558219878410455,
            0.07205215089197736,
            0.07058030324697029,
            0.06971601965778973,
            0.06696559605188668,
            0.06674199055123609,
            0.06535281172546092,
            0.06327314789814409,
            0.06261742941569537,
            0.0621568026690511,
            0.06259161204798147,
            0.06209701411717106,
            0.0626402913039783,
            0.05973560828715563,
            0.059243626790703274,
            0.057957873854320496,
            0.05783032318868209,
            0.057882595880073495,
            0.056451929311151616,
            0.05702284011931624,
            0.05724528954306152,
            0.057322941851452924,
            0.05749948704033159,
            0.05585652170702815,
            0.0551681510405615,
            0.05530744339921512,
            0.05619076581206173
        ],
        "val_loss": [
            0.5623045331901975,
            0.45375502440664506,
            0.3826238248083327,
            0.3518146475156148,
            0.33096688820256126,
            0.326835036277771,
            0.3226419919066959,
            0.34484415253003436,
            0.27180231776502395,
            0.2963489443063736,
            0.42878106898731655,
            0.3347988459799025,
            0.2827824436955982,
            0.27463533480962116,
            0.2586875574456321,
            0.25439027282926774,
            0.2555713686678145,
            0.2724689079655541,
            0.26242025444904965,
            0.26005219254228806,
            0.2792677448855506,
            0.26559238466951585,
            0.2471808907058504,
            0.24845201439327663,
            0.23376871562666363,
            0.2347303827603658,
            0.24279680930905873,
            0.25986768967575496,
            0.2323152952724033,
            0.2295941578017341,
            0.24716382142570284,
            0.231322613855203,
            0.23105489048692915,
            0.23891343921422958,
            0.22749262054761252,
            0.23574192573626837,
            0.23480430907673305,
            0.2277999371290207,
            0.23004129280646643,
            0.22755510360002518,
            0.22643439637290108,
            0.2227068543434143,
            0.22478161089950138,
            0.22470922685331768,
            0.23064134021600088,
            0.22947194592820275,
            0.22477037045690748,
            0.2240925116671456,
            0.22858339051405588,
            0.22311087449391684
        ],
        "train_L_dice": [
            0.7826520983989422,
            0.4349594987355746,
            0.2981330912846785,
            0.2764575882599904,
            0.21908127688444579,
            0.24810994359163138,
            0.23727935667221361,
            0.22610475925298837,
            0.21857633384374472,
            0.24214608394182646,
            0.22275865651093996,
            0.22434125611415276,
            0.244565031849421,
            0.22195634245872498,
            0.20867404685570642,
            0.22259834351447913,
            0.1923818255846317,
            0.21334897039028314,
            0.19175295245188934,
            0.2030859303015929,
            0.20264895661519125,
            0.21909481745499831,
            0.19640726080307594,
            0.2026481834741739,
            0.1745792913895387,
            0.1718071882541363,
            0.21997096446844247,
            0.1861278357414099,
            0.19280977547168732,
            0.16876257268282083,
            0.1853260054038121,
            0.17839872722442335,
            0.17216200954638994,
            0.1805978130835753,
            0.1868958415893408,
            0.19867755816533014,
            0.20601947490985578,
            0.17103747736949187,
            0.17901714661946663,
            0.18706826808360907,
            0.18846192554785654,
            0.17828084872319147,
            0.18327323175393617,
            0.16062962607695505,
            0.19443029795701688,
            0.16438332257362512,
            0.1912579983472824,
            0.1988794058561325,
            0.1762267339688081,
            0.17135817385636842
        ],
        "train_L_pmc": [
            0.05288461681741934,
            0.037500000845354334,
            0.03942307772544714,
            0.039423077582166746,
            0.027884615800128534,
            0.04134615460553995,
            0.04423077017641985,
            0.034615385346114635,
            0.030769231729209423,
            0.04326923127071215,
            0.04038461605803324,
            0.039423077940367736,
            0.04134615503538113,
            0.039423077940367736,
            0.03173076999015533,
            0.04326923119907196,
            0.030769231227728035,
            0.045192308365725554,
            0.03076923158592903,
            0.04038461627295384,
            0.03942307765380694,
            0.03653846215456724,
            0.042307693081406444,
            0.03557692389362133,
            0.03173076984687494,
            0.03365384665532754,
            0.04615384698487245,
            0.03653846215456724,
            0.04134615467718014,
            0.029807692895141933,
            0.03653846222620744,
            0.040384615771472454,
            0.03750000070207394,
            0.03942307815528833,
            0.039423077940367736,
            0.04230769365452803,
            0.04615384755799404,
            0.034615385346114635,
            0.04038461605803324,
            0.039423077510526545,
            0.03846153917794044,
            0.04326923170055334,
            0.037500000988634735,
            0.029807693110062525,
            0.040384616129673444,
            0.028846154634196024,
            0.040384616129673444,
            0.04038461598639305,
            0.045192308723926544,
            0.031730770133435726
        ],