{
    "model_name": "EDGE_SAM_R2",
    "timestamp": "2026-05-20T19:16:25.332129",
    "parameters": {
        "total_parameters": 5671109,
        "trainable_parameters": 153989,
        "frozen_parameters": 5517120,
        "trainable_percentage": 2.7153
    },
    "memory": {},
    "latency": {},
    "training_time": {
        "total_seconds": 223.54,
        "total_minutes": 3.73,
        "total_hours": 0.0621
    },
    "evaluation_results": {},
    "training_history": {
        "epochs": [
            1,
            2,
            3,
            4,
            5,
            6,
            7,
            8,
            9,
            10,
            11,
            12,
            13,
            14,
            15,
            16,
            17,
            18,
            19,
            20,
            21,
            22,
            23,
            24,
            25,
            26,
            27,
            28,
            29,
            30,
            31,
            32,
            33,
            34,
            35,
            36,
            37,
            38,
            39,
            40,
            41,
            42,
            43,
            44,
            45,
            46,
            47,
            48,
            49,
            50
        ],
        "train_loss": [
            1.1524244742468,
            0.6376843117177486,
            0.5940514463,
            0.5639161788858473,
            0.5432000015862286,
            0.5301500102505088,
            0.5154519788920879,
            0.5025468314997852,
            0.4917878066189587,
            0.48804452549666166,
            0.4778657159768045,
            0.46897516399621964,
            0.46183125767856836,
            0.45755706913769245,
            0.4523805812932551,
            0.4475366505794227,
            0.4450441743247211,
            0.4400695990771055,
            0.4382248888723552,
            0.43588965851813555,
            0.4281643903814256,
            0.42744683800265193,
            0.42704809410497546,
            0.4231756702065468,
            0.4186801710166037,
            0.42022691504098475,
            0.41609941562637687,
            0.4182454361580312,
            0.41443259501829743,
            0.41085893101990223,
            0.4108300886582583,
            0.4096285253763199,
            0.4085460342466831,
            0.4087705679703504,
            0.4087874530814588,
            0.4055916899815202,
            0.40541142830625176,
            0.40491343289613724,
            0.403070367872715,
            0.40056481026113033,
            0.40328664635308087,
            0.40362964128144085,
            0.4008755723480135,
            0.401622976642102,
            0.40342475357465446,
            0.39881278085522354,
            0.3990221219137311,
            0.4008489013649523,
            0.40087019139900804,
            0.4001840013079345
        ],
        "val_loss": [
            1.300181472301483,
            1.2411323070526123,
            1.1863884329795837,
            1.1332984924316407,
            1.1258236527442933,
            1.1359301805496216,
            1.091327142715454,
            1.059890580177307,
            1.081690526008606,
            1.078329825401306,
            1.016869604587555,
            1.0095998883247375,
            1.003111469745636,
            0.9910531401634216,
            0.9865002036094666,
            0.954166841506958,
            0.9838443994522095,
            0.9416345357894897,
            0.9637005209922791,
            0.9457285284996033,
            0.9628777742385864,
            0.948149585723877,
            0.953294825553894,
            0.93703373670578,
            0.9534616470336914,
            0.9460044980049134,
            0.9561517715454102,
            0.9286291122436523,
            0.9397510409355163,
            0.9228650093078613,
            0.927161431312561,
            0.9267830133438111,
            0.9148307919502259,
            0.9180010437965394,
            0.9233235597610474,
            0.9157594799995422,
            0.9214207887649536,
            0.9185605406761169,
            0.9160150408744812,
            0.9124003171920776,
            0.9091117858886719,
            0.9178399562835693,
            0.9071674585342407,
            0.9136127710342408,
            0.9122642278671265,
            0.9109249711036682,
            0.9150080204010009,
            0.9140567302703857,
            0.9145455837249756,
            0.9100815653800964
        ],
        "val_dice": [
            0.07399291375557604,
            0.13763809537690985,
            0.20215421320898644,
            0.25999007033513233,
            0.27572653030141087,
            0.27814873266106144,
            0.33002795061590195,
            0.3551069779778845,
            0.35034969866800236,
            0.35496207143939346,
            0.4019515815509989,
            0.4122201614340243,
            0.4314096111941103,
            0.434256806098946,
            0.45204091225819676,
            0.4876814854791858,
            0.447595134471603,
            0.49461111049206596,
            0.4638130973994392,
            0.5001835289015599,
            0.4767591349698755,
            0.49322696435196095,
            0.47887604502657544,
            0.5011996598730635,
            0.47679539077872213,
            0.49245966222307336,
            0.4841301873054942,
            0.5125383020690407,
            0.49594971226253476,
            0.5216277610161908,
            0.5131185620436433,
            0.5116848955265646,
            0.5224692452225943,
            0.5196348247727286,
            0.5140392339183584,
            0.5184352907714751,
            0.5156824405612992,
            0.5195546948767634,
            0.5199430235924373,
            0.5270739965350281,
            0.5288651554642696,
            0.520018132145386,
            0.530360560665871,
            0.5240343585975993,
            0.5246493539031327,
            0.5263771932277175,
            0.5226665508455716,
            0.522979470613357,
            0.5227965931320175,
            0.5278383230608963
        ],
        "val_aji": [
            0.038417778565844246,
            0.07390512823272867,
            0.11244246569658262,
            0.14941872796393432,
            0.15990881675492927,
            0.16154051045938336,
            0.19762483494117508,
            0.2158845427779534,
            0.21237816183534244,
            0.21577743909527244,
            0.2515265350602592,
            0.2596204784955147,
            0.27503012531049087,
            0.27734867875554925,
            0.2920238111187091,
            0.3224727336183638,
            0.2883237127186268,
            0.3285603566887914,
            0.30192491331248167,
            0.3334964900973773,
            0.31298998465383965,
            0.3273399196049698,
            0.3148172398842713,
            0.3344005511972463,
            0.3130212368661905,
            0.3266643351973431,
            0.3193745157078775,
            0.34457243691180717,
            0.32974277276898345,
            0.3528392560825864,
            0.3450971603686861,
            0.3438014530582907,
            0.35360972591146506,
            0.351018001144857,
            0.3459305559418251,
            0.34992416297593715,
            0.34742056191554477,
            0.3509448765711195,
            0.35129932960720356,
            0.3578414633831717,
            0.35949468359657827,
            0.35136790756714464,
            0.36087801298131555,
            0.3550450931226881,
            0.355609939434486,
            0.35719940734404093,
            0.3537905075829231,
            0.3540773199885969,
            0.353909685491772,
            0.3585464363930284
        ],