{
    "model_name": "EDGE_SAM_R2",
    "timestamp": "2026-06-17T19:30:23.078569",
    "parameters": {
        "total_parameters": 5770087,
        "trainable_parameters": 299959,
        "frozen_parameters": 5470128,
        "trainable_percentage": 5.1985
    },
    "training_history": {
        "epochs": [
            1,
            2,
            3,
            4,
            5,
            6,
            7,
            8,
            9,
            10,
            11,
            12,
            13,
            14,
            15,
            16,
            17,
            18,
            19,
            20,
            21,
            22,
            23,
            24,
            25,
            26,
            27,
            28,
            29,
            30,
            31,
            32,
            33,
            34,
            35,
            36,
            37,
            38,
            39,
            40,
            41,
            42,
            43,
            44,
            45,
            46,
            47,
            48,
            49,
            50
        ],
        "train_loss": [
            1.6747194696217775,
            1.4478342439979315,
            1.2878341022878885,
            1.167183492332697,
            1.0712322713807225,
            1.003364876843989,
            0.964936968870461,
            0.9436537930741906,
            0.9190339017659426,
            0.889839880168438,
            0.8635964710265398,
            0.842623146250844,
            0.8244147663936019,
            0.8092400887981057,
            0.7771348990499973,
            0.7486192351207137,
            0.7291339552029967,
            0.713717631995678,
            0.6923999013379216,
            0.6744698574766517,
            0.6639103349298239,
            0.6454561743885279,
            0.6300924178212881,
            0.6148800496011972,
            0.594417349435389,
            0.5553111303597689,
            0.5076637268066406,
            0.4663014872930944,
            0.42421057261526585,
            0.40328167332336307,
            0.3730020709335804,
            0.3583079017698765,
            0.33787819743156433,
            0.3260005763731897,
            0.31956070731393993,
            0.30147919966839254,
            0.2985132427420467,
            0.28543152823112905,
            0.2781085539609194,
            0.2718602877575904,
            0.26288784574717283,
            0.26398197654634714,
            0.26645497931167483,
            0.2619880607817322,
            0.2563744622748345,
            0.25583608308807015,
            0.25222851359285414,
            0.25748146255500615,
            0.2518182103522122,
            0.25099167600274086
        ],
        "val_loss": [
            1.0577650308609008,
            1.0543708086013794,
            1.0613255381584168,
            1.0419762492179871,
            1.0287221312522887,
            0.9768920540809631,
            0.9488275408744812,
            0.9292322993278503,
            0.9314281105995178,
            0.9092103004455566,
            0.9116084933280945,
            0.899796187877655,
            0.902024221420288,
            0.9015911221504211,
            0.8414209961891175,
            0.8457648634910584,
            0.8296221971511841,
            0.8445272326469422,
            0.7694273591041565,
            0.7795050740242004,
            0.760480010509491,
            0.7480433583259583,
            0.7204885125160218,
            0.6771559000015259,
            0.6950781583786011,
            0.698158609867096,
            0.6865438103675843,
            0.6584765911102295,
            0.6660283207893372,
            0.65586838722229,
            0.6190278649330139,
            0.654321265220642,
            0.6451358795166016,
            0.5569954097270966,
            0.6046468853950501,
            0.569647079706192,
            0.6233345031738281,
            0.5821825683116912,
            0.5737275719642639,
            0.6131936550140381,
            0.5852019846439361,
            0.5751955151557923,
            0.6013933777809143,
            0.5690613448619842,
            0.5507136940956116,
            0.5665551781654358,
            0.5964860856533051,
            0.5746382534503937,
            0.6062161505222321,
            0.5658793926239014
        ],
        "train_L_dice": [
            0.9480591927255902,
            0.9325533253805978,
            0.9266903144972665,
            0.9237574083464486,
            0.9197396636009216,
            0.9182191831724984,
            0.9134088839803424,
            0.9047547578811646,
            0.8896743484905788,
            0.8616225634302411,
            0.8374432580811637,
            0.8286375658852714,
            0.8090323890958514,
            0.8034346699714661,
            0.7674319914409092,
            0.7410096100398472,
            0.715561032295227,
            0.7088379689625331,
            0.6781387073653085,
            0.6580113768577576,
            0.6615856971059527,
            0.6461232730320522,
            0.6240777288164411,
            0.620193098272596,
            0.5728839039802551,
            0.5622495072228568,
            0.5393876220498767,
            0.4380662100655692,
            0.41563484924180166,
            0.37461758085659574,
            0.3471020289829799,
            0.354218133858272,
            0.31892722845077515,
            0.3140308601515634,
            0.3230644145182201,
            0.28066460149628775,
            0.2932177015713283,
            0.2848485027040754,
            0.2721647960799081,
            0.2631432520491736,
            0.254603128348078,
            0.24281334025519236,
            0.268600304211889,
            0.26674428156444,
            0.24883412889071874,
            0.24129263630935124,
            0.2536379652363913,
            0.25940026555742535,
            0.25860293422426495,
            0.2443239050252097
        ],
        "train_L_pmc": [
            0.03444381457354341,
            0.014144277732287134,
            0.051923199756337066,
            0.05768315188054528,
            0.005345916974225214,
            0.004774686481271472,
            0.0,
            9.87529887684754e-05,
            0.0,
            0.0,
            0.0,
            0.0,
            0.0,
            0.0,
            0.0,
            0.0,
            0.0,
            0.0,
            0.0,
            0.0,
            0.0,
            0.0,
            0.0,
            0.0,
            0.0,
            0.0,
            0.0,
            0.0,
            0.0,
            0.0,
            0.0,
            0.0,
            0.0,
            0.0,
            0.0,
            0.0,
            0.0,
            0.0,
            0.0,
            0.0,
            0.0,
            0.0,
            0.0,
            0.0,
            0.0,
            0.0,
            0.0,
            0.0,
            0.0,
            0.0
        ],