{
    "model_name": "EDGE_SAM_R2",
    "timestamp": "2026-06-15T18:28:54.360776",
    "parameters": {
        "total_parameters": 5770087,
        "trainable_parameters": 299959,
        "frozen_parameters": 5470128,
        "trainable_percentage": 5.1985
    },
    "training_history": {
        "epochs": [
            1,
            2,
            3,
            4,
            5,
            6,
            7,
            8,
            9,
            10,
            11,
            12,
            13,
            14,
            15,
            16,
            17,
            18,
            19,
            20,
            21,
            22,
            23,
            24,
            25,
            26,
            27,
            28,
            29,
            30,
            31,
            32,
            33,
            34,
            35,
            36,
            37,
            38,
            39,
            40,
            41,
            42,
            43,
            44,
            45,
            46,
            47,
            48,
            49,
            50
        ],
        "train_loss": [
            1.6728614326566458,
            1.4448902513831854,
            1.2830564212054014,
            1.1661532167345285,
            1.071574973873794,
            1.0038213208317757,
            0.9662614557892084,
            0.9399863881990314,
            0.9185285540297627,
            0.891186585649848,
            0.863421730697155,
            0.8453553384169936,
            0.8238815013319254,
            0.8087644036859274,
            0.7908910689875484,
            0.7623061714693904,
            0.7366333184763789,
            0.7204138115048409,
            0.702065666206181,
            0.6836621118709445,
            0.6719484776258469,
            0.6564757265150547,
            0.6419439949095249,
            0.6289700837805867,
            0.6101129995658994,
            0.5690951310098171,
            0.523381529841572,
            0.48239857936277986,
            0.4484342881478369,
            0.42585849203169346,
            0.3956509521231055,
            0.3812393229454756,
            0.3574899020604789,
            0.3457243493758142,
            0.3392084143124521,
            0.32297336449846625,
            0.3175209399778396,
            0.3085390601772815,
            0.3009696379303932,
            0.295881443656981,
            0.2874201063532382,
            0.28778655687347054,
            0.28929835627786815,
            0.2853747457265854,
            0.28148913010954857,
            0.27986820857040584,
            0.27748439833521843,
            0.27909398660995066,
            0.27623584447428584,
            0.2774227513000369
        ],
        "val_loss": [
            1.0565046906471252,
            1.0822881698608398,
            1.0666673302650451,
            1.0378668546676635,
            1.0321754574775697,
            1.0086726665496826,
            0.9577960014343262,
            0.9303059816360474,
            0.9300519108772278,
            0.9054926753044128,
            0.9102765679359436,
            0.9041741251945495,
            0.8938310503959656,
            0.9018646597862243,
            0.8583587884902955,
            0.8516891002655029,
            0.8293754458427429,
            0.8546117544174194,
            0.7922400593757629,
            0.798031234741211,
            0.769262182712555,
            0.7633160948753357,
            0.7303279876708985,
            0.6932733297348023,
            0.7127891778945923,
            0.7262040376663208,
            0.6903349161148071,
            0.6890196204185486,
            0.6688302636146546,
            0.6471789240837097,
            0.6476850509643555,
            0.649016547203064,
            0.6369854211807251,
            0.6023607850074768,
            0.6157601833343506,
            0.59343301653862,
            0.643856942653656,
            0.5848431468009949,
            0.5815666854381562,
            0.5961516916751861,
            0.5779488325119019,
            0.568112313747406,
            0.6064970374107361,
            0.5682427644729614,
            0.5521061778068542,
            0.571219938993454,
            0.5882962763309478,
            0.5729928016662598,
            0.5918972074985505,
            0.5680420696735382
        ],
        "train_L_dice": [
            0.9481114574841091,
            0.932932163987841,
            0.927224167755672,
            0.9232334579740252,
            0.9196459054946899,
            0.919121503829956,
            0.9148457220622471,
            0.9035014935902187,
            0.8897767407553536,
            0.8628098709242684,
            0.8385409883090428,
            0.8315660016877311,
            0.8137252926826477,
            0.8091453995023455,
            0.7846820609910148,
            0.7558203765324184,
            0.7249736445290702,
            0.7169434087617057,
            0.6878276893070766,
            0.6684256451470512,
            0.6670477645737785,
            0.6546559248651777,
            0.6346823828560966,
            0.6357000981058393,
            0.5924122163227626,
            0.5683894583157131,
            0.5473667638642448,
            0.4523620435169765,
            0.440790410552706,
            0.39917744057519094,
            0.37773127215249197,
            0.3789017711366926,
            0.34129577449389864,
            0.32919793895312716,
            0.3398215855870928,
            0.30016263467924936,
            0.32016905716487337,
            0.3087580587182726,
            0.2997167876788548,
            0.29199655992644175,
            0.28374860755034853,
            0.2634468376636505,
            0.2885043961661203,
            0.2869214117527008,
            0.2719390222004482,
            0.2682137553180967,
            0.284816426890237,
            0.2813922422272818,
            0.2907740516322,
            0.27044383755752016
        ],
        "train_L_pmc": [
            0.030909170862287283,
            0.028465666941234043,
            0.11333438833909375,
            0.14119720199544514,
            0.0007225718083126205,
            0.0004928248402263437,
            0.0,
            0.0,
            0.0,
            0.0,
            0.0,
            0.0,
            0.0,
            0.0,
            0.0,
            0.0,
            0.0,
            0.0,
            0.0,
            0.0,
            0.0,
            0.0,
            0.0,
            0.0,
            0.0,
            0.0,
            0.0,
            0.0,
            0.0,
            0.0,
            0.0,
            0.0,
            0.0,
            0.0,
            0.0,
            0.0,
            0.0,
            0.0,
            0.0,
            0.0,
            0.0,
            0.0,
            0.0,
            0.0,
            0.0,
            0.0,
            0.0,
            0.0,
            0.0,
            0.0
        ],