{
    "model_name": "MOBILENET_UNET_R8",
    "timestamp": "2026-06-17T19:41:59.818285",
    "parameters": {
        "total_parameters": 7773357,
        "trainable_parameters": 5584173,
        "frozen_parameters": 2189184,
        "trainable_percentage": 71.8373
    },
    "training_history": {
        "epochs": [
            1,
            2,
            3,
            4,
            5,
            6,
            7,
            8,
            9,
            10,
            11,
            12,
            13,
            14,
            15,
            16,
            17,
            18,
            19,
            20,
            21,
            22,
            23,
            24,
            25,
            26,
            27,
            28,
            29,
            30,
            31,
            32,
            33,
            34,
            35,
            36,
            37,
            38,
            39,
            40,
            41,
            42,
            43,
            44,
            45,
            46,
            47,
            48,
            49,
            50
        ],
        "train_loss": [
            1.3440910689532757,
            0.8640995696187019,
            0.7857200158759952,
            0.6256711408495903,
            0.511454951018095,
            0.4840827267616987,
            0.47633059322834015,
            0.4700415674597025,
            0.4681400447152555,
            0.4815146839246154,
            0.3496114315930754,
            0.2655183847527951,
            0.25929598486982286,
            0.25699695898219943,
            0.2548537526745349,
            0.2512319224188104,
            0.24933182541280985,
            0.2471429454162717,
            0.2462476333603263,
            0.2461032720748335,
            0.24698166409507394,
            0.2462017231155187,
            0.24233457469381392,
            0.24272730690427125,
            0.24120337911881506,
            0.23998263268731534,
            0.2401082704309374,
            0.23933483276050538,
            0.24022884969599545,
            0.2376654737163335,
            0.23722543520852923,
            0.23644431331194937,
            0.2358392229070887,
            0.2378356836270541,
            0.23592853371519595,
            0.23598681390285492,
            0.23490042379125953,
            0.23488074715714902,
            0.23581833695061505,
            0.2358134868554771,
            0.23453756840899587,
            0.23412946076132357,
            0.23418191983364522,
            0.2340451633790508,
            0.23285704059526324,
            0.2326907233800739,
            0.2335040393518284,
            0.2327623723540455,
            0.2329883575439453,
            0.23298552772030234
        ],
        "val_loss": [
            0.9717755317687988,
            0.8749784827232361,
            0.8011066317558289,
            0.8260475397109985,
            0.7494914531707764,
            0.8374274969100952,
            0.6852502346038818,
            0.6861972808837891,
            0.6863045692443848,
            0.6418133854866028,
            0.5241670668125152,
            0.5001096665859223,
            0.4907620191574097,
            0.4927521049976349,
            0.48323418498039244,
            0.4770547986030579,
            0.49353182315826416,
            0.4860158503055573,
            0.49221078753471376,
            0.4802155435085297,
            0.4924241006374359,
            0.48078190088272094,
            0.47823511362075805,
            0.4811275482177734,
            0.477864271402359,
            0.4740320384502411,
            0.4737989783287048,
            0.4704497158527374,
            0.48268513679504393,
            0.4744404911994934,
            0.4753488004207611,
            0.47212892174720766,
            0.47354156374931333,
            0.4705741584300995,
            0.4695707499980927,
            0.4742951989173889,
            0.47229304909706116,
            0.46969335079193114,
            0.47207284569740293,
            0.46659683585166933,
            0.46971319913864135,
            0.4692995846271515,
            0.4704600930213928,
            0.4702336072921753,
            0.4671729922294617,
            0.4697433948516846,
            0.4678165018558502,
            0.47021769285202025,
            0.4689796566963196,
            0.46993449330329895
        ],
        "train_L_dice": [
            0.9310701659747532,
            0.8429703286715916,
            0.7687904153551374,
            0.6648471355438232,
            0.5308527478149959,
            0.47733968070575167,
            0.5056421671594892,
            0.4642705278737204,
            0.4590694946902139,
            0.4643771605832236,
            0.3694472291639873,
            0.21625485590526036,
            0.2541692065341132,
            0.20843072448457992,
            0.25519666714327677,
            0.24479144173009054,
            0.25037472588675364,
            0.2542115194456918,
            0.25334275833198,
            0.28286646945135935,
            0.2275742483990533,
            0.221969512956483,
            0.21323912271431514,
            0.2173608328614916,
            0.24888175513063157,
            0.2493887266942433,
            0.23847168258258275,
            0.26460279311452595,
            0.2533325936113085,
            0.21830316100801742,
            0.2295434581381934,
            0.2329621229852949,
            0.22390384120600565,
            0.24708543292113713,
            0.22300990777356283,
            0.22475101266588485,
            0.20127450568335398,
            0.2199938701731818,
            0.25717886856624056,
            0.26578645621027264,
            0.23322798311710358,
            0.23744855608258927,
            0.2517294990164893,
            0.24170904925891332,
            0.22957352229527064,
            0.21957359143665858,
            0.21605050989559718,
            0.20610671383993967,
            0.2113181831581252,
            0.20845703142029898
        ],
        "train_L_pmc": [
            0.07288179626422268,
            0.13489391122545516,
            0.0,
            0.0,
            0.0,
            0.0,
            0.0,
            0.0,
            0.0,
            0.0,
            0.0,
            0.0,
            0.0,
            0.0,
            0.0,
            0.0,
            0.0,
            0.0,
            0.0,
            0.0,
            0.0,
            0.0,
            0.0,
            0.0,
            0.0,
            0.0,
            0.0,
            0.0,
            0.0,
            0.0,
            0.0,
            0.0,
            0.0,
            0.0,
            0.0,
            0.0,
            0.0,
            0.0,
            0.0,
            0.0,
            0.0,
            0.0,
            0.0,
            0.0,
            0.0,
            0.0,
            0.0,
            0.0,
            0.0,
            0.0
        ],