{
    "model_name": "MOBILENET_UNET_R8",
    "timestamp": "2026-06-16T02:31:53.579175",
    "parameters": {
        "total_parameters": 7773357,
        "trainable_parameters": 5584173,
        "frozen_parameters": 2189184,
        "trainable_percentage": 71.8373
    },
    "training_history": {
        "epochs": [
            1,
            2,
            3,
            4,
            5,
            6,
            7,
            8,
            9,
            10,
            11,
            12,
            13,
            14,
            15,
            16,
            17,
            18,
            19,
            20,
            21,
            22,
            23,
            24,
            25,
            26,
            27,
            28,
            29,
            30,
            31,
            32,
            33,
            34,
            35,
            36,
            37,
            38,
            39,
            40,
            41,
            42,
            43,
            44,
            45,
            46,
            47,
            48,
            49,
            50
        ],
        "train_loss": [
            1.333676965907216,
            0.8459575334563851,
            0.7792955143377185,
            0.6384292328730226,
            0.5334761831909418,
            0.49526544753462076,
            0.48482644464820623,
            0.48020443180575967,
            0.46868914272636175,
            0.37918071914464235,
            0.28482518112286925,
            0.2667511294130236,
            0.2633423530496657,
            0.2605515830218792,
            0.25635631987825036,
            0.25925245718099177,
            0.25336817116476595,
            0.25007292279042304,
            0.24858687981031835,
            0.24853368871845305,
            0.24654941260814667,
            0.24938433384522796,
            0.2471613751258701,
            0.24577729788143188,
            0.24239563499577343,
            0.24089247570373118,
            0.2412458307808265,
            0.23953838890884072,
            0.24101007636636496,
            0.2381097899051383,
            0.23725553217809647,
            0.2388119692914188,
            0.2371360040269792,
            0.23754919948987663,
            0.23465456161648035,
            0.23423067282419652,
            0.23419804126024246,
            0.233769450802356,
            0.2336463201791048,
            0.23419202421791852,
            0.23320416291244328,
            0.23292565695010126,
            0.233095642644912,
            0.23281203140504658,
            0.23376830387860537,
            0.23299270821735263,
            0.23256631812546402,
            0.23250375199131668,
            0.23303604789543897,
            0.2325948850484565
        ],
        "val_loss": [
            0.9603908061981201,
            0.8358711957931518,
            0.7894439339637757,
            0.8176062703132629,
            0.7821804404258728,
            0.7228329300880432,
            0.6939549803733825,
            0.6846319198608398,
            0.7057972311973572,
            0.5189635694026947,
            0.5032827496528626,
            0.4898522973060608,
            0.48358157873153684,
            0.4872082591056824,
            0.4937575161457062,
            0.49785214066505434,
            0.4939251482486725,
            0.47888574600219724,
            0.49252158403396606,
            0.48351592421531675,
            0.4903689980506897,
            0.47559022903442383,
            0.4741335272789001,
            0.481336897611618,
            0.47678842544555666,
            0.47263643741607664,
            0.47472652792930603,
            0.4843451678752899,
            0.48020668625831603,
            0.4739780366420746,
            0.4782926321029663,
            0.4726764678955078,
            0.4777517795562744,
            0.4751769721508026,
            0.47443005442619324,
            0.47363155484199526,
            0.47254895567893984,
            0.4728973925113678,
            0.47304506301879884,
            0.4763383805751801,
            0.47390931844711304,
            0.47314225435256957,
            0.474265992641449,
            0.47323909401893616,
            0.4723214566707611,
            0.472179639339447,
            0.4726357638835907,
            0.4722289085388184,
            0.4727193474769592,
            0.47254093289375304
        ],
        "train_L_dice": [
            0.9250837990215847,
            0.8293274385588509,
            0.7632060732160296,
            0.6718362144061497,
            0.5423840199198041,
            0.4901679371084486,
            0.5157572669642312,
            0.4757643129144396,
            0.46586160148893085,
            0.3535814327853067,
            0.28587645292282104,
            0.2169257551431656,
            0.2608119377068111,
            0.2131623306444713,
            0.2526125205414636,
            0.24873717767851694,
            0.25158432338918957,
            0.2577151826449803,
            0.258682519197464,
            0.2827631064823696,
            0.22876956633159093,
            0.2258952898638589,
            0.2135232048375266,
            0.21945543587207794,
            0.25251846654074533,
            0.24746228328772954,
            0.23433549063546316,
            0.2657026840107782,
            0.248147115111351,
            0.21840390988758632,
            0.2268970012664795,
            0.23145100048610143,
            0.2229494707924979,
            0.25270394129412516,
            0.22354179194995336,
            0.22320524496691568,
            0.2014497710125787,
            0.21957996913364955,
            0.25701370196683065,
            0.2590675247567041,
            0.23215713884149278,
            0.2368610394852502,
            0.2484071467603956,
            0.2421312587601798,
            0.22720778839928762,
            0.22071380061762674,
            0.2150465633187975,
            0.1992849154131753,
            0.2055282922727721,
            0.20817708117621286
        ],
        "train_L_pmc": [
            0.07074759075684207,
            0.0,
            0.0,
            0.0,
            0.0,
            0.0,
            0.0,
            0.0,
            0.0,
            0.0,
            0.0,
            0.0,
            0.0,
            0.0,
            0.0,
            0.0,
            0.0,
            0.0,
            0.0,
            0.0,
            0.0,
            0.0,
            0.0,
            0.0,
            0.0,
            0.0,
            0.0,
            0.0,
            0.0,
            0.0,
            0.0,
            0.0,
            0.0,
            0.0,
            0.0,
            0.0,
            0.0,
            0.0,
            0.0,
            0.0,
            0.0,
            0.0,
            0.0,
            0.0,
            0.0,
            0.0,
            0.0,
            0.0,
            0.0,
            0.0
        ],