{
    "model_name": "MOBILENET_UNET_R8",
    "timestamp": "2026-05-20T19:26:05.786479",
    "parameters": {
        "total_parameters": 7773357,
        "trainable_parameters": 5550061,
        "frozen_parameters": 2223296,
        "trainable_percentage": 71.3985
    },
    "memory": {},
    "latency": {},
    "training_time": {
        "total_seconds": 297.85,
        "total_minutes": 4.96,
        "total_hours": 0.0827
    },
    "evaluation_results": {},
    "training_history": {
        "epochs": [
            1,
            2,
            3,
            4,
            5,
            6,
            7,
            8,
            9,
            10,
            11,
            12,
            13,
            14,
            15,
            16,
            17,
            18,
            19,
            20,
            21,
            22,
            23,
            24,
            25,
            26,
            27,
            28,
            29,
            30,
            31,
            32,
            33,
            34,
            35,
            36,
            37,
            38,
            39,
            40,
            41,
            42,
            43,
            44,
            45,
            46,
            47,
            48,
            49,
            50
        ],
        "train_loss": [
            1.1407379107549787,
            0.21004084509331733,
            0.13144164474215358,
            0.11546056647785008,
            0.105047918332275,
            0.10054440429667011,
            0.09574191248975694,
            0.0900160888559185,
            0.08859246951760724,
            0.08360471006017178,
            0.08116268884623423,
            0.0794180235825479,
            0.07705462258309126,
            0.07331015833187848,
            0.07023110910085961,
            0.0657582125859335,
            0.061673641845118254,
            0.058732380624860525,
            0.05289644599542953,
            0.051127137878211215,
            0.04834179108729586,
            0.04608620284125209,
            0.045680123614147305,
            0.04385251548956148,
            0.0424987739243079,
            0.042262647388270125,
            0.04209862512652762,
            0.04160853583016433,
            0.040264655952341855,
            0.039287583145778626,
            0.03911598102422431,
            0.03844976887921803,
            0.03808526074863039,
            0.037829145323485136,
            0.037450246134540066,
            0.03631462634075433,
            0.036552333971485496,
            0.03652325988514349,
            0.035998486186144873,
            0.03578025277238339,
            0.03531357352039777,
            0.03546751837711781,
            0.03543268906651065,
            0.035311447543790564,
            0.035312416759552434,
            0.03509003919316456,
            0.03533170523587614,
            0.034718141017947346,
            0.035035119974054396,
            0.034965830855071545
        ],
        "val_loss": [
            0.5835045993328094,
            0.3754588723182678,
            0.3259582489728928,
            0.30820063650608065,
            0.3249459654092789,
            0.29003480076789856,
            0.2760747313499451,
            0.28191788494586945,
            0.26738915741443636,
            0.2512649863958359,
            0.25475956201553346,
            0.2425057500600815,
            0.24980742931365968,
            0.22965297400951384,
            0.22565632164478303,
            0.21009478271007537,
            0.20310739278793336,
            0.19445241391658782,
            0.17697403728961944,
            0.17507153749465942,
            0.166964653134346,
            0.18154653608798982,
            0.18601126968860626,
            0.1802404671907425,
            0.17461259365081788,
            0.1747882753610611,
            0.17792448103427888,
            0.1608439028263092,
            0.17609403133392335,
            0.18168094754219055,
            0.16964930295944214,
            0.16514386534690856,
            0.18187031745910645,
            0.17704496681690216,
            0.17910465896129607,
            0.17666404247283934,
            0.17640381455421447,
            0.17408069968223572,
            0.178517147898674,
            0.17875355184078218,
            0.17738576829433442,
            0.17669907808303834,
            0.17012740969657897,
            0.18014259338378907,
            0.1760243982076645,
            0.17868482172489167,
            0.1739010900259018,
            0.17598444521427153,
            0.1763114094734192,
            0.1777939647436142
        ],
        "val_dice": [
            0.9165330565843881,
            0.9142417121279942,
            0.9160413714316942,
            0.8964848100931724,
            0.8950639189806173,
            0.9155242880458269,
            0.9018128924971506,
            0.9060043583947801,
            0.9210644767364142,
            0.9150602953425494,
            0.928727994999093,
            0.9407672643427596,
            0.9421605000418241,
            0.9476388286457437,
            0.9456044975271651,
            0.949812892992553,
            0.9443385191164242,
            0.9499594158456982,
            0.9445056914375412,
            0.9474300974826478,
            0.9448258954051558,
            0.9447776172264317,
            0.9387271225983357,
            0.9447117283638645,
            0.9462934132707915,
            0.950571836441232,
            0.9479405790627056,
            0.9492873868982369,
            0.9477446897578529,
            0.9489272453459193,
            0.950381510571524,
            0.9520306475408822,
            0.9451106857114812,
            0.9484415298483994,
            0.9527170643276708,
            0.9519471239728476,
            0.9487333291170265,
            0.9489797826410017,
            0.9480449703162003,
            0.9508743602994872,
            0.9508530831266463,
            0.9497764407316918,
            0.9506151644074935,
            0.9486073831369348,
            0.9508241379959368,
            0.9494455453476799,
            0.950659466574449,
            0.9494192264325431,
            0.9499109136125876,
            0.9499948678268012
        ],
        "val_aji": [
            0.8459261836775873,
            0.8420306087829468,
            0.8450888689742743,
            0.8123900951185508,
            0.8100594544390819,
            0.8442091214713301,
            0.8211832813697566,
            0.8281608481231248,
            0.853678887085264,
            0.8434204144381123,
            0.8669394800420527,
            0.8881591671721004,
            0.8906459818139472,
            0.9004882111207623,
            0.8968214444290348,
            0.9044225420926046,
            0.8945467237527932,
            0.9046882855587834,
            0.8948467876855922,
            0.9001113324794402,
            0.8954217993891554,
            0.8953350806899671,
            0.8845294575855369,
            0.8952167419611033,
            0.898061590568741,
            0.9057998150323135,
            0.9010333068622423,
            0.9034700593303884,
            0.9006794078708487,
            0.9028178507568887,
            0.9054542389864086,
            0.9084527570457002,
            0.8959335097151131,
            0.9019389380332463,
            0.9097036071881099,
            0.9083006647349591,
            0.9024668577385533,
            0.9029129668177047,
            0.9012219567990158,
            0.9063493678134945,
            0.9063107061881855,
            0.904356441397489,
            0.9058785034479321,
            0.9022389618515679,
            0.9062581140398509,
            0.9037566221751907,
            0.9059589678395829,
            0.9037089296890527,
            0.9046003105132118,
            0.9047525947426509
        ],