{
    "model_name": "MOBILENET_UNET_R32",
    "timestamp": "2026-06-17T19:53:14.500919",
    "parameters": {
        "total_parameters": 8224965,
        "trainable_parameters": 6035781,
        "frozen_parameters": 2189184,
        "trainable_percentage": 73.3837
    },
    "training_history": {
        "epochs": [
            1,
            2,
            3,
            4,
            5,
            6,
            7,
            8,
            9,
            10,
            11,
            12,
            13,
            14,
            15,
            16,
            17,
            18,
            19,
            20,
            21,
            22,
            23,
            24,
            25,
            26,
            27,
            28,
            29,
            30,
            31,
            32,
            33,
            34,
            35,
            36,
            37,
            38,
            39,
            40,
            41,
            42,
            43,
            44,
            45,
            46,
            47,
            48,
            49,
            50
        ],
        "train_loss": [
            1.3336801994591951,
            0.8438903735950589,
            0.7916511278599501,
            0.635974467266351,
            0.5099237626418471,
            0.4788638334721327,
            0.47726695239543915,
            0.47637621662579477,
            0.47589480970054865,
            0.475280758459121,
            0.47480196552351117,
            0.4743953822180629,
            0.47391334641724825,
            0.4735827874392271,
            0.47337363101541996,
            0.47302572801709175,
            0.47291640657931566,
            0.4726668703369796,
            0.4723837929777801,
            0.4720875332131982,
            0.4721137504093349,
            0.4715739255771041,
            0.4717050353065133,
            0.47125767543911934,
            0.47103818436153233,
            0.4710370609536767,
            0.47092510713264346,
            0.47065734025090933,
            0.4708548313938081,
            0.47059632558375597,
            0.4705710408743471,
            0.47028862521983683,
            0.4702782747335732,
            0.47001610789448023,
            0.46997911436483264,
            0.4698596359230578,
            0.4697955003939569,
            0.4698952226899564,
            0.469760084990412,
            0.4695259383879602,
            0.4693538034334779,
            0.469285533297807,
            0.46916559850797057,
            0.46908751875162125,
            0.46908481954596937,
            0.4690769319422543,
            0.46905971178784966,
            0.4689259580336511,
            0.46882927138358355,
            0.4689879796933383
        ],
        "val_loss": [
            0.9205647587776185,
            0.8515698552131653,
            0.8278214573860169,
            0.8340842843055725,
            0.7448518514633179,
            0.7329765796661377,
            0.7304047465324401,
            0.7292561411857605,
            0.729773473739624,
            0.7283013701438904,
            0.7279185652732849,
            0.7292367458343506,
            0.7269842147827148,
            0.7263200283050537,
            0.7272812008857727,
            0.7264480352401733,
            0.7261552691459656,
            0.7250349164009094,
            0.7267183303833008,
            0.7248640179634094,
            0.7250778198242187,
            0.725098991394043,
            0.7243550539016723,
            0.7242627739906311,
            0.7243503093719482,
            0.7260630846023559,
            0.7295864820480347,
            0.724594247341156,
            0.7239759564399719,
            0.7235605716705322,
            0.7237956166267395,
            0.7243267178535462,
            0.723680567741394,
            0.723805046081543,
            0.7243383884429931,
            0.7237404584884644,
            0.7237102270126343,
            0.7232893586158753,
            0.7238809823989868,
            0.7237666130065918,
            0.7236418128013611,
            0.7237019896507263,
            0.723377788066864,
            0.7236424326896668,
            0.7234403252601623,
            0.7236846089363098,
            0.7235283017158508,
            0.7235163927078248,
            0.7235328316688537,
            0.7236918210983276
        ],
        "train_L_dice": [
            0.9314348101615906,
            0.8314159767968314,
            0.7853757824216571,
            0.6310720784323556,
            0.5035581971917834,
            0.4781365011419569,
            0.5246866089957101,
            0.4580203592777252,
            0.463480395930154,
            0.4754551351070404,
            0.49522661311285837,
            0.45403121198926655,
            0.44064967547144207,
            0.4422788109098162,
            0.4271152487822941,
            0.46984576753207613,
            0.4805137174470084,
            0.47043225169181824,
            0.46034116404397146,
            0.5095174014568329,
            0.46546466435704914,
            0.49890564594949993,
            0.45520396317754475,
            0.47726121970585417,
            0.4824449632849012,
            0.45155052627835957,
            0.4690761225564139,
            0.43364601475851877,
            0.4731848750795637,
            0.4193381028515952,
            0.5313268346445901,
            0.4511989312512534,
            0.4797511228493282,
            0.4582973037447248,
            0.5163574346474239,
            0.4555721495832716,
            0.4584957574095045,
            0.4613576446260725,
            0.5350570934159415,
            0.3802156022616795,
            0.49078225663730074,
            0.4599335108484541,
            0.41423361216272625,
            0.4925535363810403,
            0.471610963344574,
            0.4359443868909563,
            0.4526844024658203,
            0.5037712284496852,
            0.46316686272621155,
            0.5014931218964713
        ],
        "train_L_pmc": [
            0.05032279874597277,
            0.0,
            0.0,
            0.0,
            0.0,
            0.0,
            0.0,
            0.0,
            0.0,
            0.0,
            0.0,
            0.0,
            0.0,
            0.0,
            0.0,
            0.0,
            0.0,
            0.0,
            0.0,
            0.0,
            0.0,
            0.0,
            0.0,
            0.0,
            0.0,
            0.0,
            0.0,
            0.0,
            0.0,
            0.0,
            0.0,
            0.0,
            0.0,
            0.0,
            0.0,
            0.0,
            0.0,
            0.0,
            0.0,
            0.0,
            0.0,
            0.0,
            0.0,
            0.0,
            0.0,
            0.0,
            0.0,
            0.0,
            0.0,
            0.0
        ],