{
    "model_name": "MOBILENET_UNET_R32",
    "timestamp": "2026-06-16T02:44:26.344490",
    "parameters": {
        "total_parameters": 8224965,
        "trainable_parameters": 6035781,
        "frozen_parameters": 2189184,
        "trainable_percentage": 73.3837
    },
    "training_history": {
        "epochs": [
            1,
            2,
            3,
            4,
            5,
            6,
            7,
            8,
            9,
            10,
            11,
            12,
            13,
            14,
            15,
            16,
            17,
            18,
            19,
            20,
            21,
            22,
            23,
            24,
            25,
            26,
            27,
            28,
            29,
            30,
            31,
            32,
            33,
            34,
            35,
            36,
            37,
            38,
            39,
            40,
            41,
            42,
            43,
            44,
            45,
            46,
            47,
            48,
            49,
            50
        ],
        "train_loss": [
            1.3478818219155073,
            0.8494597617536783,
            0.7950292341411114,
            0.6489724065177143,
            0.5167039455845952,
            0.49475186597555876,
            0.49056269275024533,
            0.49975951574742794,
            0.4891700129956007,
            0.4766814415343106,
            0.4755094377323985,
            0.4750853916630149,
            0.47449470846913755,
            0.4739247430115938,
            0.4737481037154794,
            0.4734958503395319,
            0.47327190870419145,
            0.4731859224848449,
            0.47294237348251045,
            0.47258372558280826,
            0.47280437778681517,
            0.4723972091451287,
            0.47245486406609416,
            0.47224219469353557,
            0.47200057259760797,
            0.4719844749197364,
            0.47163532860577106,
            0.47135070618242025,
            0.47133970726281404,
            0.47103614499792457,
            0.4709720329847187,
            0.4707252802327275,
            0.4706754982471466,
            0.4704178059473634,
            0.47045354498550296,
            0.47039397340267897,
            0.4702210556715727,
            0.4702228957321495,
            0.47007030062377453,
            0.4699753229506314,
            0.46993650309741497,
            0.4699137625284493,
            0.46979216393083334,
            0.46977165015414357,
            0.46970428666099906,
            0.4697712738998234,
            0.4697532942518592,
            0.46961034229025245,
            0.46957292687147856,
            0.4696387501899153
        ],
        "val_loss": [
            0.9730896353721619,
            0.8981034874916076,
            0.8157633304595947,
            0.8759375214576721,
            0.8420940995216369,
            0.8270345330238342,
            0.8178298115730286,
            0.728360390663147,
            0.7307850122451782,
            0.729964303970337,
            0.7289808511734008,
            0.7285744071006774,
            0.728152048587799,
            0.7281429171562195,
            0.7277400493621826,
            0.7273572444915771,
            0.7272558093070984,
            0.7269630551338195,
            0.7271992564201355,
            0.7263535141944886,
            0.7267029404640197,
            0.7266765713691712,
            0.7270963907241821,
            0.7260685086250305,
            0.7265968680381775,
            0.7270214676856994,
            0.7270159125328064,
            0.7256500840187072,
            0.7260375022888184,
            0.7262699842453003,
            0.7248519539833069,
            0.7250453710556031,
            0.7250249862670899,
            0.7247744917869567,
            0.7249966144561768,
            0.7250356554985047,
            0.7244410514831543,
            0.7244068741798401,
            0.7248165011405945,
            0.7242932319641113,
            0.7261126518249512,
            0.7247915267944336,
            0.7244264960289002,
            0.724598741531372,
            0.7246645927429199,
            0.7248647809028625,
            0.7246045947074891,
            0.724650239944458,
            0.7245330095291138,
            0.7247669935226441
        ],
        "train_L_dice": [
            0.9336462191173008,
            0.8341042143957955,
            0.7879559227398464,
            0.6449362891060966,
            0.5142454632690975,
            0.4931600477014269,
            0.5315505649362292,
            0.4748574452740805,
            0.4834207594394684,
            0.4767566067831857,
            0.4959902124745505,
            0.4545462855270931,
            0.44116770369665964,
            0.4426238068512508,
            0.4274970463344029,
            0.47031296151024954,
            0.48080325552395414,
            0.47098645142146517,
            0.46095456395830425,
            0.5100001309599195,
            0.4662782507283347,
            0.49941697290965487,
            0.4572053381374904,
            0.4793470416750227,
            0.4835568368434906,
            0.45251529131616863,
            0.4707250680242266,
            0.43569510749408175,
            0.47420609423092436,
            0.4196215995720455,
            0.5325809461729867,
            0.45137658289500643,
            0.4801289439201355,
            0.4592332584517343,
            0.5168066195079258,
            0.45651714290891376,
            0.4598279765674046,
            0.4642053885119302,
            0.5356507897377014,
            0.3804149329662323,
            0.4910737829548972,
            0.461477313722883,
            0.4153045288154057,
            0.4953371584415436,
            0.4725428521633148,
            0.43856615679604666,
            0.45378259675843374,
            0.5051534644195012,
            0.46473986761910574,
            0.5021277836390904
        ],
        "train_L_pmc": [
            0.039292287081480026,
            0.0,
            0.0,
            0.0,
            0.0,
            0.0,
            0.0,
            0.0,
            0.0,
            0.0,
            0.0,
            0.0,
            0.0,
            0.0,
            0.0,
            0.0,
            0.0,
            0.0,
            0.0,
            0.0,
            0.0,
            0.0,
            0.0,
            0.0,
            0.0,
            0.0,
            0.0,
            0.0,
            0.0,
            0.0,
            0.0,
            0.0,
            0.0,
            0.0,
            0.0,
            0.0,
            0.0,
            0.0,
            0.0,
            0.0,
            0.0,
            0.0,
            0.0,
            0.0,
            0.0,
            0.0,
            0.0,
            0.0,
            0.0,
            0.0
        ],