{
    "model_name": "MOBILENET_UNET_R32",
    "timestamp": "2026-05-20T19:35:52.900195",
    "parameters": {
        "total_parameters": 8224965,
        "trainable_parameters": 6001669,
        "frozen_parameters": 2223296,
        "trainable_percentage": 72.9689
    },
    "memory": {},
    "latency": {},
    "training_time": {
        "total_seconds": 281.45,
        "total_minutes": 4.69,
        "total_hours": 0.0782
    },
    "evaluation_results": {},
    "training_history": {
        "epochs": [
            1,
            2,
            3,
            4,
            5,
            6,
            7,
            8,
            9,
            10,
            11,
            12,
            13,
            14,
            15,
            16,
            17,
            18,
            19,
            20,
            21,
            22,
            23,
            24,
            25,
            26,
            27,
            28,
            29,
            30,
            31,
            32,
            33,
            34,
            35,
            36,
            37,
            38,
            39,
            40,
            41,
            42,
            43,
            44,
            45,
            46,
            47,
            48,
            49,
            50
        ],
        "train_loss": [
            1.1682360304985195,
            0.2614447772502899,
            0.2111555126029998,
            0.1448688325472176,
            0.11264816124457866,
            0.10460273665376008,
            0.0969298443524167,
            0.09216408658539876,
            0.08761810255236924,
            0.08705331437522545,
            0.08347125176806003,
            0.08215143327834085,
            0.08048165368381888,
            0.07817515934584662,
            0.0742962778895162,
            0.07282326387939975,
            0.06878859066637233,
            0.0651194067322649,
            0.06381076000980102,
            0.060347891005221754,
            0.057561022316804156,
            0.0549077691975981,
            0.053924293257296085,
            0.04976804822217673,
            0.048875878914259374,
            0.047223774541635066,
            0.046089771640254185,
            0.04471510509029031,
            0.04304315417539328,
            0.042248688550898805,
            0.04154428353649564,
            0.040173794579459354,
            0.039862182253273204,
            0.039342403528280556,
            0.03849415769218467,
            0.038919087674003094,
            0.03861293231602758,
            0.03745578209054656,
            0.037616964196786284,
            0.0371775251114741,
            0.03661896591074765,
            0.036531893943902105,
            0.0363006258266978,
            0.03582569272839464,
            0.03563826560275629,
            0.035819471086142585,
            0.03622062809881754,
            0.03573828371008858,
            0.035322526178788394,
            0.03589050384471193
        ],
        "val_loss": [
            1.0143550157546997,
            0.5412222266197204,
            0.41751874089241026,
            0.3720777451992035,
            0.31760319471359255,
            0.2881339073181152,
            0.26997279822826387,
            0.2938475966453552,
            0.27413338124752046,
            0.26379228234291074,
            0.27865167558193205,
            0.2504866927862167,
            0.2390359252691269,
            0.23333003222942353,
            0.2376067519187927,
            0.21561564207077027,
            0.20913746058940888,
            0.20366138517856597,
            0.21499958336353303,
            0.19963413774967192,
            0.1917039304971695,
            0.1723159909248352,
            0.1703737586736679,
            0.17703599035739898,
            0.17066732048988342,
            0.16217915415763856,
            0.18568932712078096,
            0.1562337026000023,
            0.15511663556098937,
            0.15768521428108215,
            0.15725117921829224,
            0.16265447735786437,
            0.1735631674528122,
            0.16597410589456557,
            0.16614734530448913,
            0.17367768585681914,
            0.15334671139717101,
            0.15866358131170272,
            0.15758884698152542,
            0.15774882435798646,
            0.16374191343784333,
            0.15895298719406128,
            0.1593253120779991,
            0.15856994092464446,
            0.16171354800462723,
            0.16607207506895066,
            0.16211481094360353,
            0.16130946278572084,
            0.16099755018949508,
            0.16409254521131517
        ],
        "val_dice": [
            0.828317522191671,
            0.9146904732491309,
            0.9247170053371402,
            0.8875956886654364,
            0.8912381876172772,
            0.9029982526944076,
            0.9136459239900067,
            0.9010272060856526,
            0.9070891059962103,
            0.9068530258262292,
            0.9199030923255378,
            0.9181928042610317,
            0.9448026654752232,
            0.9448221109241777,
            0.9472952673784012,
            0.9492589648332969,
            0.9494681301514464,
            0.9519965911554441,
            0.9480316450363836,
            0.9501356765203753,
            0.9476366107666889,
            0.952192636897401,
            0.9461044769032341,
            0.9464636520204679,
            0.9479926781972878,
            0.9467576305146835,
            0.9466119613992836,
            0.9478599176055058,
            0.9497548118210565,
            0.9484335753991051,
            0.9488102444155831,
            0.9497832979750038,
            0.9494466463895107,
            0.9502885284972716,
            0.951598201413682,
            0.9466825361007505,
            0.9511053705471634,
            0.9469912509641387,
            0.9491877998764089,
            0.9486797949390424,
            0.9476926184974955,
            0.9505766466684002,
            0.9507781477261478,
            0.9503502123222182,
            0.9494115796407542,
            0.949133042897255,
            0.9502772383954876,
            0.950531701355565,
            0.9506377515200457,
            0.9501696310101515
        ],
        "val_aji": [
            0.7069470935001669,
            0.8427922640534392,
            0.8599754761555336,
            0.7979074511142257,
            0.8038139279905506,
            0.8231511525959856,
            0.841020385679119,
            0.8198812664655267,
            0.8299753538672896,
            0.8295801454435286,
            0.8516857013378234,
            0.8487582703069626,
            0.8953800721082461,
            0.8954150013053256,
            0.899867966793793,
            0.9034185713349385,
            0.9037975499861073,
            0.9083907391150943,
            0.9011978740265175,
            0.9050080617762946,
            0.9004842057999383,
            0.9087478008151435,
            0.8977213169320634,
            0.8983682943978085,
            0.901127452775533,
            0.8988981624213733,
            0.898635570854526,
            0.9008875657016471,
            0.9043172227885848,
            0.9019245510420973,
            0.9026060607754738,
            0.9043688756269642,
            0.9037586174243322,
            0.9052854563329427,
            0.9076655559889661,
            0.898762783820417,
            0.9067692252779621,
            0.8993194518385607,
            0.9032896646658373,
            0.9023699824013528,
            0.90058535667056,
            0.9058085506203088,
            0.9061745575215016,
            0.9053974225296125,
            0.9036950733914485,
            0.9031904909390516,
            0.905264964382576,
            0.9057269310405442,
            0.9059195267383454,
            0.9050696751365743
        ],