{
    "model_name": "MOBILE_SAM_R4",
    "timestamp": "2026-06-17T20:08:38.814056",
    "parameters": {
        "total_parameters": 6690236,
        "trainable_parameters": 643488,
        "frozen_parameters": 6046748,
        "trainable_percentage": 9.6183
    },
    "training_history": {
        "epochs": [
            1,
            2,
            3,
            4,
            5,
            6,
            7,
            8,
            9,
            10,
            11,
            12,
            13,
            14,
            15,
            16,
            17,
            18,
            19,
            20,
            21,
            22,
            23,
            24,
            25,
            26,
            27,
            28,
            29,
            30,
            31,
            32,
            33,
            34,
            35,
            36,
            37,
            38,
            39,
            40,
            41,
            42,
            43,
            44,
            45,
            46,
            47,
            48,
            49,
            50
        ],
        "train_loss": [
            0.6999231891240925,
            0.3472916461760178,
            0.2656243193196133,
            0.2588482881546952,
            0.2536006523296237,
            0.2524829350877553,
            0.25010860920883715,
            0.24739805713761598,
            0.24977281771134585,
            0.24593039002502337,
            0.24720067909220234,
            0.24620955041609704,
            0.24239252065308392,
            0.24049128190381452,
            0.2515367938322015,
            0.25332021643407643,
            0.25495053973281756,
            0.24727263918612152,
            0.23771460639545694,
            0.23798463679850101,
            0.23681577516254038,
            0.23581480706343427,
            0.23549238697160035,
            0.23427911376347765,
            0.24360965273808688,
            0.23580136729287915,
            0.23398503789212555,
            0.2329912447312381,
            0.2329286463209428,
            0.23325496661709622,
            0.23231034819036722,
            0.23298769973916933,
            0.23229317369987257,
            0.23206857405602932,
            0.23234974694787525,
            0.2318133758381009,
            0.23215622559655458,
            0.2314753297250718,
            0.23064330850320403,
            0.23134002441656776,
            0.23096277745207772,
            0.23064292024355382,
            0.23045237903716043,
            0.23048105410998687,
            0.22997964604292065,
            0.22975366757600568,
            0.2301200705987867,
            0.2304902964970097,
            0.2305407412641216,
            0.2299874183954671
        ],
        "val_loss": [
            0.6437343027856615,
            0.5349621574083964,
            0.5219025512536367,
            0.4918932219346364,
            0.5048881371816,
            0.4884052574634552,
            0.47581396500269574,
            0.48351477252112496,
            0.4764583541287316,
            0.4966481493579017,
            0.47705965903070235,
            0.4736679030789269,
            0.47706857985920376,
            0.4662874076101515,
            0.48097872734069824,
            0.4724210831854079,
            0.4804210397932265,
            0.47711659140057033,
            0.47424349851078457,
            0.4716084500153859,
            0.4653523299429152,
            0.46636314855681527,
            0.46478883425394696,
            0.46348972784148323,
            0.46572854452663,
            0.4648655553658803,
            0.46427762508392334,
            0.4678270220756531,
            0.4683973358737098,
            0.46459541387028164,
            0.46540456347995335,
            0.46231702632374233,
            0.4637291133403778,
            0.46458033058378434,
            0.46437734365463257,
            0.46426690287060207,
            0.4677927361594306,
            0.46538630459043717,
            0.46503909428914386,
            0.46531599428918624,
            0.46480999721421135,
            0.4648713204595778,
            0.462768726878696,
            0.4643460479047563,
            0.465251796775394,
            0.46472352743148804,
            0.46382801400290596,
            0.46562130914794075,
            0.46535365449057686,
            0.4643576873673333
        ],
        "train_L_dice": [
            0.7799853911766639,
            0.4450501776658572,
            0.353363777582462,
            0.37168652277726394,
            0.3684282096532675,
            0.39992366845791155,
            0.3758354118237129,
            0.32127308272398436,
            0.3728889502011813,
            0.37058056317842925,
            0.3758448545749371,
            0.3769420156112084,
            0.3622525242658762,
            0.36545415451893437,
            0.35566835563916427,
            0.36469998153356403,
            0.3955584122584416,
            0.3556958402578647,
            0.3298544929577754,
            0.3795641018794133,
            0.35507702368956345,
            0.33984441367479473,
            0.3875630119672188,
            0.32424921141220975,
            0.36228264295137846,
            0.33980514338383305,
            0.321323682482426,
            0.32048177260618943,
            0.39021450739640456,
            0.369831831409381,
            0.3618076420747317,
            0.36718239463292635,
            0.3456795880427727,
            0.375307002892861,
            0.3308742367304288,
            0.30677271634340286,
            0.3824334465540372,
            0.32765857646098506,
            0.33896128145548016,
            0.3348521131735582,
            0.3506300919331037,
            0.36061139634022343,
            0.3075035225886565,
            0.3984822722581717,
            0.35906667892749494,
            0.3989312190275926,
            0.3707919189563164,
            0.34437805528824145,
            0.3562103223342162,
            0.3446373332005281
        ],
        "train_L_pmc": [
            1.394391221853976,
            0.03942307808364813,
            0.03557692375034094,
            0.031730770061795525,
            0.03846153939286104,
            0.04423077031970024,
            0.03942307808364813,
            0.03653846215456724,
            0.034615385632675424,
            0.03557692389362133,
            0.042307693081406444,
            0.04134615503538113,
            0.03557692389362133,
            0.04711538524581836,
            0.02884615449091563,
            0.04134615467718014,
            0.04134615482046054,
            0.03269230853766203,
            0.031730769775234736,
            0.04711538589058014,
            0.03750000077371414,
            0.03750000070207394,
            0.037500000487153344,
            0.03461538548939503,
            0.037500000558793545,
            0.031730769775234736,
            0.02692307739590223,
            0.031730770133435726,
            0.04134615453389975,
            0.03750000070207394,
            0.03750000113191513,
            0.03653846222620744,
            0.039423078226928525,
            0.03846153881973945,
            0.03173077027671612,
            0.026923077610822823,
            0.035576923965261534,
            0.03653846251276823,
            0.03269230846602183,
            0.034615385417754836,
            0.03846153903466005,
            0.04615384712815285,
            0.03461538556103523,
            0.046153847414713636,
            0.03557692353542034,
            0.04038461598639305,
            0.045192308437365755,
            0.03846153924958064,
            0.03557692389362133,
            0.03942307801200794
        ],