{
    "model_name": "MOBILE_SAM_R4",
    "timestamp": "2026-05-20T19:46:34.609174",
    "parameters": {
        "total_parameters": 6690236,
        "trainable_parameters": 625280,
        "frozen_parameters": 6064956,
        "trainable_percentage": 9.3462
    },
    "memory": {},
    "latency": {},
    "training_time": {
        "total_seconds": 1759.15,
        "total_minutes": 29.32,
        "total_hours": 0.4887
    },
    "evaluation_results": {},
    "training_history": {
        "epochs": [
            1,
            2,
            3,
            4,
            5,
            6,
            7,
            8,
            9,
            10,
            11,
            12,
            13,
            14,
            15,
            16,
            17,
            18,
            19,
            20,
            21,
            22,
            23,
            24,
            25,
            26,
            27,
            28,
            29,
            30,
            31,
            32,
            33,
            34,
            35,
            36,
            37,
            38,
            39,
            40,
            41,
            42,
            43,
            44,
            45,
            46,
            47,
            48,
            49,
            50
        ],
        "train_loss": [
            1.6977276066318154,
            0.6362122676800936,
            0.4832373675890267,
            0.4000532163772732,
            0.3473084222059697,
            0.31616115919314325,
            0.29640891845338047,
            0.28272579004988074,
            0.2673280641902238,
            0.27431647514458746,
            0.23625640955287963,
            0.2279884004383348,
            0.2182860217289999,
            0.21170619531767443,
            0.20934638351900503,
            0.19552576559362933,
            0.19377937319222838,
            0.19738133385544643,
            0.19293638912495226,
            0.1856771704624407,
            0.17974984040483832,
            0.17880703858099878,
            0.176692720153369,
            0.1718355874181725,
            0.17073553038062528,
            0.1665572175406851,
            0.16965444170637056,
            0.1665119003446307,
            0.16180069878464565,
            0.164736277773045,
            0.16259504470508546,
            0.16042770264903083,
            0.15831346216145903,
            0.15931618789909407,
            0.15732552442932501,
            0.1578240609378554,
            0.15395271789748222,
            0.15688025258714333,
            0.15207860968075693,
            0.15100912272464484,
            0.15139100374653935,
            0.15221599928918295,
            0.15062036874587648,
            0.15080252336338162,
            0.1491407158318907,
            0.15051420469535515,
            0.1494444094132632,
            0.14954932092223316,
            0.14913607426569797,
            0.14898128469940275
        ],
        "val_loss": [
            1.2183373437987433,
            0.8826501899295383,
            0.7277226348718008,
            0.6706197030014462,
            0.5851661827829149,
            0.5530988044208951,
            0.5300678908824921,
            0.49991732835769653,
            0.5549230939812131,
            0.5075001849068536,
            0.5182709395885468,
            0.4377167456679874,
            0.4463774628109402,
            0.4576754570007324,
            0.4305516514513228,
            0.40051126811239457,
            0.39019322395324707,
            0.3951198061307271,
            0.39774250321918064,
            0.40161292420493233,
            0.3938480814297994,
            0.37856339083777535,
            0.3888406190607283,
            0.38637662596172756,
            0.37044418189260697,
            0.3823753065533108,
            0.36329951385656994,
            0.3603103193971846,
            0.3708767857816484,
            0.36500470836957294,
            0.3730471001731025,
            0.3554743478695552,
            0.3648623459868961,
            0.36075496342447066,
            0.3856648604075114,
            0.3601525094774034,
            0.3525703681839837,
            0.3528035961919361,
            0.3513099319405026,
            0.3539723886383904,
            0.35101858774820965,
            0.34394896030426025,
            0.3466368069251378,
            0.352481903301345,
            0.3566500080956353,
            0.348278166519271,
            0.3496720840533574,
            0.34898290203677285,
            0.34422021938694847,
            0.3501478400495317
        ],
        "val_dice": [
            0.45691181166889283,
            0.6463590271989363,
            0.7308156535797173,
            0.7663535762945699,
            0.8133743310913739,
            0.8369447138575078,
            0.8502535765066775,
            0.8577070090241462,
            0.8588831034674218,
            0.860227880904196,
            0.8654333448552236,
            0.8775444252882778,
            0.8779282574933136,
            0.8732926468053684,
            0.8771808288461788,
            0.8847428026378268,
            0.8875687014641888,
            0.8882002920106926,
            0.8883853223131728,
            0.8843883754597275,
            0.8929447798563681,
            0.8955732816582112,
            0.895673798805001,
            0.8951133629072625,
            0.8960436978476586,
            0.8978159681978036,
            0.90027675331289,
            0.9006499882451883,
            0.8993672243404943,
            0.8991042621367019,
            0.8951122458315194,
            0.9010663265451395,
            0.901312979738835,
            0.903625581275431,
            0.9003702425400535,
            0.9029412904128091,
            0.9049451686247494,
            0.9027909181257833,
            0.9044523377915807,
            0.9033411487539065,
            0.904143507979927,
            0.905723871673482,
            0.904197679548205,
            0.9037958798563557,
            0.903119771410439,
            0.9047422694087026,
            0.9041328528645242,
            0.9049671282623296,
            0.9055829584239778,
            0.9038330871574534
        ],
        "val_aji": [
            0.2961022027931248,
            0.47749664806720343,
            0.5758152120619617,
            0.6212100660031254,
            0.6854514885384688,
            0.7196087097745834,
            0.7395139998986182,
            0.7508642842073403,
            0.7526688160321191,
            0.7547367289407164,
            0.7627875726215398,
            0.7818077125356658,
            0.7824172236367337,
            0.7750838266292138,
            0.7812307194085206,
            0.7933083101641815,
            0.7978638344969365,
            0.7988851639626756,
            0.7991845916984694,
            0.7927385803497442,
            0.8065946157053623,
            0.810894255621455,
            0.8110590854729212,
            0.8101404550086273,
            0.8116659111422041,
            0.8145790015935654,
            0.8186393767931635,
            0.8192568141310581,
            0.8171365093153691,
            0.816702464378463,
            0.8101386249005584,
            0.8199460516232433,
            0.8203546261287286,
            0.8241943316468785,
            0.8187939953715275,
            0.8230564896135544,
            0.8263925629077883,
            0.8228066400832786,
            0.8255709623517191,
            0.8237212034786139,
            0.8250564873811649,
            0.8276922508202842,
            0.8251467100155508,
            0.8244777256793416,
            0.823353131792455,
            0.8260542191473589,
            0.8250387423583849,
            0.8264291891313437,
            0.8274569236603693,
            0.8245396541058341
        ],