{
    "model_name": "MOBILE_SAM_R4",
    "timestamp": "2026-06-15T19:08:47.239633",
    "parameters": {
        "total_parameters": 6690236,
        "trainable_parameters": 643488,
        "frozen_parameters": 6046748,
        "trainable_percentage": 9.6183
    },
    "training_history": {
        "epochs": [
            1,
            2,
            3,
            4,
            5,
            6,
            7,
            8,
            9,
            10,
            11,
            12,
            13,
            14,
            15,
            16,
            17,
            18,
            19,
            20,
            21,
            22,
            23,
            24,
            25,
            26,
            27,
            28,
            29,
            30,
            31,
            32,
            33,
            34,
            35,
            36,
            37,
            38,
            39,
            40,
            41,
            42,
            43,
            44,
            45,
            46,
            47,
            48,
            49,
            50
        ],
        "train_loss": [
            0.7072828158270568,
            0.3545008522924036,
            0.24199177930131555,
            0.2048652103112545,
            0.19021350968978368,
            0.18294976590550505,
            0.18638931796886027,
            0.1752792279003188,
            0.17270553321577609,
            0.17008477068156935,
            0.16893374553183094,
            0.1674312592804199,
            0.17656014702515677,
            0.16491037179366685,
            0.16655048073153012,
            0.1650059804233024,
            0.16670401992450934,
            0.16273247262870427,
            0.16362083397689275,
            0.16596975122229196,
            0.1605486638727598,
            0.1593787555466406,
            0.16569012793479487,
            0.15986329421866685,
            0.16021123716200236,
            0.15845811329199933,
            0.1620106946065789,
            0.15852847666246817,
            0.1580788409919478,
            0.1577350143197691,
            0.15640056136180647,
            0.15638414172281045,
            0.15551108079671394,
            0.15499503564205952,
            0.15500794736726675,
            0.15431531891226768,
            0.1537118167616427,
            0.1545690265193116,
            0.15374669170705602,
            0.15359479557082523,
            0.15393856682931073,
            0.15328485108329915,
            0.1536847946990747,
            0.15338695092941634,
            0.15280264744069427,
            0.15309748542495072,
            0.15282792667858303,
            0.15282475942512974,
            0.15265179025300313,
            0.15310679597314447
        ],
        "val_loss": [
            0.6146896812650893,
            0.5371004243691763,
            0.4362252006928126,
            0.4007699547542466,
            0.4004381448030472,
            0.38757242427931893,
            0.3916225466463301,
            0.38336127003033954,
            0.3932361255089442,
            0.3823990946014722,
            0.37959567954142887,
            0.3760679703619745,
            0.38921458025773364,
            0.38229576746622723,
            0.37934770931800205,
            0.3632378081480662,
            0.3751479842596584,
            0.3620819143123097,
            0.3598323033915626,
            0.3789717223909166,
            0.38094427022669053,
            0.3714495946963628,
            0.3714666548702452,
            0.39148029685020447,
            0.36648496240377426,
            0.37085071702798206,
            0.3765503805544641,
            0.3652880448434088,
            0.355235262049569,
            0.36232804010311764,
            0.3626576496495141,
            0.36575720210870105,
            0.3653208547168308,
            0.36317803379562164,
            0.36370541900396347,
            0.3606681591934628,
            0.3608056381344795,
            0.3668215192026562,
            0.3670214083459642,
            0.36738664077387917,
            0.3663896057340834,
            0.36757321076260674,
            0.36330413073301315,
            0.3596921960512797,
            0.36321069962448543,
            0.36210362282064223,
            0.36237238347530365,
            0.36195994168519974,
            0.3657963565654225,
            0.3598003097706371
        ],
        "train_L_dice": [
            0.7880437190716083,
            0.4617950136844928,
            0.3458827046247629,
            0.32930455528772795,
            0.3228208560210008,
            0.32220809849408955,
            0.30812440468714786,
            0.2505420916355573,
            0.2801966415001796,
            0.2808435341486564,
            0.29424037727025837,
            0.30049434762734634,
            0.3208305468926063,
            0.2973671589906399,
            0.28532264553583586,
            0.29609839618206024,
            0.29928977672870344,
            0.26608484467634785,
            0.269008790071194,
            0.3098687414939587,
            0.28772461070464206,
            0.2725006009523685,
            0.3217959403991699,
            0.2612802477983328,
            0.2714696709926312,
            0.2721666945860936,
            0.2505216598510742,
            0.250942499591754,
            0.3049323684894122,
            0.29200248878735763,
            0.2719913503298393,
            0.2876845048024104,
            0.275611739892226,
            0.3084411116746756,
            0.2785807635921698,
            0.24152764276816294,
            0.2821134260067573,
            0.2638729547078793,
            0.2603429980002917,
            0.25713221155680144,
            0.2808597947542484,
            0.27704094694210935,
            0.24813124537467957,
            0.3164663165807724,
            0.3023344392959888,
            0.3217610407334108,
            0.29689974739001346,
            0.2716875769771062,
            0.29253145135366,
            0.2640404678308047
        ],
        "train_L_pmc": [
            1.3951075925993233,
            0.03846153939286104,
            0.03653846215456724,
            0.031730770061795525,
            0.03942307779708734,
            0.04326923162891315,
            0.037500000988634735,
            0.03653846215456724,
            0.03365384722844912,
            0.034615385417754836,
            0.04423076988985905,
            0.04230769329632704,
            0.03653846244112803,
            0.04711538524581836,
            0.02884615449091563,
            0.04326923162891315,
            0.04134615482046054,
            0.03076923144264863,
            0.03365384672696774,
            0.04711538589058014,
            0.03750000077371414,
            0.036538462297847636,
            0.037500000487153344,
            0.03557692389362133,
            0.03653846215456724,
            0.030769231227728035,
            0.029807692823501732,
            0.031730770133435726,
            0.04134615453389975,
            0.03846153946450123,
            0.03653846258440843,
            0.03653846222620744,
            0.039423078226928525,
            0.039423077223965756,
            0.032692308680942424,
            0.026923077610822823,
            0.03846153932122084,
            0.03557692410854193,
            0.03269230846602183,
            0.03365384687024813,
            0.03942307772544714,
            0.04519230858064615,
            0.03557692382198114,
            0.046153847414713636,
            0.037500000487153344,
            0.04038461605803324,
            0.04711538560401935,
            0.03942307765380694,
            0.03461538548939503,
            0.040384616559514634
        ],