{
    "model_name": "MOBILE_SAM_R32",
    "timestamp": "2026-05-20T21:14:30.895564",
    "parameters": {
        "total_parameters": 6898108,
        "trainable_parameters": 833152,
        "frozen_parameters": 6064956,
        "trainable_percentage": 12.078
    },
    "memory": {},
    "latency": {},
    "training_time": {
        "total_seconds": 1755.83,
        "total_minutes": 29.26,
        "total_hours": 0.4877
    },
    "evaluation_results": {},
    "training_history": {
        "epochs": [
            1,
            2,
            3,
            4,
            5,
            6,
            7,
            8,
            9,
            10,
            11,
            12,
            13,
            14,
            15,
            16,
            17,
            18,
            19,
            20,
            21,
            22,
            23,
            24,
            25,
            26,
            27,
            28,
            29,
            30,
            31,
            32,
            33,
            34,
            35,
            36,
            37,
            38,
            39,
            40,
            41,
            42,
            43,
            44,
            45,
            46,
            47,
            48,
            49,
            50
        ],
        "train_loss": [
            1.581389457685873,
            0.49099264678079635,
            0.3484405147610232,
            0.2878371726255864,
            0.26548104907851666,
            0.23645048344042152,
            0.2439236816135235,
            0.21391889604274184,
            0.21107363572809845,
            0.1779071394703351,
            0.17123616626486182,
            0.16140120633644983,
            0.1529134669690393,
            0.14699495752574876,
            0.14144361531361938,
            0.13659948590793647,
            0.14000043302075937,
            0.13531183628947474,
            0.1321074343577493,
            0.12798382644541562,
            0.12516151956515387,
            0.16285244841128588,
            0.13986269891029224,
            0.12828918665763922,
            0.1264275329594966,
            0.12250215036328882,
            0.12048650503857061,
            0.11918939728639089,
            0.11789717496139929,
            0.11649582732934505,
            0.11641279608011246,
            0.11573235629475676,
            0.11355867807287723,
            0.11311861855210736,
            0.11363301132223569,
            0.11344342055963352,
            0.11259667607373558,
            0.11114004621049389,
            0.10936110725742765,
            0.10937904470483772,
            0.10949785014963709,
            0.10773302376037464,
            0.11151999406865798,
            0.10836520974407904,
            0.10739221127005294,
            0.10723240950028412,
            0.10705043628695421,
            0.10855262709083036,
            0.10857917126850225,
            0.108977812808007
        ],
        "val_loss": [
            0.9269589185714722,
            0.8025716013378568,
            0.5515670279661814,
            0.49164817068311906,
            0.4643418888250987,
            0.44684165385034347,
            0.4258506629202101,
            0.3958278364605374,
            0.3930647075176239,
            0.36324042578538257,
            0.3785101506445143,
            0.3386695832014084,
            0.3306435032023324,
            0.3511654171678755,
            0.3221985350052516,
            0.3158972014983495,
            0.32107073730892605,
            0.3223698851135042,
            0.3186664680639903,
            0.30672207805845475,
            0.2996737129158444,
            0.3337051918109258,
            0.3103238460090425,
            0.3136971394220988,
            0.29805713560846114,
            0.3085780243078868,
            0.3003068682220247,
            0.30103518565495807,
            0.2971034993728002,
            0.29480962124135757,
            0.3028251892990536,
            0.30967119832833606,
            0.29009586572647095,
            0.2998197658194436,
            0.2974430388874478,
            0.2851347194777595,
            0.29290162523587543,
            0.28328600856992936,
            0.28644095692369675,
            0.28521521886189777,
            0.28967007497946423,
            0.28264975051085156,
            0.28331783579455483,
            0.2831299950679143,
            0.2889517959621217,
            0.28598380585511524,
            0.2844554003742006,
            0.2829826275507609,
            0.2843494481510586,
            0.28330061005221474
        ],
        "val_dice": [
            0.6195207392253334,
            0.7473134357251752,
            0.842384717356311,
            0.8701927221141577,
            0.8805860329608277,
            0.8860344695547085,
            0.8871554622339418,
            0.9020831431891796,
            0.904326212729837,
            0.9008352812699982,
            0.9048701896976694,
            0.9100220330115859,
            0.914376464622799,
            0.9112791843265102,
            0.9158742207368193,
            0.9164154873329119,
            0.9145888975207779,
            0.9171842920072912,
            0.919620994202999,
            0.9174455688008134,
            0.921188723127055,
            0.9122421564504827,
            0.9173774570172102,
            0.9158045864525086,
            0.9217416438844798,
            0.9211188352938886,
            0.9224492048707291,
            0.9212124908587571,
            0.9201329760469176,
            0.9237426323775936,
            0.9207820632848966,
            0.9238387213636812,
            0.9229230244625809,
            0.923363586867785,
            0.9246614180806156,
            0.9258212565792185,
            0.923284683174384,
            0.925392129398716,
            0.9251999759489977,
            0.9265422122854947,
            0.9249452894659042,
            0.9270278256247086,
            0.925697819176224,
            0.9255855599711386,
            0.9238590851100675,
            0.9256292066408062,
            0.9255006322227777,
            0.9261395718971723,
            0.9253493407464274,
            0.9262501271073521
        ],
        "val_aji": [
            0.448772217612081,
            0.5965685727281603,
            0.7276896996664779,
            0.7702134152848708,
            0.7866491386470371,
            0.7953876895998112,
            0.7971962229466764,
            0.821631563076197,
            0.8253608174591248,
            0.8195634975537082,
            0.826267517499011,
            0.834899475560921,
            0.8422592499388821,
            0.8370182430679319,
            0.8448043928623186,
            0.8457259001213355,
            0.8426198105323746,
            0.8470363749225063,
            0.8512022070667599,
            0.8474821610443405,
            0.8538923747601372,
            0.8386445217197417,
            0.8473659291166206,
            0.8446859071797697,
            0.8548430333571448,
            0.8537722832011833,
            0.8560609940991833,
            0.8539332195198276,
            0.8520798909837763,
            0.8582915761294736,
            0.8531938100357653,
            0.858457500472739,
            0.8568774984741259,
            0.8576373375497123,
            0.8598793288251377,
            0.861887523142461,
            0.8575012064437069,
            0.8611440086335156,
            0.8608112720930626,
            0.8631380040180173,
            0.8603704354789383,
            0.86398123619976,
            0.8616735921232124,
            0.8614790768693269,
            0.8584926679463345,
            0.8615547000739631,
            0.8613319467440237,
            0.8624394266332808,
            0.8610699046973586,
            0.8626311867325896
        ],