{
    "model_name": "MOBILE_SAM_R32",
    "timestamp": "2026-06-15T21:07:31.864711",
    "parameters": {
        "total_parameters": 6898108,
        "trainable_parameters": 851360,
        "frozen_parameters": 6046748,
        "trainable_percentage": 12.3419
    },
    "training_history": {
        "epochs": [
            1,
            2,
            3,
            4,
            5,
            6,
            7,
            8,
            9,
            10,
            11,
            12,
            13,
            14,
            15,
            16,
            17,
            18,
            19,
            20,
            21,
            22,
            23,
            24,
            25,
            26,
            27,
            28,
            29,
            30,
            31,
            32,
            33,
            34,
            35,
            36,
            37,
            38,
            39,
            40,
            41,
            42,
            43,
            44,
            45,
            46,
            47,
            48,
            49,
            50
        ],
        "train_loss": [
            0.6435407011304051,
            0.2777721980237402,
            0.2620192061876878,
            0.25959516840521246,
            0.25280486687552184,
            0.2530726639088243,
            0.2456268733512843,
            0.24429245752980933,
            0.2541764321504161,
            0.25592733605299145,
            0.245561869291123,
            0.2657946737599559,
            0.24622781976358965,
            0.24340221524471417,
            0.24435992827056907,
            0.24273698491742834,
            0.2391535454953555,
            0.23679794743657112,
            0.23909131193067878,
            0.24323299521347508,
            0.238710731966421,
            0.2556208434398286,
            0.24038581817876548,
            0.25736795127158985,
            0.2443759610177949,
            0.24089055455988273,
            0.23919846535136458,
            0.23994339394266717,
            0.23907892516581342,
            0.24014645966235548,
            0.23688048153417185,
            0.2368517538998276,
            0.23663021059473976,
            0.23699556168867275,
            0.23732473334530368,
            0.23642993035900872,
            0.237075977755012,
            0.23526045677135698,
            0.23447486123768613,
            0.23475215822691098,
            0.23458568955538794,
            0.23484270603512414,
            0.23446957184933126,
            0.23465420430875383,
            0.23450227547436953,
            0.23384584859013557,
            0.23381498962407932,
            0.2340836676885374,
            0.23418723861686885,
            0.23349576100008562
        ],
        "val_loss": [
            0.6566415594683753,
            0.5212754938337538,
            0.5183748536639743,
            0.5061563518312242,
            0.5126501984066434,
            0.48095180259810555,
            0.47355738944477505,
            0.46229928731918335,
            0.48570048477914596,
            0.4666380418671502,
            0.4631715913613637,
            0.4813952346642812,
            0.46748092770576477,
            0.48261411322487724,
            0.47355900208155316,
            0.47847987545861137,
            0.46763384342193604,
            0.46714452240202164,
            0.5239678157700433,
            0.47558530502849156,
            0.46791255805227494,
            0.47364786598417496,
            0.4689301947752635,
            0.4717382556862301,
            0.4692255159219106,
            0.46761344869931537,
            0.47273169954617816,
            0.4727810389465756,
            0.49920541710323757,
            0.46387210819456315,
            0.4670213494035933,
            0.4698408411608802,
            0.4686503012975057,
            0.4687190916803148,
            0.46664586000972325,
            0.46796510285801357,
            0.473948684003618,
            0.45938383870654637,
            0.46890289584795636,
            0.4696703288290236,
            0.46936826904614765,
            0.4702388180626763,
            0.4692050649060143,
            0.46583058767848545,
            0.46791327330801225,
            0.46864281760321724,
            0.4672425157494015,
            0.4693537089559767,
            0.4685543179512024,
            0.46888888544506496
        ],
        "train_L_dice": [
            0.7421354124179254,
            0.3905989642326648,
            0.41593637603979844,
            0.35291050145259273,
            0.3552777377458719,
            0.35631373066168565,
            0.33939262995353114,
            0.3580242143227504,
            0.3700679380160112,
            0.3565720526071695,
            0.3560563394656548,
            0.356398520561365,
            0.37642767337652355,
            0.373361899302556,
            0.3754725731336154,
            0.35896203265740323,
            0.3675404196748367,
            0.31011420832230496,
            0.3504802000064116,
            0.39312338026670307,
            0.3508252902672841,
            0.3717055664612697,
            0.3869211341326053,
            0.41203019939936125,
            0.350124696126351,
            0.3449766773443956,
            0.36079722069776976,
            0.3825818265859897,
            0.3256347763996858,
            0.3719308697260343,
            0.3789251973995796,
            0.37894618052702683,
            0.3676176953774232,
            0.3521447479724884,
            0.34431883692741394,
            0.3800710428219575,
            0.3572918543448815,
            0.3443412482738495,
            0.3721849505717938,
            0.32575197288623226,
            0.3947323434627973,
            0.3800129580956239,
            0.34642046002241283,
            0.3906865337720284,
            0.3564268270364174,
            0.34453721115222347,
            0.3331362410233571,
            0.33339480138742006,
            0.36996503747426546,
            0.3079026731160971
        ],
        "train_L_pmc": [
            1.6022034286019893,
            0.034615385346114635,
            0.04038461627295384,
            0.031730770061795525,
            0.034615385274474435,
            0.030769231299368236,
            0.03269230853766203,
            0.03653846215456724,
            0.040384616201313644,
            0.03653846236948784,
            0.039423077940367736,
            0.03269230817946104,
            0.037500000630433745,
            0.03846153910630024,
            0.04134615517866153,
            0.03846153924958064,
            0.037500000916994534,
            0.032692308752582624,
            0.037500000988634735,
            0.04134615503538113,
            0.04038461627295384,
            0.04423077024806004,
            0.04326923170055334,
            0.04423077039134044,
            0.04134615460553995,
            0.032692308680942424,
            0.047115385389098756,
            0.03942307772544714,
            0.030769231514288828,
            0.03846153932122084,
            0.03461538520283424,
            0.032692308752582624,
            0.03653846244112803,
            0.03750000070207394,
            0.03365384694188833,
            0.04134615460553995,
            0.03653846215456724,
            0.034615385274474435,
            0.04134615474882034,
            0.03557692382198114,
            0.047115385389098756,
            0.037500000916994534,
            0.03846153924958064,
            0.039423077582166746,
            0.03365384679860794,
            0.037500000630433745,
            0.03750000077371414,
            0.03653846236948784,
            0.03942307779708734,
            0.028846154634196024
        ],