{
    "model_name": "MOBILE_SAM_R32",
    "timestamp": "2026-06-17T22:03:04.300821",
    "parameters": {
        "total_parameters": 6898108,
        "trainable_parameters": 851360,
        "frozen_parameters": 6046748,
        "trainable_percentage": 12.3419
    },
    "training_history": {
        "epochs": [
            1,
            2,
            3,
            4,
            5,
            6,
            7,
            8,
            9,
            10,
            11,
            12,
            13,
            14,
            15,
            16,
            17,
            18,
            19,
            20,
            21,
            22,
            23,
            24,
            25,
            26,
            27,
            28,
            29,
            30,
            31,
            32,
            33,
            34,
            35,
            36,
            37,
            38,
            39,
            40,
            41,
            42,
            43,
            44,
            45,
            46,
            47,
            48,
            49,
            50
        ],
        "train_loss": [
            0.6453749322099611,
            0.2923359761480242,
            0.27792228624457493,
            0.25660874698951375,
            0.26234869501786307,
            0.2604359344113618,
            0.25799873477080837,
            0.2644933902192861,
            0.24655321723548695,
            0.245173464063555,
            0.24271092243725434,
            0.242713893589098,
            0.24061914766207337,
            0.2392090373323299,
            0.2442201659141574,
            0.24041258555371314,
            0.23836353654041886,
            0.23874303966294974,
            0.2396914753189776,
            0.2374391406774521,
            0.23855970246950164,
            0.24067199073033407,
            0.24012335928273387,
            0.2411165767116472,
            0.24553003767505288,
            0.2381581606459804,
            0.24723358402843587,
            0.2386736284242943,
            0.23538823571288958,
            0.2348314846167341,
            0.23406824987614527,
            0.23342634964501485,
            0.23248272301862016,
            0.2323606742429547,
            0.2318201255693566,
            0.23136565324966796,
            0.23089119282667525,
            0.23223877575946972,
            0.23092828270455357,
            0.23070975455630105,
            0.23142618784913793,
            0.23100453554070555,
            0.23043773556128144,
            0.23910209303721786,
            0.2303061382845044,
            0.23014328978024423,
            0.23113880859455094,
            0.22948229644680396,
            0.22986033838242292,
            0.229352276714053
        ],
        "val_loss": [
            0.5623539818657769,
            0.5122313764360216,
            0.49458209342426723,
            0.5000393059518602,
            0.5273069209522672,
            0.5797344909773933,
            0.49150749378734165,
            0.47689976957109237,
            0.4890383581320445,
            0.4752953085634444,
            0.46625782383812797,
            0.4626190960407257,
            0.4749610953860813,
            0.4688026143444909,
            0.474122295777003,
            0.4672437111536662,
            0.46721123655637103,
            0.47219790352715385,
            0.47121163540416294,
            0.467143800523546,
            0.4985037048657735,
            0.4706537193722195,
            0.4693707095252143,
            0.4690837429629432,
            0.46797437800301445,
            0.47127381298277116,
            0.4709027111530304,
            0.4833066331015693,
            0.47391518619325423,
            0.4702834056483375,
            0.46821019715733,
            0.46781867411401534,
            0.46197378304269576,
            0.47337165143754745,
            0.46316215727064347,
            0.4616176452901628,
            0.476344045665529,
            0.45935983459154767,
            0.46366963783899945,
            0.4592034187581804,
            0.4660921593507131,
            0.459809809923172,
            0.467101600435045,
            0.45991801884439254,
            0.4781579640176561,
            0.4604000515407986,
            0.4628625280327267,
            0.4597664574782054,
            0.460382878780365,
            0.45995580156644184
        ],
        "train_L_dice": [
            0.7292926701215597,
            0.39774300960394054,
            0.42090259950894576,
            0.34102514959298647,
            0.3719533085823059,
            0.36452366984807527,
            0.3544955929884544,
            0.36490978873693025,
            0.36371997686532825,
            0.3523228076788095,
            0.35497976724918073,
            0.3367240944733986,
            0.36699606822087216,
            0.3685438117155662,
            0.3776061970453996,
            0.361082700582651,
            0.3698695726119555,
            0.32037487855324376,
            0.344427683032476,
            0.383717343211174,
            0.36099011508318096,
            0.3582785060772529,
            0.38479900245483106,
            0.387666791677475,
            0.3442725264109098,
            0.34821813840132493,
            0.3620947599411011,
            0.3837211074737402,
            0.32228239797628844,
            0.37221744312689853,
            0.37269187661317676,
            0.37474097655369687,
            0.3644552276684688,
            0.33957074926449704,
            0.3401526843126004,
            0.38152418916042036,
            0.3535243249856509,
            0.34301277421987975,
            0.36492084654477924,
            0.3253233341070322,
            0.3960105295364673,
            0.3767380542480029,
            0.33892856767544377,
            0.387103517468159,
            0.3450738558402428,
            0.3402124219215833,
            0.33052852062078625,
            0.32703383610798764,
            0.3638957945200113,
            0.30409597089657414
        ],
        "train_L_pmc": [
            1.6013880224468617,
            0.03365384701352853,
            0.042307692794845655,
            0.030769231514288828,
            0.03846153910630024,
            0.03076923144264863,
            0.03461538548939503,
            0.037500000558793545,
            0.03846153932122084,
            0.03557692382198114,
            0.039423077940367736,
            0.028846154275995035,
            0.037500000630433745,
            0.037500000558793545,
            0.03846153953614143,
            0.03750000070207394,
            0.03846153932122084,
            0.032692308752582624,
            0.035576923965261534,
            0.04423077067790123,
            0.04038461627295384,
            0.04423077024806004,
            0.04134615467718014,
            0.042307693439607434,
            0.039423077582166746,
            0.032692308680942424,
            0.04423077017641985,
            0.04038461641623424,
            0.031730770061795525,
            0.03846153932122084,
            0.03461538520283424,
            0.032692308752582624,
            0.03653846244112803,
            0.03846153910630024,
            0.03365384694188833,
            0.045192308795566745,
            0.03461538513119404,
            0.034615385274474435,
            0.04134615474882034,
            0.03557692382198114,
            0.04807692407988585,
            0.037500000916994534,
            0.036538462297847636,
            0.04134615453389975,
            0.03365384665532754,
            0.03846153917794044,
            0.03750000077371414,
            0.03653846236948784,
            0.03942307779708734,
            0.028846154634196024
        ],