{
    "model_name": "EDGE_SAM_R32",
    "timestamp": "2026-06-17T20:28:24.719430",
    "parameters": {
        "total_parameters": 6941317,
        "trainable_parameters": 1471189,
        "frozen_parameters": 5470128,
        "trainable_percentage": 21.1947
    },
    "training_history": {
        "epochs": [
            1,
            2,
            3,
            4,
            5,
            6,
            7,
            8,
            9,
            10,
            11,
            12,
            13,
            14,
            15,
            16,
            17,
            18,
            19,
            20,
            21,
            22,
            23,
            24,
            25,
            26,
            27,
            28,
            29,
            30,
            31,
            32,
            33,
            34,
            35,
            36,
            37,
            38,
            39,
            40,
            41,
            42,
            43,
            44,
            45,
            46,
            47,
            48,
            49,
            50
        ],
        "train_loss": [
            1.6755883805453777,
            1.4416574984788895,
            1.2801388800144196,
            1.159369194880128,
            1.0674039283767343,
            1.004197739996016,
            0.9663874311372638,
            0.940221662633121,
            0.9242653306573629,
            0.899477425031364,
            0.865666544996202,
            0.8438705252483487,
            0.8202108824625611,
            0.7930732946842909,
            0.7597837615758181,
            0.7295449879020452,
            0.7116237003356218,
            0.6931135216727853,
            0.6706382436677814,
            0.6467434028163552,
            0.6288604289293289,
            0.613955931738019,
            0.6057370863854885,
            0.5723953144624829,
            0.5289876568131149,
            0.47836632328107953,
            0.4384962432086468,
            0.4085726379416883,
            0.38967249216511846,
            0.37185025308281183,
            0.3502553002908826,
            0.3378533939830959,
            0.32299718144349754,
            0.3041521916165948,
            0.29379777424037457,
            0.277413280447945,
            0.26679723523557186,
            0.2564730471931398,
            0.25139406649395823,
            0.24635866074822843,
            0.24017853708937764,
            0.2419019117951393,
            0.2337538015563041,
            0.23029014910571277,
            0.23397282068617642,
            0.2321077159140259,
            0.2286030286923051,
            0.22833926673047245,
            0.23098207265138626,
            0.2296291389502585
        ],
        "val_loss": [
            1.0679516553878785,
            1.0656525492668152,
            1.0225575685501098,
            1.048519992828369,
            1.0203961372375487,
            0.9794586777687073,
            0.927283251285553,
            0.8931294560432435,
            0.8783371329307557,
            0.8579715013504028,
            0.8492250442504883,
            0.845061469078064,
            0.8267231345176697,
            0.8010439038276672,
            0.7513601899147033,
            0.7184927821159363,
            0.6935820341110229,
            0.6632714748382569,
            0.6254306077957154,
            0.5956133604049683,
            0.5975738763809204,
            0.5707087397575379,
            0.5707666158676148,
            0.5719734787940979,
            0.5704713821411133,
            0.5543519377708435,
            0.5580821752548217,
            0.549003267288208,
            0.5322311818599701,
            0.5370571136474609,
            0.5335910558700562,
            0.5178843677043915,
            0.5197018027305603,
            0.5060818910598754,
            0.5020658850669861,
            0.5013253688812256,
            0.4961093246936798,
            0.486360502243042,
            0.48365074396133423,
            0.4819246828556061,
            0.48073147535324096,
            0.4815411865711212,
            0.478242552280426,
            0.4752198398113251,
            0.4793976485729218,
            0.47466951608657837,
            0.47627692222595214,
            0.47529616951942444,
            0.47459531426429746,
            0.4739194631576538
        ],
        "train_L_dice": [
            0.9457172325679234,
            0.9352904983929226,
            0.9291820100375584,
            0.926580582346235,
            0.9248284527233669,
            0.9214429429599217,
            0.9132341657366071,
            0.9024017793791634,
            0.8907350131443569,
            0.8704134736742292,
            0.8430074027606419,
            0.8254629373550415,
            0.8100848879132952,
            0.7773956230708531,
            0.7435458643095834,
            0.7291869435991559,
            0.6965662837028503,
            0.6841127446719578,
            0.6807450907570975,
            0.6489442672048297,
            0.6149614453315735,
            0.6063246045793805,
            0.5790019801684788,
            0.5653031979288373,
            0.532291190964835,
            0.4834188435758863,
            0.4228741356304714,
            0.40043531145368305,
            0.39825763021196636,
            0.36741714818137033,
            0.3477217640195574,
            0.3125910077776228,
            0.3159814647265843,
            0.30758124589920044,
            0.3161428826195853,
            0.2771931822810854,
            0.24066969113690512,
            0.2670607268810272,
            0.2544167446238654,
            0.23153039600167954,
            0.2223344317504338,
            0.23285746148654393,
            0.2151477656194142,
            0.21745077627045767,
            0.21599192491599492,
            0.2183900432927268,
            0.2237169678722109,
            0.20922598455633437,
            0.21551139652729034,
            0.21520033265863145
        ],
        "train_L_pmc": [
            0.03944844725940909,
            0.014106450935027428,
            0.03536757653845208,
            0.01576305859323059,
            0.0009242398664355278,
            0.026380715226488455,
            0.0015545027064425604,
            0.0,
            0.0,
            0.0,
            0.0,
            0.0,
            0.0,
            0.0,
            0.0,
            0.0,
            0.0,
            0.0,
            0.0,
            0.0,
            0.0,
            0.0,
            0.0,
            0.0,
            0.0,
            0.0,
            0.0,
            0.0,
            0.0,
            0.0,
            0.0,
            0.0,
            0.0,
            0.0,
            0.0,
            0.0,
            0.0,
            0.0,
            0.0,
            0.0,
            0.0,
            0.0,
            0.0,
            0.0,
            0.0,
            0.0,
            0.0,
            0.0,
            0.0,
            0.0
        ],