{
    "model_name": "EDGE_SAM_R32",
    "timestamp": "2026-05-20T19:30:50.768117",
    "parameters": {
        "total_parameters": 5763269,
        "trainable_parameters": 246149,
        "frozen_parameters": 5517120,
        "trainable_percentage": 4.271
    },
    "memory": {},
    "latency": {},
    "training_time": {
        "total_seconds": 210.1,
        "total_minutes": 3.5,
        "total_hours": 0.0584
    },
    "evaluation_results": {},
    "training_history": {
        "epochs": [
            1,
            2,
            3,
            4,
            5,
            6,
            7,
            8,
            9,
            10,
            11,
            12,
            13,
            14,
            15,
            16,
            17,
            18,
            19,
            20,
            21,
            22,
            23,
            24,
            25,
            26,
            27,
            28,
            29,
            30,
            31,
            32,
            33,
            34,
            35,
            36,
            37,
            38,
            39,
            40,
            41,
            42,
            43,
            44,
            45,
            46,
            47,
            48,
            49,
            50
        ],
        "train_loss": [
            1.0732322395779192,
            0.6206722725182772,
            0.5727746211923659,
            0.5402080067433417,
            0.525083314627409,
            0.5065116910263896,
            0.49206614308059216,
            0.4747281800955534,
            0.4694407279603183,
            0.457648447714746,
            0.4477898986078799,
            0.44499501353129745,
            0.43544638995081186,
            0.43336917646229267,
            0.4270143420435488,
            0.42196949012577534,
            0.41450095316395164,
            0.4115835400298238,
            0.4077544091269374,
            0.40322024282068014,
            0.40163384983316064,
            0.3964225221425295,
            0.3939339220523834,
            0.3923054428305477,
            0.39229403948411345,
            0.38725839368999004,
            0.38557859929278493,
            0.3835102370940149,
            0.38043869053944945,
            0.3839709940366447,
            0.3791982145048678,
            0.37591440649703145,
            0.37661304930225015,
            0.373840294778347,
            0.37447661673650146,
            0.37025938811711967,
            0.3686004604678601,
            0.3714631774928421,
            0.3714034396689385,
            0.36713725863955915,
            0.36789217055775225,
            0.3652643635869026,
            0.3654528020415455,
            0.3664090356323868,
            0.3662398576270789,
            0.36668080533854663,
            0.36449510999955237,
            0.3669420457445085,
            0.36473305243998766,
            0.36327682179398835
        ],
        "val_loss": [
            1.3570072650909424,
            1.2141204118728637,
            1.1511890411376953,
            1.1156407713890075,
            1.0360983729362487,
            1.0707540154457091,
            1.0134014010429382,
            0.9749516129493714,
            0.9944591522216797,
            0.9917062878608703,
            0.9856017708778382,
            0.9478487133979797,
            0.9249649405479431,
            0.9792405366897583,
            0.9186793088912963,
            0.9424397110939026,
            0.904420268535614,
            0.9055436134338379,
            0.9038094878196716,
            0.8914275527000427,
            0.8894405722618103,
            0.8561557769775391,
            0.8874205946922302,
            0.8835968613624573,
            0.8673090934753418,
            0.8889959812164306,
            0.8666556715965271,
            0.8593436360359192,
            0.8687600255012512,
            0.8548767566680908,
            0.853474497795105,
            0.8594938755035401,
            0.8556369066238403,
            0.8584353685379028,
            0.8491734862327576,
            0.8580628514289856,
            0.8554842472076416,
            0.8416635990142822,
            0.8482831716537476,
            0.8440355777740478,
            0.844321072101593,
            0.8423074245452881,
            0.8473922610282898,
            0.8363416194915771,
            0.8456103205680847,
            0.8406649470329285,
            0.839353060722351,
            0.8419241786003113,
            0.8400403738021851,
            0.8419193744659423
        ],
        "val_dice": [
            0.06814679147109351,
            0.23400483237439537,
            0.27203136791679566,
            0.3391954891687452,
            0.42320037166756524,
            0.36409546442637786,
            0.43870994179068074,
            0.47724556800674417,
            0.45995322964521324,
            0.46518206460747274,
            0.46157824958582566,
            0.4994998177527484,
            0.5404579577458184,
            0.46126881438336087,
            0.5422261175729036,
            0.4948417385381762,
            0.536099555401246,
            0.5415246263879957,
            0.5349348063952369,
            0.5488623030716341,
            0.5556645558356564,
            0.5814478309381815,
            0.5648158775174252,
            0.5690696848923827,
            0.5860683136284371,
            0.5607885149994836,
            0.5791791870232369,
            0.578992354611315,
            0.5754039486382542,
            0.5876788398557247,
            0.589039564683837,
            0.5835766144761771,
            0.5838403320371165,
            0.5816755915724394,
            0.6003804803637672,
            0.5856750698265449,
            0.5804545644570196,
            0.6033239398858239,
            0.5932258261886668,
            0.5966211410460733,
            0.6006422535409122,
            0.5987592383690383,
            0.5967264606772067,
            0.6045652285411901,
            0.5970925525815297,
            0.599317008945892,
            0.6011046471748036,
            0.5991648213632651,
            0.600623743068546,
            0.5997675310527243
        ],
        "val_aji": [
            0.03527534657925486,
            0.13250593017704806,
            0.15742841789254416,
            0.2042356502265155,
            0.2683919783232899,
            0.22256522707097665,
            0.2809919524459489,
            0.3134094099348926,
            0.29866185787283384,
            0.3030861536606347,
            0.30003362176955983,
            0.3328888750980808,
            0.37029283302529276,
            0.29977218808268613,
            0.37195488553419354,
            0.3287639255008213,
            0.36621312424574853,
            0.37129500859989195,
            0.36512696413123075,
            0.37822896078946816,
            0.38471987797623697,
            0.4098882252055169,
            0.39354941896961143,
            0.3976921020431298,
            0.414495494568349,
            0.38964983315102303,
            0.4076370375021475,
            0.4074519630420061,
            0.4039067412044555,
            0.4161085002760236,
            0.41747418987822327,
            0.412007186862678,
            0.412270131147685,
            0.4101146311211858,
            0.42895977938333707,
            0.4141022033421417,
            0.4089017159461314,
            0.4319712760283915,
            0.42169229236094125,
            0.42513191447874304,
            0.42922709011385474,
            0.4273064663578023,
            0.4252388746424911,
            0.4332450651986916,
            0.4256107939837799,
            0.4278748387562479,
            0.4296995096601196,
            0.42771971356856114,
            0.42920818478483724,
            0.4283342547424612
        ],