{
    "model_name": "EDGE_SAM_R32",
    "timestamp": "2026-06-15T19:34:27.296075",
    "parameters": {
        "total_parameters": 6941317,
        "trainable_parameters": 1471189,
        "frozen_parameters": 5470128,
        "trainable_percentage": 21.1947
    },
    "training_history": {
        "epochs": [
            1,
            2,
            3,
            4,
            5,
            6,
            7,
            8,
            9,
            10,
            11,
            12,
            13,
            14,
            15,
            16,
            17,
            18,
            19,
            20,
            21,
            22,
            23,
            24,
            25,
            26,
            27,
            28,
            29,
            30,
            31,
            32,
            33,
            34,
            35,
            36,
            37,
            38,
            39,
            40,
            41,
            42,
            43,
            44,
            45,
            46,
            47,
            48,
            49,
            50
        ],
        "train_loss": [
            1.6748057398945093,
            1.4495028108358383,
            1.2869075499475002,
            1.1634713150560856,
            1.066120658069849,
            1.000323336571455,
            0.9632493238896132,
            0.9389535626396537,
            0.921976181678474,
            0.8942110072821379,
            0.8634644541889429,
            0.838209206238389,
            0.8140916666015983,
            0.7891236171126366,
            0.7635906245559454,
            0.7318335492163897,
            0.713610160164535,
            0.6941500194370747,
            0.6740717031061649,
            0.6520052710548043,
            0.6360144102945924,
            0.6198061900213361,
            0.5975753711536527,
            0.5510726938955486,
            0.5042170113883913,
            0.4626238686032593,
            0.42683817725628614,
            0.3976135798729956,
            0.38098739739507437,
            0.3704657922498882,
            0.35308439563959837,
            0.3480608519166708,
            0.34475786285474896,
            0.32147359824739397,
            0.31235129991546273,
            0.3005602217745036,
            0.287263783859089,
            0.27746044285595417,
            0.2695912814233452,
            0.26184307783842087,
            0.25825829547829926,
            0.2554083482827991,
            0.2465014443732798,
            0.2455243447329849,
            0.24744501849636436,
            0.2469504673499614,
            0.2425288853701204,
            0.24214502866379917,
            0.24450828018598258,
            0.24236461892724037
        ],
        "val_loss": [
            1.080539870262146,
            1.0689472913742066,
            1.045825731754303,
            1.0376976370811462,
            1.0194334626197814,
            0.9728446483612061,
            0.9073517322540283,
            0.8887354254722595,
            0.8710854053497314,
            0.8562520503997803,
            0.8508085250854492,
            0.8420123338699341,
            0.8259726881980896,
            0.800804340839386,
            0.7573963403701782,
            0.7237212777137756,
            0.6948532462120056,
            0.6685660004615783,
            0.6343442440032959,
            0.6075523018836975,
            0.5815625786781311,
            0.5804848670959473,
            0.5852878093719482,
            0.5804351449012757,
            0.5733777046203613,
            0.565096640586853,
            0.5575653433799743,
            0.5487468004226684,
            0.5357950866222382,
            0.529488617181778,
            0.5235291242599487,
            0.5438848972320557,
            0.5205330908298492,
            0.5102874398231506,
            0.5014620184898376,
            0.49941326379776,
            0.49839521050453184,
            0.48633103370666503,
            0.48791863322257994,
            0.48337013721466066,
            0.4782776892185211,
            0.47670353055000303,
            0.4763574838638306,
            0.4737572014331818,
            0.47475955486297605,
            0.4757775366306305,
            0.4732662260532379,
            0.47202323079109193,
            0.47206634283065796,
            0.47314907908439635
        ],
        "train_L_dice": [
            0.9456006458827427,
            0.9335360527038574,
            0.9287811858313424,
            0.9267707892826625,
            0.9242123195103237,
            0.9196680784225464,
            0.9130912508283343,
            0.9010902728353228,
            0.8884162647383553,
            0.8681499361991882,
            0.8398647904396057,
            0.8220084054129464,
            0.8052021265029907,
            0.7722002523286002,
            0.748721148286547,
            0.7305005277906146,
            0.6977998699460711,
            0.6868660024234227,
            0.6887436764580863,
            0.6520706159727914,
            0.6270888277462551,
            0.6148662737437657,
            0.5762399860790798,
            0.5468975135258266,
            0.4989757793290274,
            0.4674236944743565,
            0.4024955247129713,
            0.3832723753792899,
            0.3770491097654615,
            0.35813294989722116,
            0.34650440726961407,
            0.318629401070731,
            0.33502207909311565,
            0.32428780623844694,
            0.32862739477838787,
            0.3069516846111843,
            0.2734624764748982,
            0.29477464726993013,
            0.27657464998109,
            0.24258652116571153,
            0.2369179619210107,
            0.23584950821740286,
            0.22483755435262406,
            0.23247518283980234,
            0.2226348796061107,
            0.2336685678788594,
            0.23783137117113387,
            0.21883814675467356,
            0.2310030162334442,
            0.21821656610284532
        ],
        "train_L_pmc": [
            0.030798804813197682,
            0.018619646717395102,
            0.02843247227636831,
            0.022846139235688106,
            0.00990747068343418,
            0.0029750006007296698,
            0.0,
            0.0,
            0.0,
            0.0,
            0.0,
            0.0,
            0.0,
            0.0,
            0.0,
            0.0,
            0.0,
            0.0,
            0.0,
            0.0,
            0.0,
            0.0,
            0.0,
            0.0,
            0.0,
            0.0,
            0.0,
            0.0,
            0.0,
            0.0,
            0.0,
            0.0,
            0.0,
            0.0,
            0.0,
            0.0,
            0.0,
            0.0,
            0.0,
            0.0,
            0.0,
            0.0,
            0.0,
            0.0,
            0.0,
            0.0,
            0.0,
            0.0,
            0.0,
            0.0
        ],