{
    "model_name": "MOBILENET_UNET_R16",
    "timestamp": "2026-05-20T19:31:04.042568",
    "parameters": {
        "total_parameters": 7923893,
        "trainable_parameters": 5700597,
        "frozen_parameters": 2223296,
        "trainable_percentage": 71.9419
    },
    "memory": {},
    "latency": {},
    "training_time": {
        "total_seconds": 288.47,
        "total_minutes": 4.81,
        "total_hours": 0.0801
    },
    "evaluation_results": {},
    "training_history": {
        "epochs": [
            1,
            2,
            3,
            4,
            5,
            6,
            7,
            8,
            9,
            10,
            11,
            12,
            13,
            14,
            15,
            16,
            17,
            18,
            19,
            20,
            21,
            22,
            23,
            24,
            25,
            26,
            27,
            28,
            29,
            30,
            31,
            32,
            33,
            34,
            35,
            36,
            37,
            38,
            39,
            40,
            41,
            42,
            43,
            44,
            45,
            46,
            47,
            48,
            49,
            50
        ],
        "train_loss": [
            1.191560779698193,
            0.27051649312488735,
            0.2288469213526696,
            0.17062717536464334,
            0.12480802368372679,
            0.10822348686633632,
            0.10218066832749173,
            0.09592981945024803,
            0.09092580870492384,
            0.08984110556775704,
            0.08695179130882025,
            0.08495699195191264,
            0.08446937601547688,
            0.07972049515228719,
            0.07798840093892068,
            0.07617951073916629,
            0.07302319072186947,
            0.07056044129421934,
            0.06763633410446346,
            0.06607760521001182,
            0.06389119673985988,
            0.06004677541204728,
            0.05796070120413788,
            0.055126416467828676,
            0.05340330273611471,
            0.04981496845721267,
            0.04968495276989415,
            0.04660971599514596,
            0.045750135293928906,
            0.044605614501051605,
            0.043002112390240654,
            0.04261705340468325,
            0.04172185275820084,
            0.040639332350110635,
            0.03972521534888074,
            0.04044569202233106,
            0.03936122317099944,
            0.038517375563969836,
            0.03805545618524775,
            0.03799493529368192,
            0.0377869751828257,
            0.03786268312251195,
            0.03760470970883034,
            0.03696823641075753,
            0.036935672018444166,
            0.03748462948715314,
            0.03656858377507888,
            0.03654734487645328,
            0.03657195053528994,
            0.03667848484474234
        ],
        "val_loss": [
            0.68716481924057,
            0.5475705027580261,
            0.5211996793746948,
            0.340054851770401,
            0.3185024559497833,
            0.3025088369846344,
            0.2894351720809937,
            0.3050695091485977,
            0.2702989369630814,
            0.27242026329040525,
            0.2676414430141449,
            0.2507358014583588,
            0.2579241514205933,
            0.2517194807529449,
            0.24416665434837342,
            0.24020856916904448,
            0.22106364667415618,
            0.22280605733394623,
            0.2096409946680069,
            0.19969348311424256,
            0.20255672037601472,
            0.18713801801204683,
            0.1765734612941742,
            0.18756547570228577,
            0.16976662576198578,
            0.15863205194473268,
            0.16409699618816376,
            0.1666697859764099,
            0.1894402474164963,
            0.16359818875789642,
            0.15956731140613556,
            0.16649314463138581,
            0.16319444179534912,
            0.1582595556974411,
            0.16326470971107482,
            0.1817831888794899,
            0.16597547978162766,
            0.1646318942308426,
            0.1776708632707596,
            0.1686089515686035,
            0.16646567285060881,
            0.16357953250408172,
            0.1730989098548889,
            0.16945745050907135,
            0.168155699968338,
            0.17263701558113098,
            0.1692532405257225,
            0.16829767376184462,
            0.16712544113397598,
            0.16567576825618743
        ],
        "val_dice": [
            0.877084447980956,
            0.9271204700923035,
            0.913916407660861,
            0.9055709812846252,
            0.904211074276008,
            0.9068339487452576,
            0.9107962027230926,
            0.8866193043114363,
            0.908557504902393,
            0.9083982598368513,
            0.9096841537266065,
            0.9112355386794325,
            0.9010910516036836,
            0.944716209145525,
            0.9422643918776449,
            0.9467987496389791,
            0.9445935993474354,
            0.9453851254276812,
            0.9481436776110325,
            0.948697833025349,
            0.9476769135457114,
            0.9429827537077495,
            0.9496838177533388,
            0.9504330472761848,
            0.9490557766552509,
            0.9467322084524762,
            0.9497728952687416,
            0.9537465063661774,
            0.9516245922228105,
            0.9501562229336552,
            0.9517476069525622,
            0.9457679308720726,
            0.9531200921627225,
            0.9514131585186708,
            0.9506490936925754,
            0.9496171890648509,
            0.9499574625631171,
            0.9479516115619606,
            0.951196637501874,
            0.9515718170297712,
            0.9498543135015949,
            0.9504908558172768,
            0.9512889058246289,
            0.951827271113524,
            0.950461463865657,
            0.9488361911997545,
            0.9502735424796106,
            0.950758650898802,
            0.950388375193648,
            0.9506966905539959
        ],
        "val_aji": [
            0.7810778347525125,
            0.864142193273151,
            0.841478882571576,
            0.8274369244590868,
            0.8251690202824354,
            0.8295482170383806,
            0.8362036608760944,
            0.7963307678539486,
            0.8324373560524982,
            0.8321700363917383,
            0.834330856362246,
            0.8369446019336373,
            0.8199869997588829,
            0.895224789135232,
            0.8908316829290743,
            0.8989722992774951,
            0.895004615059552,
            0.8964268836157527,
            0.9014003694512353,
            0.9024026229827268,
            0.9005569921865223,
            0.8921167152338294,
            0.9041885041911227,
            0.9055478021765458,
            0.9030505668842954,
            0.8988523299107829,
            0.9043500124782807,
            0.9115826252141327,
            0.9077135777540664,
            0.905045344545211,
            0.9079374521489808,
            0.8971155010057917,
            0.9104388048976406,
            0.9073289124767373,
            0.9059401273477031,
            0.9040677162447217,
            0.9046847424695104,
            0.9010532423982616,
            0.9069351524924902,
            0.9076175483321519,
            0.9044976575286233,
            0.9056527626135609,
            0.9071029295944014,
            0.9080824609171966,
            0.905599395488987,
            0.902653024444132,
            0.9052582562549666,
            0.9061391373045316,
            0.9054667009514022,
            0.9060265816334186
        ],