{
    "model_name": "MOBILENET_UNET_R16",
    "timestamp": "2026-06-17T19:47:34.534700",
    "parameters": {
        "total_parameters": 7923893,
        "trainable_parameters": 5734709,
        "frozen_parameters": 2189184,
        "trainable_percentage": 72.3724
    },
    "training_history": {
        "epochs": [
            1,
            2,
            3,
            4,
            5,
            6,
            7,
            8,
            9,
            10,
            11,
            12,
            13,
            14,
            15,
            16,
            17,
            18,
            19,
            20,
            21,
            22,
            23,
            24,
            25,
            26,
            27,
            28,
            29,
            30,
            31,
            32,
            33,
            34,
            35,
            36,
            37,
            38,
            39,
            40,
            41,
            42,
            43,
            44,
            45,
            46,
            47,
            48,
            49,
            50
        ],
        "train_loss": [
            1.380761587060988,
            0.8622716357931495,
            0.8018748229369521,
            0.7276348732411861,
            0.5299828066490591,
            0.4824072797782719,
            0.4781205113977194,
            0.476386662106961,
            0.47577225463464856,
            0.4754548715427518,
            0.4748483235016465,
            0.47423674119636416,
            0.4739575353451073,
            0.47340964432805777,
            0.4733555824495852,
            0.47321510361507535,
            0.4727861653082073,
            0.4725656290538609,
            0.47221829928457737,
            0.4720166069455445,
            0.47175528248772025,
            0.4715629485435784,
            0.4713009470142424,
            0.47119236923754215,
            0.47088594594970345,
            0.470462491735816,
            0.47027708124369383,
            0.4701767326332629,
            0.4702669153921306,
            0.46997740026563406,
            0.4699710854329169,
            0.4696723432280123,
            0.4696965580806136,
            0.4695646008476615,
            0.46938396198675036,
            0.46940262522548437,
            0.46924245450645685,
            0.4690387798473239,
            0.4690221482887864,
            0.46890633273869753,
            0.468796219676733,
            0.4686537808738649,
            0.46888232859782875,
            0.4685696600936353,
            0.46848307829350233,
            0.4685590588487685,
            0.4684438370168209,
            0.46838649176061153,
            0.46844226540997624,
            0.46844009263440967
        ],
        "val_loss": [
            0.9285460233688354,
            0.8450874924659729,
            0.8209060430526733,
            0.830204713344574,
            0.8002991914749146,
            0.7328455924987793,
            0.737604308128357,
            0.7295973181724549,
            0.7295959949493408,
            0.7289251804351806,
            0.7352541208267211,
            0.7281867861747742,
            0.7273408651351929,
            0.7264190912246704,
            0.7290350914001464,
            0.7283512353897095,
            0.7256415486335754,
            0.7260598301887512,
            0.7256654739379883,
            0.7262809753417969,
            0.7254345655441284,
            0.7252321600914001,
            0.726250684261322,
            0.7262961983680725,
            0.7248987436294556,
            0.7246637344360352,
            0.7275457382202148,
            0.7248209595680237,
            0.7249455451965332,
            0.7273649573326111,
            0.7260969281196594,
            0.7239676117897034,
            0.72404705286026,
            0.7259892344474792,
            0.7251505613327026,
            0.7243475079536438,
            0.723898994922638,
            0.7249940633773804,
            0.7237780094146729,
            0.7236217498779297,
            0.7239544272422791,
            0.7236712336540222,
            0.7238641500473022,
            0.7237982273101806,
            0.7237366795539856,
            0.7238614201545716,
            0.723802125453949,
            0.7239797711372375,
            0.7239656209945678,
            0.7237682104110718
        ],
        "train_L_dice": [
            0.9297501955713544,
            0.8453987070492336,
            0.7914600968360901,
            0.7205741490636554,
            0.5094204246997833,
            0.5101232273238046,
            0.5027723865849631,
            0.50271589415414,
            0.5109329947403499,
            0.4309197451387133,
            0.48874162776129587,
            0.4282370890889849,
            0.46487247943878174,
            0.43731264982904705,
            0.4586499333381653,
            0.44439330271312166,
            0.4123598848070417,
            0.42029979825019836,
            0.525985598564148,
            0.45379612275532316,
            0.4609069185597556,
            0.49311921851975576,
            0.48173869933400837,
            0.45118658031736103,
            0.5444467280592237,
            0.48273856725011555,
            0.4537164270877838,
            0.5254874186856406,
            0.4585623102528708,
            0.5121162235736847,
            0.4582431529249464,
            0.489608462367739,
            0.5100513185773577,
            0.5029059393065316,
            0.48797811354909626,
            0.5164170350347247,
            0.4856545797416142,
            0.42949757831437246,
            0.44613813928195406,
            0.49470829537936617,
            0.4671185740402767,
            0.4626528386558805,
            0.4406012637274606,
            0.4473309814929962,
            0.44790068694523405,
            0.43916397861071993,
            0.48409177575792584,
            0.5255468615463802,
            0.49581562195505413,
            0.41737837876592365
        ],
        "train_L_pmc": [
            0.08890952256375126,
            0.0,
            0.0,
            0.0,
            0.0,
            0.0,
            0.0,
            0.0,
            0.0,
            0.0,
            0.0,
            0.0,
            0.0,
            0.0,
            0.0,
            0.0,
            0.0,
            0.0,
            0.0,
            0.0,
            0.0,
            0.0,
            0.0,
            0.0,
            0.0,
            0.0,
            0.0,
            0.0,
            0.0,
            0.0,
            0.0,
            0.0,
            0.0,
            0.0,
            0.0,
            0.0,
            0.0,
            0.0,
            0.0,
            0.0,
            0.0,
            0.0,
            0.0,
            0.0,
            0.0,
            0.0,
            0.0,
            0.0,
            0.0,
            0.0
        ],