{
    "model_name": "MOBILENET_UNET_R16",
    "timestamp": "2026-06-16T02:38:11.335765",
    "parameters": {
        "total_parameters": 7923893,
        "trainable_parameters": 5734709,
        "frozen_parameters": 2189184,
        "trainable_percentage": 72.3724
    },
    "training_history": {
        "epochs": [
            1,
            2,
            3,
            4,
            5,
            6,
            7,
            8,
            9,
            10,
            11,
            12,
            13,
            14,
            15,
            16,
            17,
            18,
            19,
            20,
            21,
            22,
            23,
            24,
            25,
            26,
            27,
            28,
            29,
            30,
            31,
            32,
            33,
            34,
            35,
            36,
            37,
            38,
            39,
            40,
            41,
            42,
            43,
            44,
            45,
            46,
            47,
            48,
            49,
            50
        ],
        "train_loss": [
            1.361798201687634,
            0.847799438983202,
            0.7887794338166714,
            0.6524128979071975,
            0.5201753908768296,
            0.5014610709622502,
            0.4802303989417851,
            0.4828606965020299,
            0.467446219176054,
            0.46329924650490284,
            0.3146977119613439,
            0.2702248205896467,
            0.2670659627765417,
            0.2566626996267587,
            0.25760674686171114,
            0.25599434645846486,
            0.25055591436102986,
            0.2505199294537306,
            0.2764136199839413,
            0.3303867052309215,
            0.268989046337083,
            0.26147624058648944,
            0.2514800082426518,
            0.24948548362590373,
            0.2505385600961745,
            0.24438723945058882,
            0.25260119792073965,
            0.2503689683508128,
            0.2458811413962394,
            0.24367077671922743,
            0.2426001038402319,
            0.24221282685175538,
            0.24295023805461824,
            0.2393930183025077,
            0.24006377172190696,
            0.24137311370577663,
            0.2395961268339306,
            0.2386201834306121,
            0.23844178928993642,
            0.23945414600893855,
            0.23845360823906958,
            0.2386275075841695,
            0.23946831887587905,
            0.2384068768005818,
            0.23769799550063908,
            0.23834900092333555,
            0.23710265872068703,
            0.23718781908974051,
            0.23682024236768484,
            0.23718310799449682
        ],
        "val_loss": [
            0.9199634671211243,
            0.8671416401863098,
            0.8011791110038757,
            0.8749876499176026,
            0.7854793429374695,
            0.7175828456878662,
            0.6844996333122253,
            0.7194613099098206,
            0.6357837319374084,
            0.652523934841156,
            0.5045069217681885,
            0.5141673982143402,
            0.49462069272994996,
            0.5059628486633301,
            0.5051531195640564,
            0.5076043128967285,
            0.4940877616405487,
            0.4891353726387024,
            0.5640362441539765,
            0.4822404146194458,
            0.4849742650985718,
            0.4773645162582397,
            0.5033545732498169,
            0.4963211417198181,
            0.48721245527267454,
            0.4774529993534088,
            0.48861103057861327,
            0.4775403499603271,
            0.4746573805809021,
            0.4724388360977173,
            0.4675261914730072,
            0.4686527967453003,
            0.4706618547439575,
            0.47307698130607606,
            0.4702366769313812,
            0.47207723259925843,
            0.47044436931610106,
            0.4705937922000885,
            0.46763136982917786,
            0.46727139353752134,
            0.46603816747665405,
            0.46574739217758176,
            0.4628972351551056,
            0.4623944818973541,
            0.4623566150665283,
            0.46442619562149046,
            0.46307820081710815,
            0.4636811077594757,
            0.4668752312660217,
            0.4663227677345276
        ],
        "train_L_dice": [
            0.9270899295806885,
            0.8350001914160592,
            0.7772257242883954,
            0.6578821880476815,
            0.5080606511660984,
            0.5243165535586221,
            0.4916373406137739,
            0.4975857819829668,
            0.49799467836107525,
            0.4176429169518607,
            0.33449998072215487,
            0.22588767962796347,
            0.25276538516793934,
            0.236994206905365,
            0.2456093771117074,
            0.2176725140639714,
            0.2122799392257418,
            0.21027897085462297,
            0.28197579298700604,
            0.3070933882679258,
            0.238059863448143,
            0.25407678953238894,
            0.25217555676187786,
            0.23088121839932033,
            0.2884275040456227,
            0.2500440904072353,
            0.23040081986359187,
            0.2813712741647448,
            0.22863577093396867,
            0.26433650084904264,
            0.2231689201933997,
            0.2469550371170044,
            0.2705209787402834,
            0.2453284114599228,
            0.2520326716559274,
            0.2697968568120684,
            0.24664146985326493,
            0.208049618772098,
            0.21260348281690053,
            0.25610856286117006,
            0.22567537426948547,
            0.24064859109265463,
            0.22856551834515162,
            0.21880267134734563,
            0.22011759451457433,
            0.20727127471140452,
            0.23533573108060019,
            0.2683304271527699,
            0.24333309062889644,
            0.21844103932380676
        ],
        "train_L_pmc": [
            0.11087976356170007,
            0.0,
            0.0,
            0.0,
            0.0,
            0.0,
            0.0,
            0.0,
            0.0,
            0.0,
            0.0,
            0.0,
            0.0,
            0.0,
            0.0,
            0.0,
            0.0,
            0.0,
            0.0,
            0.0008928571561617511,
            0.0,
            0.0,
            0.0,
            0.0,
            0.0,
            0.0,
            0.0,
            0.0,
            0.0,
            0.0,
            0.0,
            0.0,
            0.0,
            0.0,
            0.0,
            0.0,
            0.0,
            0.0,
            0.0,
            0.0,
            0.0,
            0.0,
            0.0,
            0.0,
            0.0,
            0.0,
            0.0,
            0.0,
            0.0,
            0.0
        ],