{
    "model_name": "MOBILENET_UNET_R2",
    "timestamp": "2026-06-16T02:19:11.769087",
    "parameters": {
        "total_parameters": 7660455,
        "trainable_parameters": 5471271,
        "frozen_parameters": 2189184,
        "trainable_percentage": 71.4223
    },
    "training_history": {
        "epochs": [
            1,
            2,
            3,
            4,
            5,
            6,
            7,
            8,
            9,
            10,
            11,
            12,
            13,
            14,
            15,
            16,
            17,
            18,
            19,
            20,
            21,
            22,
            23,
            24,
            25,
            26,
            27,
            28,
            29,
            30,
            31,
            32,
            33,
            34,
            35,
            36,
            37,
            38,
            39,
            40,
            41,
            42,
            43,
            44,
            45,
            46,
            47,
            48,
            49,
            50
        ],
        "train_loss": [
            1.3310772124677896,
            0.8218760276213288,
            0.7401616601273417,
            0.520469487644732,
            0.48983223643153906,
            0.48233953583985567,
            0.4373049675486982,
            0.2873724176315591,
            0.27146075828932226,
            0.2680474028456956,
            0.2637428189627826,
            0.26084609341342,
            0.2584253763779998,
            0.25630532344803214,
            0.25371317483950406,
            0.2502368660643697,
            0.2479643535334617,
            0.24735280964523554,
            0.24699557479470968,
            0.24401297036092728,
            0.24158187152352184,
            0.24058561655692756,
            0.2399306974839419,
            0.24219611124135554,
            0.2386177962180227,
            0.23772385367192328,
            0.24303313891869038,
            0.23709294688887894,
            0.23584604437928647,
            0.23610469338018447,
            0.23520309128798544,
            0.23488228756468743,
            0.23441565071698278,
            0.23434264911338687,
            0.23431768652517349,
            0.23373080173041672,
            0.23329727561213076,
            0.23272880841977894,
            0.23208537534810603,
            0.23190638690721244,
            0.2328167117666453,
            0.2321106882300228,
            0.23181808949448168,
            0.23145449615549296,
            0.2316766696749255,
            0.23151731910184026,
            0.2310388033511117,
            0.2309502421412617,
            0.23140386026352644,
            0.23145504330750555
        ],
        "val_loss": [
            0.9550479173660278,
            0.8086956024169922,
            0.8003002285957337,
            0.7576456308364868,
            0.7297234058380127,
            0.6534544587135315,
            0.7021716117858887,
            0.5427128732204437,
            0.4925513505935669,
            0.49569196105003355,
            0.5062953472137451,
            0.5012116253376007,
            0.48945745825767517,
            0.4983578443527222,
            0.5090066254138946,
            0.5050179660320282,
            0.48821404576301575,
            0.4801953911781311,
            0.48339595794677737,
            0.48655550479888915,
            0.48972129821777344,
            0.48474218249320983,
            0.49056350588798525,
            0.47543452978134154,
            0.47294753789901733,
            0.4728834629058838,
            0.4756839692592621,
            0.48183525204658506,
            0.4750424802303314,
            0.4736681282520294,
            0.471214747428894,
            0.4743126332759857,
            0.4718759715557098,
            0.47606261968612673,
            0.4752569258213043,
            0.47647271156311033,
            0.4745694398880005,
            0.4728038191795349,
            0.4768356680870056,
            0.47374993562698364,
            0.47347645163536073,
            0.4730288088321686,
            0.47239466905593874,
            0.4747228503227234,
            0.4763623237609863,
            0.4722688138484955,
            0.47451120615005493,
            0.4746718108654022,
            0.4742493987083435,
            0.4747961461544037
        ],
        "train_L_dice": [
            0.9213338579450335,
            0.8124912892069135,
            0.7183623654501778,
            0.4853067227772304,
            0.5401523837021419,
            0.4509992173739842,
            0.42139387130737305,
            0.31841361096927095,
            0.2885119106088366,
            0.2567441314458847,
            0.219218515924045,
            0.23794295532362802,
            0.2554041956152235,
            0.2387597475733076,
            0.2901389982019152,
            0.24604241975716182,
            0.2659092502934592,
            0.20695929442133223,
            0.24714669585227966,
            0.26859291962214876,
            0.20100738746779306,
            0.2530624909060342,
            0.25788672055516926,
            0.230618593948228,
            0.20110796711274556,
            0.2541213908365795,
            0.23222698909895761,
            0.2526122885090964,
            0.23762252288205282,
            0.2262435747044427,
            0.23892876292978013,
            0.24351549574307033,
            0.19214810218129838,
            0.20270736515522003,
            0.21496413861002242,
            0.19885982040848052,
            0.22347319551876613,
            0.22342418985707418,
            0.2493362852505275,
            0.20940142444201879,
            0.25030303640025003,
            0.2152267588036401,
            0.22571990745408194,
            0.19101582680429732,
            0.25660139535154614,
            0.20787818091256277,
            0.2104597751583372,
            0.21414157109601156,
            0.19927609605448587,
            0.23032930280481065
        ],
        "train_L_pmc": [
            0.14604672576699937,
            0.0,
            0.0,
            0.0,
            0.0,
            0.0,
            0.0,
            0.0,
            0.0,
            0.0,
            0.0,
            0.0,
            0.0,
            0.0,
            0.0,
            0.0,
            0.0,
            0.0,
            0.0,
            0.0,
            0.0,
            0.0,
            0.0,
            0.0,
            0.0,
            0.0,
            0.0008928571561617511,
            0.0,
            0.0,
            0.0,
            0.0,
            0.0,
            0.0,
            0.0,
            0.0,
            0.0,
            0.0,
            0.0,
            0.0,
            0.0,
            0.0,
            0.0,
            0.0,
            0.0,
            0.0,
            0.0,
            0.0,
            0.0,
            0.0,
            0.0
        ],