{
    "model_name": "MOBILENET_UNET_R2",
    "timestamp": "2026-05-20T19:16:09.031057",
    "parameters": {
        "total_parameters": 7660455,
        "trainable_parameters": 5437159,
        "frozen_parameters": 2223296,
        "trainable_percentage": 70.977
    },
    "memory": {},
    "latency": {},
    "training_time": {
        "total_seconds": 295.32,
        "total_minutes": 4.92,
        "total_hours": 0.082
    },
    "evaluation_results": {},
    "training_history": {
        "epochs": [
            1,
            2,
            3,
            4,
            5,
            6,
            7,
            8,
            9,
            10,
            11,
            12,
            13,
            14,
            15,
            16,
            17,
            18,
            19,
            20,
            21,
            22,
            23,
            24,
            25,
            26,
            27,
            28,
            29,
            30,
            31,
            32,
            33,
            34,
            35,
            36,
            37,
            38,
            39,
            40,
            41,
            42,
            43,
            44,
            45,
            46,
            47,
            48,
            49,
            50
        ],
        "train_loss": [
            1.1661607716232538,
            0.25743925815913826,
            0.17871457454748452,
            0.12928502645809203,
            0.11409285943955183,
            0.10406786610838026,
            0.09676627931185067,
            0.09381610609125346,
            0.09283543971832842,
            0.08867606351850554,
            0.08565546479076147,
            0.08455274044536054,
            0.08113591320579872,
            0.0788911966374144,
            0.07768804649822414,
            0.07469214213779196,
            0.07170744508039206,
            0.0701670091948472,
            0.06664368466590531,
            0.06405597401317209,
            0.061422667786246166,
            0.06004525348544121,
            0.05754910671385005,
            0.056654676009202376,
            0.0539555118593853,
            0.0522918158385437,
            0.04985055897850543,
            0.048355830484069884,
            0.04810071983956732,
            0.04815453905030154,
            0.04576607927447185,
            0.04496105929138139,
            0.04405458192923106,
            0.04391733347438276,
            0.04294619505526498,
            0.042796673078555614,
            0.04233938944526017,
            0.04157740788650699,
            0.040995969087816775,
            0.04079124206327833,
            0.040450354834320024,
            0.04062563518527895,
            0.040249780751764774,
            0.03996573371114209,
            0.03986734111094847,
            0.039368732046568766,
            0.03919156905612908,
            0.03952204957022332,
            0.03946239975630306,
            0.039429522468708456
        ],
        "val_loss": [
            0.6893232583999633,
            0.5610328376293182,
            0.37180501222610474,
            0.32577805519104003,
            0.32014493048191073,
            0.2936734676361084,
            0.2775201827287674,
            0.27402673959732055,
            0.27113603353500365,
            0.2620418071746826,
            0.2553828448057175,
            0.2633276045322418,
            0.24842420518398284,
            0.2430765688419342,
            0.23739927411079406,
            0.22607946395874023,
            0.2237689882516861,
            0.20993842780590058,
            0.20386724770069123,
            0.20557501912117004,
            0.21593302488327026,
            0.19282735288143157,
            0.1908755362033844,
            0.17923366129398347,
            0.1779289036989212,
            0.17240453958511354,
            0.17225724160671235,
            0.16730520725250245,
            0.16678183376789094,
            0.16692999601364136,
            0.15949016511440278,
            0.15830907821655274,
            0.15736269652843476,
            0.16343134343624116,
            0.15982728004455565,
            0.15642842948436736,
            0.1576925352215767,
            0.15330847203731537,
            0.1579658642411232,
            0.15585474371910096,
            0.15683717280626297,
            0.1544072911143303,
            0.15701584964990617,
            0.15726394355297088,
            0.15791094154119492,
            0.15597807615995407,
            0.15675756186246873,
            0.15735085010528566,
            0.15742194503545762,
            0.15713595747947692
        ],
        "val_dice": [
            0.9047504162242718,
            0.9179429279893746,
            0.9245174915962933,
            0.9154770710150295,
            0.8945325279169516,
            0.9053326442188112,
            0.9238411541741303,
            0.911036848351812,
            0.9115220784881559,
            0.9152563279831961,
            0.9179192265082087,
            0.9189781363854228,
            0.9195245319413308,
            0.9451428560175971,
            0.9464098904901668,
            0.9480941505809006,
            0.9403776472376094,
            0.9487042772610841,
            0.9445568380254699,
            0.9479723660740963,
            0.9477125665364373,
            0.9455729360028995,
            0.9389933550803434,
            0.9479164512765376,
            0.9477131830603804,
            0.9462454728056626,
            0.9504807289948755,
            0.9490531404852467,
            0.9488793036973269,
            0.9469352285836763,
            0.9475105774087306,
            0.9477239693770071,
            0.9482831419392586,
            0.9490936553667412,
            0.9497581992784362,
            0.9462429985210362,
            0.9471849055265703,
            0.9479235410810078,
            0.9490181352409163,
            0.9482390417478922,
            0.9484323653061277,
            0.9494907681446422,
            0.9496174171529232,
            0.9489365170232887,
            0.9491343695295723,
            0.9494511043984847,
            0.9493795991906557,
            0.9488509090373558,
            0.9489718838908738,
            0.948788436177711
        ],
        "val_aji": [
            0.8260678019207871,
            0.8483313419722852,
            0.8596304304088742,
            0.8441288298734688,
            0.8091893705667993,
            0.8270390447267321,
            0.8584617017807936,
            0.8366094362081243,
            0.8374281742178986,
            0.8437535535759444,
            0.8482908568333164,
            0.85010134144065,
            0.8510369361679961,
            0.8959913305885184,
            0.8982714263808627,
            0.9013108455518839,
            0.8874649017983486,
            0.9024142843361407,
            0.894938611623943,
            0.9010907465771609,
            0.9006213857530153,
            0.8967646680259149,
            0.8850023320555622,
            0.9009897098255032,
            0.9006224993073927,
            0.8979752384315526,
            0.9056343749501622,
            0.9030457933177014,
            0.9027310631738288,
            0.899218409243804,
            0.9002566268798442,
            0.9006419815681956,
            0.9016525072040744,
            0.9031191601549923,
            0.9043233649869103,
            0.8979707818718835,
            0.8996688122146556,
            0.9010025203443855,
            0.9029824082249601,
            0.9015727711777254,
            0.9019223623996678,
            0.9038385759520634,
            0.9040681297084844,
            0.9028346359592013,
            0.9031928935621253,
            0.9037666960326064,
            0.9036371257014453,
            0.9026796647546895,
            0.9028986659309735,
            0.9025665896671087
        ],