{
    "model_name": "MOBILENET_UNET_R2",
    "timestamp": "2026-06-17T19:30:28.424881",
    "parameters": {
        "total_parameters": 7660455,
        "trainable_parameters": 5471271,
        "frozen_parameters": 2189184,
        "trainable_percentage": 71.4223
    },
    "training_history": {
        "epochs": [
            1,
            2,
            3,
            4,
            5,
            6,
            7,
            8,
            9,
            10,
            11,
            12,
            13,
            14,
            15,
            16,
            17,
            18,
            19,
            20,
            21,
            22,
            23,
            24,
            25,
            26,
            27,
            28,
            29,
            30,
            31,
            32,
            33,
            34,
            35,
            36,
            37,
            38,
            39,
            40,
            41,
            42,
            43,
            44,
            45,
            46,
            47,
            48,
            49,
            50
        ],
        "train_loss": [
            1.3396495562046766,
            0.8334426172077656,
            0.7657380988821387,
            0.5842504319734871,
            0.5026609357446432,
            0.4887843606993556,
            0.4712683307006955,
            0.32224770658649504,
            0.2791620416101068,
            0.26836941950023174,
            0.2608935108873993,
            0.2594070197083056,
            0.25614889874123037,
            0.2557990439236164,
            0.25225532380864024,
            0.2520586302271113,
            0.2525834101252258,
            0.24749925720971078,
            0.2468237893190235,
            0.2461093843448907,
            0.24508815293665975,
            0.24263560981489718,
            0.24063662183471024,
            0.24080656911246479,
            0.23850487312301993,
            0.23911072767805308,
            0.23896777362097055,
            0.23895351821556687,
            0.23701754433568567,
            0.23681055090855807,
            0.23624256858602166,
            0.23522169864736497,
            0.23533225059509277,
            0.23389116721227765,
            0.23500916396733373,
            0.23201933840755373,
            0.23238319146912545,
            0.23115747165866196,
            0.23101632960606366,
            0.23012054641731083,
            0.2310578804463148,
            0.22962443379219621,
            0.2291943251620978,
            0.22935688856523484,
            0.22860981454141438,
            0.2283966343384236,
            0.22814036754425615,
            0.22802372043952346,
            0.22881651856005192,
            0.2283489464316517
        ],
        "val_loss": [
            0.9276441812515259,
            0.8549290060997009,
            0.7829300761222839,
            0.7801192045211792,
            0.7604698061943054,
            0.7095384001731873,
            0.6621734976768494,
            0.5307305097579956,
            0.5115657389163971,
            0.5047378361225128,
            0.49645495414733887,
            0.49793125987052916,
            0.48546299934387205,
            0.47839786410331725,
            0.500281548500061,
            0.47476516366004945,
            0.4900593817234039,
            0.4861967504024506,
            0.49255313277244567,
            0.5019730567932129,
            0.4845561683177948,
            0.4849977731704712,
            0.4809692144393921,
            0.47636685371398924,
            0.47648382782936094,
            0.4715576648712158,
            0.4688687264919281,
            0.47631574273109434,
            0.4658170759677887,
            0.4672718942165375,
            0.4773655593395233,
            0.47804843783378603,
            0.4737821161746979,
            0.4723974227905273,
            0.47800355553627016,
            0.48390109539031984,
            0.4792811334133148,
            0.47785779237747195,
            0.4748619556427002,
            0.47650357484817507,
            0.4791878879070282,
            0.4751679956912994,
            0.47687684893608095,
            0.4773488700389862,
            0.47673320174217226,
            0.4761284410953522,
            0.4759500205516815,
            0.47664637565612794,
            0.4768344521522522,
            0.47661797404289247
        ],
        "train_L_dice": [
            0.9263103263718742,
            0.8197351438658578,
            0.7495665635381427,
            0.5678606246198926,
            0.5534532070159912,
            0.4515692251069205,
            0.45149098123822895,
            0.36255739416394916,
            0.2915056582008089,
            0.25560264715126585,
            0.21432331843035562,
            0.23664242454937526,
            0.2544507107564381,
            0.24393725182328904,
            0.2888498987470354,
            0.24991185324532644,
            0.275763458439282,
            0.2071686844740595,
            0.24334379392010824,
            0.2671796402760914,
            0.2052703925541469,
            0.2579638979264668,
            0.25915404089859556,
            0.22957236000469752,
            0.1974078459399087,
            0.2537590520722525,
            0.23686241252081736,
            0.25292378664016724,
            0.23696257599762507,
            0.22709044175488607,
            0.23818616781915938,
            0.24480020361287252,
            0.1915538396154131,
            0.20389047052179063,
            0.2128443568944931,
            0.19426643741982325,
            0.22496859729290009,
            0.2192952994789396,
            0.24865531282765524,
            0.20675415439265116,
            0.24305199086666107,
            0.21462407921041762,
            0.22094068782670157,
            0.19221888482570648,
            0.2533730332340513,
            0.2080031441790717,
            0.20306688866444997,
            0.21250066799776895,
            0.19709644785949162,
            0.229896285704204
        ],
        "train_L_pmc": [
            0.15960833323853357,
            0.0,
            0.0,
            0.0,
            0.0,
            0.0,
            0.0,
            0.0,
            0.0,
            0.0,
            0.0,
            0.0,
            0.0,
            0.0,
            0.0,
            0.0,
            0.0,
            0.0,
            0.0,
            0.0,
            0.0,
            0.0,
            0.0,
            0.0,
            0.0,
            0.0,
            0.0,
            0.0,
            0.0,
            0.0,
            0.0,
            0.0,
            0.0,
            0.0,
            0.0,
            0.0,
            0.0,
            0.0,
            0.0,
            0.0,
            0.0,
            0.0,
            0.0,
            0.0,
            0.0,
            0.0,
            0.0,
            0.0,
            0.0,
            0.0
        ],