stem,storage_day,pred_class,class_name,area_px2,area_um2,circularity,V_phi_rad_px2,V_phi_rad_um2,dry_mass_pg
20110511_1,0,1,discocyte,6874.0,142.737,0.3353,868099.0,18025.9108,9553.4796
20110511_1,0,1,discocyte,1667.0,34.615,0.7233,192166.0,3990.2905,2114.7979
20110511_1,0,1,discocyte,2528.0,52.493,0.8037,302737.0,6286.2763,3331.6382
20110511_1,0,1,discocyte,2411.0,50.064,0.776,289025.0,6001.5492,3180.7368
20110511_1,0,1,discocyte,2372.0,49.254,0.8087,289290.0,6007.0519,3183.6532
20110511_1,0,1,discocyte,2178.0,45.226,0.7407,273931.0,5688.1252,3014.6265
20110511_1,0,1,discocyte,2356.0,48.922,0.6195,268737.0,5580.2727,2957.4662
20110511_1,0,1,discocyte,2304.0,47.842,0.7989,285518.0,5928.727,3142.1421
20110511_1,0,1,discocyte,9312.0,193.362,0.3117,1114856.0,23149.773,12269.0547
20110511_1,0,1,discocyte,3135.0,65.098,0.7672,348781.0,7242.3712,3838.3551
20110511_1,0,1,discocyte,865.0,17.962,0.4723,119441.0,2480.1697,1314.4551
20110511_1,0,1,discocyte,2599.0,53.968,0.83,312872.0,6496.7276,3443.1744
20110511_1,0,1,discocyte,2270.0,47.136,0.7629,262452.0,5449.7659,2888.2994
20110511_1,0,1,discocyte,1339.0,27.804,0.7345,186443.0,3871.4535,2051.816
20110511_1,0,1,discocyte,2673.0,55.504,0.8174,319332.0,6630.8683,3514.2671
20110511_1,0,1,discocyte,2606.0,54.113,0.8054,279297.0,5799.5491,3073.6796
20110511_1,0,1,discocyte,2207.0,45.828,0.806,230510.0,4786.4964,2536.7759
20110511_1,0,1,discocyte,2708.0,56.231,0.7938,268223.0,5569.5996,2951.8096
20110511_1,0,1,discocyte,2934.0,60.924,0.8086,290207.0,6026.0932,3193.7448
20110511_1,0,1,discocyte,2477.0,51.434,0.791,268413.0,5573.5449,2953.9006
20110511_1,0,1,discocyte,2018.0,41.903,0.7351,224944.0,4670.9194,2475.5217
20110511_1,0,1,discocyte,2577.0,53.511,0.8319,242986.0,5045.5581,2674.075
20110511_1,0,1,discocyte,1580.0,32.808,0.5811,215751.0,4480.0285,2374.3522
20110511_1,0,1,discocyte,2516.0,52.244,0.7676,289087.0,6002.8366,3181.4191
20110511_1,0,1,discocyte,2163.0,44.914,0.8378,258403.0,5365.6892,2843.7399
20110511_1,0,1,discocyte,3013.0,62.564,0.8013,285434.0,5926.9828,3141.2177
20110511_1,0,1,discocyte,1857.0,38.56,0.8053,248040.0,5150.5035,2729.6945
20110511_1,0,1,discocyte,2695.0,55.961,0.8386,275702.0,5724.8996,3034.1164
20110511_1,0,1,discocyte,2918.0,60.592,0.7729,254389.0,5282.3393,2799.5656
20110511_1,0,1,discocyte,2273.0,47.198,0.7781,234394.0,4867.1469,2579.5195
20110511_1,0,3,spherocyte,2392.0,49.669,0.7639,279404.0,5801.771,3074.8572
20110511_1,0,4,stomatocyte,1763.0,36.608,0.5923,230622.0,4788.822,2538.0084
20110511_1,0,4,stomatocyte,1780.0,36.961,0.718,229265.0,4760.6442,2523.0746
20110511_1,0,4,stomatocyte,835.0,17.339,0.5885,119054.0,2472.1337,1310.1961
20110511_1,0,4,stomatocyte,1166.0,24.212,0.6496,139141.0,2889.2364,1531.2547
20110511_1,0,4,stomatocyte,1999.0,41.509,0.7784,251688.0,5226.2535,2769.841
20110511_1,0,4,stomatocyte,1892.0,39.287,0.7016,238479.0,4951.9711,2624.4752
20110511_1,0,4,stomatocyte,1761.0,36.567,0.7428,217409.0,4514.4566,2392.5986
20110511_2,0,1,discocyte,3354.0,69.645,0.8075,402838.0,8364.8545,4433.2555
20110511_2,0,1,discocyte,6632.0,137.712,0.4245,751717.0,15609.2607,8272.689
20110511_2,0,1,discocyte,3130.0,64.994,0.8082,415134.0,8620.1786,4568.5737
20110511_2,0,1,discocyte,2446.0,50.791,0.487,310486.0,6447.1828,3416.9164
20110511_2,0,1,discocyte,2905.0,60.322,0.8013,338287.0,7024.4653,3722.868
20110511_2,0,1,discocyte,3070.0,63.748,0.7754,386932.0,8034.5695,4258.209
20110511_2,0,1,discocyte,2525.0,52.431,0.8095,342772.0,7117.5955,3772.2257
20110511_2,0,1,discocyte,3190.0,66.24,0.7484,366177.0,7603.5958,4029.799
20110511_2,0,1,discocyte,3354.0,69.645,0.8141,387312.0,8042.4601,4262.3909
20110511_2,0,1,discocyte,3413.0,70.87,0.8007,370316.0,7689.5414,4075.349
20110511_2,0,1,discocyte,3401.0,70.621,0.7603,406865.0,8448.4744,4477.5728
20110511_2,0,1,discocyte,3390.0,70.393,0.789,386071.0,8016.691,4248.7337
20110511_2,0,1,discocyte,3174.0,65.908,0.817,347967.0,7225.4686,3829.3969
20110511_2,0,1,discocyte,3272.0,67.942,0.7892,358242.0,7438.8271,3942.4739
20110511_2,0,1,discocyte,2489.0,51.684,0.7921,290958.0,6041.6876,3202.0096
20110511_2,0,1,discocyte,2864.0,59.47,0.7878,324854.0,6745.5316,3575.037
20110511_2,0,1,discocyte,3240.0,67.278,0.8384,358321.0,7440.4675,3943.3433
20110511_2,0,1,discocyte,3509.0,72.864,0.7424,393485.0,8170.6413,4330.3252
20110511_2,0,1,discocyte,3292.0,68.358,0.815,325872.0,6766.6702,3586.2402
20110511_2,0,1,discocyte,2877.0,59.74,0.8188,286932.0,5958.0885,3157.7032
20110511_2,0,1,discocyte,2151.0,44.665,0.7566,243446.0,5055.1099,2679.1373
20110511_2,0,1,discocyte,3265.0,67.797,0.7862,352183.0,7313.0131,3875.7943
20110511_2,0,1,discocyte,3484.0,72.345,0.7977,355813.0,7388.3893,3915.7426
20110511_2,0,1,discocyte,2590.0,53.781,0.7142,273917.0,5687.8345,3014.4724
20110511_2,0,1,discocyte,3234.0,67.153,0.7667,308341.0,6402.6423,3393.3105
20110511_2,0,1,discocyte,3258.0,67.652,0.7386,363829.0,7554.8401,4003.9592
20110511_2,0,1,discocyte,2244.0,46.596,0.4734,252405.0,5241.1419,2777.7316
20110511_2,0,1,discocyte,3192.0,66.281,0.7893,357766.0,7428.943,3937.2355
20110511_2,0,1,discocyte,3108.0,64.537,0.8172,367012.0,7620.9344,4038.9883
20110511_2,0,1,discocyte,3016.0,62.627,0.7698,272511.0,5658.6391,2998.9993
20110511_2,0,1,discocyte,774.0,16.072,0.7511,89376.0,1855.8757,983.588
20110511_2,0,1,discocyte,1747.0,36.276,0.678,201498.0,4184.0677,2217.4971
20110511_2,0,3,spherocyte,2395.0,49.732,0.7724,309719.0,6431.2562,3408.4755
20110511_2,0,4,stomatocyte,1666.0,34.594,0.5162,264210.0,5486.2705,2907.6463
20110511_2,0,4,stomatocyte,2166.0,44.977,0.7498,248688.0,5163.9591,2736.8258
20110511_3,0,1,discocyte,1062.0,22.052,0.57,160074.0,3323.9062,1761.6236
20110511_3,0,1,discocyte,2897.0,60.156,0.7889,427402.0,8874.9213,4703.5837
20110511_3,0,1,discocyte,3109.0,64.558,0.7671,413181.0,8579.625,4547.0808
20110511_3,0,1,discocyte,3157.0,65.555,0.7809,459134.0,9533.8303,5052.7962
20110511_3,0,1,discocyte,3147.0,65.347,0.7661,435165.0,9036.1185,4789.016
20110511_3,0,1,discocyte,3397.0,70.538,0.7986,473407.0,9830.2064,5209.8714
20110511_3,0,1,discocyte,2954.0,61.339,0.6965,424536.0,8815.4094,4672.0432
20110511_3,0,1,discocyte,5532.0,114.871,0.3903,785280.0,16306.19,8642.0518
20110511_3,0,1,discocyte,2528.0,52.493,0.7774,366696.0,7614.3728,4035.5107
20110511_3,0,1,discocyte,3949.0,82.0,0.7989,525477.0,10911.4301,5782.9047
20110511_3,0,1,discocyte,3709.0,77.017,0.7856,501349.0,10410.4167,5517.3747
20110511_3,0,1,discocyte,3840.0,79.737,0.8033,485496.0,10081.2322,5342.9115
20110511_3,0,1,discocyte,6419.0,133.289,0.4265,894851.0,18581.411,9847.887
20110511_3,0,1,discocyte,3001.0,62.315,0.761,399486.0,8295.2509,4396.3665
20110511_3,0,1,discocyte,3213.0,66.717,0.7925,441959.0,9177.1947,4863.7843
20110511_3,0,1,discocyte,3373.0,70.04,0.7669,425478.0,8834.9698,4682.41
20110511_3,0,1,discocyte,3614.0,75.044,0.8023,438278.0,9100.7594,4823.2747
20110511_3,0,1,discocyte,3008.0,62.461,0.8025,419555.0,8711.9799,4617.227
20110511_3,0,1,discocyte,3182.0,66.074,0.777,435298.0,9038.8803,4790.4796
20110511_3,0,1,discocyte,6258.0,129.946,0.3831,783589.0,16271.0767,8623.4422
20110511_3,0,1,discocyte,3914.0,81.273,0.775,485792.0,10087.3786,5346.169
20110511_3,0,1,discocyte,3060.0,63.54,0.8028,404272.0,8394.6313,4449.0367
20110511_3,0,1,discocyte,2973.0,61.734,0.8148,389544.0,8088.8071,4286.9542
20110511_3,0,1,discocyte,3269.0,67.88,0.781,437885.0,9092.5988,4818.9497
20110511_3,0,1,discocyte,3315.0,68.835,0.829,449906.0,9342.2126,4951.2415
20110511_3,0,1,discocyte,3202.0,66.489,0.7196,418634.0,8692.8555,4607.0914
20110511_3,0,1,discocyte,6946.0,144.232,0.4145,810988.0,16840.0117,8924.9698
20110511_3,0,1,discocyte,3501.0,72.698,0.7888,437610.0,9086.8885,4815.9233
20110511_3,0,1,discocyte,9373.0,194.629,0.3145,1190159.0,24713.4255,13097.7686
20110511_3,0,1,discocyte,2917.0,60.571,0.7933,371784.0,7720.0241,4091.5044
20110511_3,0,1,discocyte,3313.0,68.794,0.8324,415123.0,8619.9502,4568.4526
20110511_3,0,1,discocyte,3230.0,67.07,0.788,371693.0,7718.1345,4090.5029
20110511_3,0,1,discocyte,2344.0,48.673,0.7539,311154.0,6461.0537,3424.2677
20110511_3,0,1,discocyte,1067.0,22.156,0.3749,124567.0,2586.6101,1370.867
20110511_4,0,1,discocyte,1090.0,22.634,0.7153,173189.0,3596.2367,1905.955
20110511_4,0,1,discocyte,7282.0,151.209,0.2764,1063514.0,22083.6661,11704.033
20110511_4,0,1,discocyte,2265.0,47.032,0.8063,330440.0,6861.5238,3636.5113
20110511_4,0,1,discocyte,2571.0,53.386,0.8202,342494.0,7111.8228,3769.1663
20110511_4,0,1,discocyte,2333.0,48.444,0.7954,305663.0,6347.0341,3363.839
20110511_4,0,1,discocyte,2884.0,59.886,0.794,412579.0,8567.1245,4540.4557
20110511_4,0,1,discocyte,2461.0,51.102,0.8108,337255.0,7003.036,3711.5108
20110511_4,0,1,discocyte,2502.0,51.954,0.7889,364491.0,7568.5864,4011.2445
20110511_4,0,1,discocyte,2386.0,49.545,0.8045,389373.0,8085.2564,4285.0724
20110511_4,0,1,discocyte,2588.0,53.739,0.8053,367482.0,7630.6939,4044.1606
20110511_4,0,1,discocyte,2287.0,47.489,0.8112,343086.0,7124.1156,3775.6813
20110511_4,0,1,discocyte,3109.0,64.558,0.8311,423700.0,8798.05,4662.843
20110511_4,0,1,discocyte,2769.0,57.498,0.7501,392603.0,8152.3267,4320.6187
20110511_4,0,1,discocyte,3031.0,62.938,0.755,422738.0,8778.0742,4652.2561
20110511_4,0,1,discocyte,2102.0,43.648,0.8271,302413.0,6279.5485,3328.0725
20110511_4,0,1,discocyte,2794.0,58.017,0.8068,386672.0,8029.1706,4255.3477
20110511_4,0,1,discocyte,2846.0,59.097,0.7937,395367.0,8209.7206,4351.0367
20110511_4,0,1,discocyte,2903.0,60.28,0.7667,368647.0,7654.8849,4056.9815
20110511_4,0,1,discocyte,3803.0,78.969,0.3508,527147.0,10946.1073,5801.2832
20110511_4,0,1,discocyte,2796.0,58.058,0.7914,365747.0,7594.667,4025.0669
20110511_4,0,1,discocyte,2688.0,55.816,0.8055,355794.0,7387.9948,3915.5335
20110511_4,0,1,discocyte,4775.0,99.152,0.3963,651808.0,13534.6693,7173.1847
20110511_4,0,1,discocyte,2695.0,55.961,0.8208,333283.0,6920.5582,3667.7987
20110511_4,0,1,discocyte,1758.0,36.505,0.4492,239405.0,4971.1993,2634.6659
20110511_4,0,1,discocyte,2752.0,57.145,0.8225,350056.0,7268.8463,3852.3865
20110511_4,0,1,discocyte,2947.0,61.194,0.8111,384388.0,7981.7438,4230.2121
20110511_4,0,1,discocyte,2548.0,52.909,0.799,363306.0,7543.9801,3998.2035
20110511_4,0,1,discocyte,1395.0,28.967,0.7712,166524.0,3457.8392,1832.6062
20110511_4,0,4,stomatocyte,1973.0,40.969,0.8293,298661.0,6201.6389,3286.7816
20110511_4,0,4,stomatocyte,1533.0,31.832,0.3729,272104.0,5650.1879,2994.5202
20110511_4,0,4,stomatocyte,1730.0,35.923,0.6662,248529.0,5160.6575,2735.076
20110511_5,0,1,discocyte,2552.0,52.992,0.7446,357110.0,7415.3213,3930.0162
20110511_5,0,1,discocyte,2255.0,46.825,0.7108,315589.0,6553.1456,3473.0752
20110511_5,0,1,discocyte,6179.0,128.306,0.3946,813173.0,16885.3828,8949.0158
20110511_5,0,1,discocyte,3275.0,68.005,0.7997,453867.0,9424.462,4994.8326
20110511_5,0,1,discocyte,3233.0,67.133,0.8311,417459.0,8668.4568,4594.1604
20110511_5,0,1,discocyte,3121.0,64.807,0.8145,400960.0,8325.8582,4412.588
20110511_5,0,1,discocyte,2722.0,56.522,0.7878,364567.0,7570.1645,4012.0809
20110511_5,0,1,discocyte,3472.0,72.095,0.7784,441669.0,9171.1729,4860.5929
20110511_5,0,1,discocyte,3371.0,69.998,0.7719,408259.0,8477.4206,4492.9139
20110511_5,0,1,discocyte,2945.0,61.152,0.6864,382250.0,7937.3486,4206.6833
20110511_5,0,1,discocyte,3024.0,62.793,0.8027,393793.0,8177.0368,4333.7147
20110511_5,0,1,discocyte,2379.0,49.399,0.8182,294708.0,6119.5556,3243.2786
20110511_5,0,1,discocyte,3130.0,64.994,0.5337,388266.0,8062.2697,4272.8898
20110511_5,0,1,discocyte,2773.0,57.581,0.8171,342048.0,7102.5617,3764.258
20110511_5,0,1,discocyte,7388.0,153.41,0.5018,848271.0,17614.1861,9335.2714
20110511_5,0,1,discocyte,2894.0,60.093,0.818,373123.0,7747.8282,4106.2402
20110511_5,0,1,discocyte,3156.0,65.534,0.7961,409213.0,8497.2302,4503.4127
20110511_5,0,1,discocyte,3159.0,65.596,0.792,357512.0,7423.6688,3934.4402
20110511_5,0,1,discocyte,3598.0,74.712,0.7089,434841.0,9029.3907,4785.4503
20110511_5,0,1,discocyte,1259.0,26.143,0.7005,133621.0,2774.6147,1470.5068
20110511_5,0,1,discocyte,3538.0,73.466,0.7779,442401.0,9186.3727,4868.6486
20110511_5,0,1,discocyte,3188.0,66.198,0.7914,422802.0,8779.4032,4652.9604
20110511_5,0,1,discocyte,3875.0,80.464,0.7817,464070.0,9636.3254,5107.1172
20110511_5,0,1,discocyte,3647.0,75.729,0.7644,423351.0,8790.8031,4659.0022
20110511_5,0,1,discocyte,1341.0,27.846,0.7732,184163.0,3824.1097,2026.7245
20110511_5,0,3,spherocyte,2738.0,56.854,0.7563,325891.0,6767.0647,3586.4493
20110511_5,0,3,spherocyte,2062.0,42.817,0.464,274058.0,5690.7623,3016.0241
20110511_5,0,4,stomatocyte,2671.0,55.463,0.7764,391239.0,8124.0035,4305.6078
20110511_5,0,4,stomatocyte,986.0,20.474,0.5086,157315.0,3266.6161,1731.2607
20110511_6,0,1,discocyte,3653.0,75.854,0.2082,537598.0,11163.1203,5916.297
20110511_6,0,1,discocyte,2807.0,58.287,0.7821,376255.0,7812.8636,4140.708
20110511_6,0,1,discocyte,2468.0,51.248,0.8506,297652.0,6180.6872,3275.6775
20110511_6,0,1,discocyte,2909.0,60.405,0.8035,400095.0,8307.8967,4403.0686
20110511_6,0,1,discocyte,4512.0,93.691,0.4694,673400.0,13983.0231,7410.8059
20110511_6,0,1,discocyte,2885.0,59.906,0.7871,409174.0,8496.4204,4502.9835
20110511_6,0,1,discocyte,1293.0,26.849,0.6984,180276.0,3743.3969,1983.9478
20110511_6,0,1,discocyte,2862.0,59.429,0.7488,351785.0,7304.7487,3871.4142
20110511_6,0,1,discocyte,2160.0,44.852,0.7906,290948.0,6041.4799,3201.8995
20110511_6,0,1,discocyte,3065.0,63.644,0.8298,379754.0,7885.5197,4179.2147
20110511_6,0,1,discocyte,3000.0,62.294,0.8302,361181.0,7499.8548,3974.8178
20110511_6,0,1,discocyte,2957.0,61.402,0.8088,322163.0,6689.6535,3545.4224
20110511_6,0,1,discocyte,2645.0,54.923,0.836,319511.0,6634.5852,3516.237
20110511_6,0,1,discocyte,2994.0,62.17,0.7883,324479.0,6737.7448,3570.9101
20110511_6,0,1,discocyte,2039.0,42.339,0.8352,246337.0,5115.141,2710.9529
20110511_6,0,1,discocyte,2740.0,56.896,0.8142,311657.0,6471.4984,3429.8033
20110511_6,0,1,discocyte,2519.0,52.307,0.781,261943.0,5439.1966,2882.6978
20110511_6,0,1,discocyte,2355.0,48.901,0.8128,256994.0,5336.4316,2828.2338
20110511_6,0,1,discocyte,4647.0,96.494,0.4514,568789.0,11810.7955,6259.5558
20110511_6,0,1,discocyte,2251.0,46.742,0.7385,250993.0,5211.822,2762.1925
20110511_6,0,1,discocyte,2480.0,51.497,0.7912,274421.0,5698.2999,3020.019
20110511_6,0,1,discocyte,2672.0,55.484,0.7829,286536.0,5949.8656,3153.3452
20110511_6,0,4,stomatocyte,1628.0,33.805,0.6171,254120.0,5276.7535,2796.6053
20110516_1,5,1,discocyte,1679.0,34.864,0.6499,210287.0,4366.5696,2314.2206
20110516_1,5,1,discocyte,3643.0,75.646,0.7477,420856.0,8738.9949,4631.5446
20110516_1,5,1,discocyte,3203.0,66.51,0.814,396828.0,8240.058,4367.1151
20110516_1,5,1,discocyte,3423.0,71.078,0.8333,408738.0,8487.3669,4498.1853
20110516_1,5,1,discocyte,3347.0,69.5,0.7023,354653.0,7364.3022,3902.9768
20110516_1,5,1,discocyte,4032.0,83.724,0.7928,468415.0,9726.5485,5154.9341
20110516_1,5,1,discocyte,3797.0,78.844,0.7293,421438.0,8751.08,4637.9495
20110516_1,5,1,discocyte,3346.0,69.479,0.8352,403488.0,8378.3517,4440.4088
20110516_1,5,1,discocyte,3805.0,79.01,0.8224,413182.0,8579.6457,4547.0918
20110516_1,5,1,discocyte,2468.0,51.248,0.7987,331136.0,6875.9761,3644.1708
20110516_1,5,1,discocyte,3629.0,75.355,0.7575,442804.0,9194.7409,4873.0836
20110516_1,5,1,discocyte,4176.0,86.714,0.754,470109.0,9761.7241,5173.5767
20110516_1,5,1,discocyte,3803.0,78.969,0.788,453288.0,9412.4392,4988.4606
20110516_1,5,1,discocyte,3771.0,78.304,0.7706,439054.0,9116.8729,4831.8146
20110516_1,5,1,discocyte,3517.0,73.03,0.7601,380142.0,7893.5764,4183.4847
20110516_1,5,1,discocyte,8510.0,176.709,0.2617,973979.0,20224.4889,10718.6952
20110516_1,5,1,discocyte,3528.0,73.258,0.8085,382519.0,7942.9344,4209.6437
20110516_1,5,1,discocyte,3170.0,65.824,0.8203,395609.0,8214.7457,4353.6999
20110516_1,5,1,discocyte,7857.0,163.149,0.4024,872179.0,18110.6312,9598.3803
20110516_1,5,1,discocyte,3593.0,74.608,0.7992,461349.0,9579.8243,5077.1724
20110516_1,5,1,discocyte,3537.0,73.445,0.761,378265.0,7854.6009,4162.8282
20110516_1,5,1,discocyte,2730.0,56.688,0.7788,327552.0,6801.555,3604.7287
20110516_1,5,1,discocyte,5901.0,122.533,0.4068,686125.0,14247.2553,7550.8453
20110516_1,5,1,discocyte,3198.0,66.406,0.7859,380904.0,7909.3992,4191.8705
20110516_1,5,1,discocyte,2960.0,61.464,0.8386,375809.0,7803.6025,4135.7998
20110516_1,5,1,discocyte,2667.0,55.38,0.8251,366522.0,7610.7597,4033.5958
20110516_1,5,1,discocyte,2553.0,53.013,0.7845,295284.0,6131.5162,3249.6175
20110516_1,5,1,discocyte,2664.0,55.317,0.7983,351057.0,7289.6319,3863.4026
20110516_1,5,1,discocyte,3325.0,69.043,0.7752,362230.0,7521.6371,3986.3621
20110516_1,5,1,discocyte,3353.0,69.624,0.7339,330441.0,6861.5446,3636.5223
20110516_1,5,1,discocyte,6150.0,127.704,0.4215,639236.0,13273.6141,7034.8291
20110516_1,5,1,discocyte,873.0,18.128,0.6981,105568.0,2192.0995,1161.7819
20110516_1,5,1,discocyte,3200.0,66.447,0.7824,315196.0,6544.9851,3468.7502
20110516_1,5,1,discocyte,3662.0,76.041,0.5614,381554.0,7922.8963,4199.0238
20110516_1,5,4,stomatocyte,2157.0,44.79,0.624,309844.0,6433.8518,3409.8511
20110516_2,5,1,discocyte,2728.0,56.646,0.7757,350585.0,7279.8309,3858.2082
20110516_2,5,1,discocyte,3549.0,73.694,0.7562,409843.0,8510.312,4510.3459
20110516_2,5,1,discocyte,2784.0,57.809,0.7905,317531.0,6593.4709,3494.447
20110516_2,5,1,discocyte,1691.0,35.113,0.3121,218217.0,4531.2345,2401.4907
20110516_2,5,1,discocyte,7000.0,145.354,0.4789,852278.0,17697.3907,9379.3686
20110516_2,5,1,discocyte,3743.0,77.723,0.8023,407757.0,8466.9966,4487.3893
20110516_2,5,1,discocyte,3527.0,73.237,0.7709,417714.0,8673.7518,4596.9667
20110516_2,5,1,discocyte,3580.0,74.338,0.8019,403091.0,8370.108,4436.0397
20110516_2,5,1,discocyte,3535.0,73.404,0.7822,418297.0,8685.8577,4603.3827
20110516_2,5,1,discocyte,3696.0,76.747,0.7308,448555.0,9314.1593,4936.3737
20110516_2,5,1,discocyte,958.0,19.893,0.5241,117917.0,2448.5241,1297.6834
20110516_2,5,1,discocyte,5816.0,120.768,0.4102,727245.0,15101.1042,8003.3732
20110516_2,5,1,discocyte,2843.0,59.034,0.8156,341648.0,7094.2558,3759.856
20110516_2,5,1,discocyte,1639.0,34.034,0.7969,194839.0,4045.7948,2144.2145
20110516_2,5,1,discocyte,3603.0,74.816,0.7982,406054.0,8431.6342,4468.6477
20110516_2,5,1,discocyte,3049.0,63.312,0.8221,385453.0,8003.8583,4241.9325
20110516_2,5,1,discocyte,3329.0,69.126,0.8029,384655.0,7987.288,4233.1505
20110516_2,5,1,discocyte,3668.0,76.165,0.76,430341.0,8935.9491,4735.9276
20110516_2,5,1,discocyte,6068.0,126.001,0.3969,720826.0,14967.8149,7932.7318
20110516_2,5,1,discocyte,3182.0,66.074,0.8087,359326.0,7461.3361,3954.4034
20110516_2,5,1,discocyte,3177.0,65.97,0.8265,409514.0,8503.4804,4506.7252
20110516_2,5,1,discocyte,3507.0,72.822,0.8203,384981.0,7994.0573,4236.7381
20110516_2,5,1,discocyte,2370.0,49.213,0.37,326569.0,6781.1432,3593.9107
20110516_2,5,1,discocyte,5847.0,121.412,0.4031,707207.0,14685.019,7782.8539
20110516_2,5,1,discocyte,1836.0,38.124,0.6996,194718.0,4043.2823,2142.8828
20110516_2,5,1,discocyte,5576.0,115.785,0.5501,624579.0,12969.2643,6873.528
20110516_2,5,1,discocyte,3097.0,64.309,0.8358,300305.0,6235.7763,3304.8739
20110516_2,5,1,discocyte,6065.0,125.939,0.4208,681598.0,14153.253,7501.0254
20110516_2,5,1,discocyte,8049.0,167.136,0.3178,918584.0,19074.2222,10109.07
20110516_2,5,1,discocyte,2906.0,60.343,0.8134,358682.0,7447.9636,3947.3161
20110516_2,5,1,discocyte,2113.0,43.876,0.7981,262543.0,5451.6555,2889.3009
20110516_2,5,1,discocyte,2333.0,48.444,0.7472,243188.0,5049.7526,2676.298
20110516_2,5,1,discocyte,1323.0,27.472,0.6186,154388.0,3205.8375,1699.0489
20110516_2,5,1,discocyte,817.0,16.965,0.5447,105858.0,2198.1213,1164.9734
20110516_2,5,2,echinocyte,1228.0,25.499,0.5804,180641.0,3750.976,1987.9646
20110516_2,5,3,spherocyte,1192.0,24.752,0.4545,146215.0,3036.1267,1609.1045
20110516_2,5,3,spherocyte,1012.0,21.014,0.6048,129434.0,2687.6724,1424.4286
20110516_2,5,3,spherocyte,2767.0,57.456,0.8258,311001.0,6457.8767,3422.584
20110516_2,5,4,stomatocyte,1410.0,29.278,0.4992,200078.0,4154.5817,2201.8699
20110516_2,5,4,stomatocyte,2645.0,54.923,0.6623,385541.0,8005.6856,4242.901
20110516_2,5,4,stomatocyte,1870.0,38.83,0.476,214698.0,4458.1632,2362.7639
20110516_3,5,1,discocyte,9152.0,190.04,0.2448,1190468.0,24719.8418,13101.1691
20110516_3,5,1,discocyte,3283.0,68.171,0.781,379011.0,7870.0914,4171.038
20110516_3,5,1,discocyte,6607.0,137.193,0.4267,847500.0,17598.1765,9326.7865
20110516_3,5,1,discocyte,5702.0,118.401,0.3876,666003.0,13829.4258,7329.4015
20110516_3,5,1,discocyte,3043.0,63.187,0.8168,376127.0,7810.2057,4139.2994
20110516_3,5,1,discocyte,2991.0,62.108,0.807,361578.0,7508.0985,3979.1868
20110516_3,5,1,discocyte,3602.0,74.795,0.747,434280.0,9017.7417,4779.2765
20110516_3,5,1,discocyte,3364.0,69.853,0.7935,400486.0,8316.0157,4407.3716
20110516_3,5,1,discocyte,2462.0,51.123,0.456,313965.0,6519.4236,3455.203
20110516_3,5,1,discocyte,3417.0,70.953,0.7663,411424.0,8543.1412,4527.7449
20110516_3,5,1,discocyte,4010.0,83.267,0.8479,485673.0,10084.9076,5344.8594
20110516_3,5,1,discocyte,3027.0,62.855,0.7959,357612.0,7425.7452,3935.5407
20110516_3,5,1,discocyte,4913.0,102.018,0.6071,680253.0,14125.3243,7486.2236
20110516_3,5,1,discocyte,3634.0,75.459,0.794,435667.0,9046.5425,4794.5405
20110516_3,5,1,discocyte,3716.0,77.162,0.7754,427273.0,8872.2427,4702.164
20110516_3,5,1,discocyte,2981.0,61.9,0.8207,367355.0,7628.0568,4042.763
20110516_3,5,1,discocyte,3234.0,67.153,0.7198,371330.0,7710.5969,4086.5081
20110516_3,5,1,discocyte,3767.0,78.221,0.7554,415537.0,8628.5469,4573.0087
20110516_3,5,1,discocyte,4357.0,90.472,0.7989,493724.0,10252.0851,5433.4611
20110516_3,5,1,discocyte,3487.0,72.407,0.7584,389410.0,8086.0247,4285.4795
20110516_3,5,1,discocyte,3700.0,76.83,0.7346,434680.0,9026.0476,4783.6785
20110516_3,5,1,discocyte,3420.0,71.016,0.6157,357407.0,7421.4884,3933.2847
20110516_3,5,1,discocyte,1934.0,40.159,0.7494,210385.0,4368.6046,2315.2991
20110516_3,5,1,discocyte,3559.0,73.902,0.7815,421061.0,8743.2517,4633.8006
20110516_3,5,1,discocyte,3088.0,64.122,0.7255,334059.0,6936.6717,3676.3386
20110516_3,5,1,discocyte,1212.0,25.167,0.6872,140223.0,2911.704,1543.1622
20110516_3,5,1,discocyte,5825.0,120.955,0.2993,644523.0,13383.3976,7093.0129
20110516_3,5,1,discocyte,3326.0,69.064,0.2636,406975.0,8450.7585,4478.7834
20110516_3,5,1,discocyte,3453.0,71.701,0.7844,367186.0,7624.5475,4040.9031
20110516_3,5,1,discocyte,3031.0,62.938,0.7826,331392.0,6881.2919,3646.9881
20110516_3,5,1,discocyte,3120.0,64.786,0.7996,381349.0,7918.6395,4196.7678
20110516_3,5,1,discocyte,2699.0,56.044,0.7983,297195.0,6171.1977,3270.6481
20110516_3,5,1,discocyte,2966.0,61.588,0.8148,321825.0,6682.635,3541.7027
20110516_3,5,1,discocyte,9428.0,195.771,0.3674,1008340.0,20937.9885,11096.84
20110516_3,5,1,discocyte,5374.0,111.59,0.4075,570016.0,11836.2739,6273.059
20110516_3,5,1,discocyte,2928.0,60.799,0.809,320215.0,6649.2036,3523.9846
20110516_3,5,1,discocyte,3325.0,69.043,0.7959,355364.0,7379.0659,3910.8014
20110516_3,5,1,discocyte,1864.0,38.706,0.772,219831.0,4564.7489,2419.2529
20110516_3,5,1,discocyte,1150.0,23.88,0.63,124849.0,2592.4658,1373.9705
20110516_3,5,4,stomatocyte,1858.0,38.581,0.7641,249306.0,5176.7917,2743.6269
20110516_3,5,4,stomatocyte,2249.0,46.7,0.6815,332788.0,6910.2796,3662.3512
20110516_3,5,4,stomatocyte,1532.0,31.812,0.2679,213073.0,4424.4204,2344.8807
20110516_5,5,1,discocyte,1142.0,23.713,0.4723,156812.0,3256.1714,1725.7251
20110516_5,5,1,discocyte,6397.0,132.832,0.3706,885796.0,18393.3856,9748.2362
20110516_5,5,1,discocyte,3424.0,71.099,0.8466,433012.0,8991.4119,4765.3221
20110516_5,5,1,discocyte,1609.0,33.411,0.7545,223114.0,4632.9198,2455.3825
20110516_5,5,1,discocyte,3664.0,76.082,0.8393,472817.0,9817.9552,5203.3784
20110516_5,5,1,discocyte,2619.0,54.383,0.8142,336432.0,6985.9466,3702.4536
20110516_5,5,1,discocyte,3268.0,67.859,0.8115,422621.0,8775.6448,4650.9685
20110516_5,5,1,discocyte,3588.0,74.504,0.7988,451955.0,9384.7597,4973.7909
20110516_5,5,1,discocyte,3072.0,63.789,0.7871,382226.0,7936.8503,4206.4192
20110516_5,5,1,discocyte,3669.0,76.186,0.7833,446705.0,9275.7445,4916.0143
20110516_5,5,1,discocyte,2655.0,55.131,0.8127,309132.0,6419.0672,3402.0155
20110516_5,5,1,discocyte,1506.0,31.272,0.7768,205148.0,4259.8592,2257.6656
20110516_5,5,1,discocyte,3687.0,76.56,0.7402,422297.0,8768.917,4647.4029
20110516_5,5,1,discocyte,7428.0,154.241,0.3877,879552.0,18263.7302,9679.5206
20110516_5,5,1,discocyte,3092.0,64.205,0.7999,388968.0,8076.8466,4280.6153
20110516_5,5,1,discocyte,3284.0,68.192,0.7509,420552.0,8732.6824,4628.1991
20110516_5,5,1,discocyte,2890.0,60.01,0.7946,339402.0,7047.618,3735.1386
20110516_5,5,1,discocyte,6944.0,144.191,0.3649,815811.0,16940.1604,8978.0472
20110516_5,5,1,discocyte,3521.0,73.113,0.8113,379243.0,7874.9088,4173.5911
20110516_5,5,1,discocyte,2927.0,60.779,0.7822,369186.0,7666.0771,4062.9133
20110516_5,5,1,discocyte,3117.0,64.724,0.8431,420104.0,8723.3797,4623.2688
20110516_5,5,1,discocyte,3275.0,68.005,0.8115,360853.0,7493.044,3971.2081
20110516_5,5,1,discocyte,6154.0,127.787,0.3904,669742.0,13907.0654,7370.5494
20110516_5,5,1,discocyte,3285.0,68.212,0.7956,375461.0,7796.3763,4131.97
20110516_5,5,1,discocyte,1399.0,29.05,0.694,156596.0,3251.6862,1723.348
20110516_5,5,1,discocyte,3156.0,65.534,0.779,348525.0,7237.0554,3835.5378
20110516_5,5,1,discocyte,2866.0,59.512,0.7735,358528.0,7444.7658,3945.6214
20110516_5,5,1,discocyte,3595.0,74.649,0.8133,398028.0,8264.9758,4380.3211
20110516_5,5,1,discocyte,6921.0,143.713,0.3995,734196.0,15245.4404,8079.8694
20110516_5,5,1,discocyte,1771.0,36.774,0.6855,221026.0,4589.5629,2432.4039
20110516_5,5,1,discocyte,2059.0,42.755,0.7198,211455.0,4390.8229,2327.0745
20110516_5,5,3,spherocyte,876.0,18.19,0.3315,116161.0,2412.0611,1278.3585
20110516_5,5,4,stomatocyte,1697.0,35.238,0.8326,286321.0,5945.4012,3150.9791
20110516_5,5,4,stomatocyte,1726.0,35.84,0.3111,264290.0,5487.9316,2908.5267
20110516_6,5,1,discocyte,3347.0,69.5,0.7839,422722.0,8777.742,4652.08
20110516_6,5,1,discocyte,3422.0,71.057,0.8004,406511.0,8441.1237,4473.677
20110516_6,5,1,discocyte,3455.0,71.742,0.4394,442431.0,9186.9957,4868.9787
20110516_6,5,1,discocyte,2982.0,61.921,0.8022,366356.0,7607.3127,4031.7689
20110516_6,5,1,discocyte,3010.0,62.502,0.8069,349523.0,7257.7787,3846.5208
20110516_6,5,1,discocyte,6487.0,134.701,0.4008,730063.0,15159.6195,8034.3855
20110516_6,5,1,discocyte,3490.0,72.469,0.8171,394203.0,8185.5504,4338.2268
20110516_6,5,1,discocyte,3647.0,75.729,0.8203,400486.0,8316.0157,4407.3716
20110516_6,5,1,discocyte,3685.0,76.518,0.7053,436766.0,9069.363,4806.6351
20110516_6,5,1,discocyte,3360.0,69.77,0.7579,380436.0,7899.6813,4186.7202
20110516_6,5,1,discocyte,3500.0,72.677,0.5708,441548.0,9168.6603,4859.2612
20110516_6,5,1,discocyte,6072.0,126.084,0.4948,699315.0,14521.1431,7696.002
20110516_6,5,1,discocyte,3235.0,67.174,0.7818,335624.0,6969.1686,3693.5615
20110516_6,5,1,discocyte,2826.0,58.681,0.8226,330550.0,6863.8079,3637.7218
20110516_6,5,1,discocyte,2955.0,61.36,0.7967,322875.0,6704.438,3553.258
20110516_6,5,1,discocyte,3771.0,78.304,0.7967,399346.0,8292.3438,4394.8258
20110516_6,5,1,discocyte,3492.0,72.511,0.7811,388940.0,8076.2652,4280.3072
20110516_6,5,1,discocyte,6852.0,142.28,0.4549,727327.0,15102.807,8004.2757
20110516_6,5,1,discocyte,3468.0,72.012,0.8212,393973.0,8180.7745,4335.6956
20110516_6,5,1,discocyte,2906.0,60.343,0.8372,335460.0,6965.7632,3691.7567
20110516_6,5,1,discocyte,6399.0,132.874,0.461,660608.0,13717.3996,7270.0292
20110516_6,5,1,discocyte,3455.0,71.742,0.7519,331003.0,6873.2144,3642.7071
20110516_6,5,1,discocyte,3302.0,68.565,0.7479,383986.0,7973.3963,4225.7881
20110516_6,5,1,discocyte,3163.0,65.679,0.7979,349831.0,7264.1742,3849.9104
20110516_6,5,3,spherocyte,1317.0,27.347,0.3341,195586.0,4061.3061,2152.4352
20110516_6,5,3,spherocyte,1746.0,36.255,0.263,239931.0,4982.1216,2640.4545
20110516_6,5,4,stomatocyte,1673.0,34.74,0.5876,211858.0,4399.1911,2331.5095
20110516_6,5,4,stomatocyte,1726.0,35.84,0.6908,214008.0,4443.8355,2355.1704
20110516_6,5,4,stomatocyte,2377.0,49.358,0.7495,370573.0,7694.8779,4078.1773
20110516_6,5,4,stomatocyte,2126.0,44.146,0.7943,274384.0,5697.5316,3019.6118
20110516_6,5,4,stomatocyte,2482.0,51.538,0.7127,298429.0,6196.8215,3284.2284
20110516_7,5,1,discocyte,2739.0,56.875,0.7652,406313.0,8437.0122,4471.498
20110516_7,5,1,discocyte,1657.0,34.407,0.6473,244449.0,5075.937,2690.1754
20110516_7,5,1,discocyte,4598.0,95.477,0.2739,657094.0,13644.4321,7231.3574
20110516_7,5,1,discocyte,3334.0,69.23,0.7612,475503.0,9873.7294,5232.938
20110516_7,5,1,discocyte,6375.0,132.376,0.2802,910767.0,18911.9037,10023.0435
20110516_7,5,1,discocyte,8277.0,171.87,0.2084,1252854.0,26015.2753,13787.7307
20110516_7,5,1,discocyte,2681.0,55.67,0.7271,468496.0,9728.2304,5155.8255
20110516_7,5,1,discocyte,3400.0,70.6,0.7943,457897.0,9508.1442,5039.1829
20110516_7,5,1,discocyte,1657.0,34.407,0.7998,259245.0,5383.1732,2853.0062
20110516_7,5,1,discocyte,2842.0,59.014,0.7911,394664.0,8195.123,4343.3001
20110516_7,5,1,discocyte,7039.0,146.163,0.4411,925304.0,19213.7618,10183.024
20110516_7,5,1,discocyte,3523.0,73.154,0.7713,451885.0,9383.3062,4973.0205
20110516_7,5,1,discocyte,2649.0,55.006,0.7888,366218.0,7604.4472,4030.2502
20110516_7,5,1,discocyte,2886.0,59.927,0.7647,389663.0,8091.2782,4288.2638
20110516_7,5,1,discocyte,3176.0,65.949,0.8054,429625.0,8921.0815,4728.0479
20110516_7,5,1,discocyte,3711.0,77.058,0.7993,498397.0,10349.119,5484.8878
20110516_7,5,1,discocyte,3555.0,73.819,0.7842,465955.0,9675.467,5127.8617
20110516_7,5,1,discocyte,3447.0,71.576,0.786,467350.0,9704.434,5143.2137
20110516_7,5,1,discocyte,2960.0,61.464,0.3178,396821.0,8239.9127,4367.038
20110516_7,5,1,discocyte,3570.0,74.13,0.825,449466.0,9333.0761,4946.3993
20110516_7,5,1,discocyte,1646.0,34.179,0.8003,241260.0,5009.7181,2655.0802
20110516_7,5,1,discocyte,3182.0,66.074,0.7803,423281.0,8789.3495,4658.2319
20110516_7,5,1,discocyte,3621.0,75.189,0.7603,458453.0,9519.6894,5045.3018
20110516_7,5,1,discocyte,3854.0,80.028,0.7646,483952.0,10049.1713,5325.9197
20110516_7,5,1,discocyte,1738.0,36.089,0.7131,235527.0,4890.6734,2591.9882
20110516_7,5,1,discocyte,3723.0,77.307,0.7648,470252.0,9764.6934,5175.1504
20110516_7,5,1,discocyte,7299.0,151.562,0.4383,911705.0,18931.3811,10033.3662
20110516_7,5,1,discocyte,4178.0,86.755,0.7619,479671.0,9960.2772,5278.8071
20110516_7,5,1,discocyte,2986.0,62.004,0.8088,385914.0,8013.4309,4247.0059
20110516_7,5,1,discocyte,3974.0,82.519,0.8186,476497.0,9894.3697,5243.877
20110516_7,5,1,discocyte,2674.0,55.525,0.7992,342636.0,7114.7714,3770.729
20110516_7,5,1,discocyte,2587.0,53.719,0.829,294322.0,6111.5404,3239.0306
20110516_7,5,1,discocyte,3486.0,72.386,0.7992,409103.0,8494.9461,4502.2021
20110516_7,5,1,discocyte,2717.0,56.418,0.8178,333080.0,6916.3429,3665.5646
20110516_7,5,1,discocyte,2582.0,53.615,0.8038,349244.0,7251.9853,3843.4504
20110516_7,5,3,spherocyte,1100.0,22.841,0.6805,174391.0,3621.196,1919.183
20110516_7,5,4,stomatocyte,1744.0,36.214,0.5514,311303.0,6464.1476,3425.9075
20110516_7,5,4,stomatocyte,1976.0,41.031,0.5864,291596.0,6054.9355,3209.0308
20110519_1,8,1,discocyte,1475.0,30.628,0.5578,143842.0,2986.8518,1582.9895
20110519_1,8,1,discocyte,3346.0,69.479,0.8206,323552.0,6718.4958,3560.7085
20110519_1,8,1,discocyte,2437.0,50.604,0.8029,270775.0,5622.5914,2979.8945
20110519_1,8,1,discocyte,3251.0,67.506,0.7956,296641.0,6159.694,3264.5513
20110519_1,8,1,discocyte,3316.0,68.856,0.7916,339531.0,7050.2967,3736.5583
20110519_1,8,1,discocyte,2871.0,59.616,0.6092,287256.0,5964.8163,3161.2689
20110519_1,8,1,discocyte,3583.0,74.4,0.6991,388293.0,8062.8304,4273.1869
20110519_1,8,1,discocyte,3262.0,67.735,0.7463,333254.0,6919.956,3667.4795
20110519_1,8,1,discocyte,1621.0,33.66,0.5894,177367.0,3682.9921,1951.9341
20110519_1,8,1,discocyte,3104.0,64.454,0.7666,321653.0,6679.0634,3539.8098
20110519_1,8,1,discocyte,2682.0,55.691,0.641,368799.0,7658.0412,4058.6543
20110519_1,8,1,discocyte,3561.0,73.943,0.8241,396412.0,8231.4199,4362.537
20110519_1,8,1,discocyte,2581.0,53.594,0.806,275562.0,5721.9926,3032.5757
20110519_1,8,1,discocyte,3738.0,77.619,0.8153,440987.0,9157.0113,4853.0874
20110519_1,8,1,discocyte,2962.0,61.505,0.8103,337932.0,7017.0938,3718.9612
20110519_1,8,1,discocyte,3746.0,77.785,0.7861,401965.0,8346.7269,4423.648
20110519_1,8,1,discocyte,3097.0,64.309,0.776,397080.0,8245.2908,4369.8883
20110519_1,8,1,discocyte,3501.0,72.698,0.8057,334881.0,6953.7403,3685.3848
20110519_1,8,1,discocyte,2494.0,51.787,0.5213,335050.0,6957.2496,3687.2446
20110519_1,8,1,discocyte,3351.0,69.583,0.8175,336374.0,6984.7422,3701.8153
20110519_1,8,1,discocyte,3201.0,66.468,0.798,383965.0,7972.9603,4225.557
20110519_1,8,1,discocyte,3356.0,69.687,0.8255,393053.0,8161.6709,4325.571
20110519_1,8,1,discocyte,3798.0,78.865,0.787,390013.0,8098.5458,4292.1156
20110519_1,8,1,discocyte,1421.0,29.507,0.7053,170519.0,3540.7946,1876.5714
20110519_1,8,1,discocyte,3316.0,68.856,0.7319,369468.0,7671.9328,4066.0167
20110519_1,8,1,discocyte,6869.0,142.633,0.4885,786341.0,16328.2215,8653.7281
20110519_1,8,1,discocyte,2038.0,42.319,0.2575,240788.0,4999.9171,2649.8859
20110519_1,8,1,discocyte,3002.0,62.336,0.8091,360643.0,7488.6834,3968.8971
20110519_1,8,1,discocyte,3442.0,71.472,0.7914,364110.0,7560.675,4007.0516
20110519_1,8,1,discocyte,2680.0,55.65,0.7348,325013.0,6748.8332,3576.7868
20110519_1,8,4,stomatocyte,1613.0,33.494,0.6984,212076.0,4403.7178,2333.9086
20110519_1,8,4,stomatocyte,734.0,15.241,0.5915,82414.0,1711.3111,906.9708
20110519_10,8,1,discocyte,1285.0,26.683,0.7049,127408.0,2645.6029,1402.1324
20110519_10,8,1,discocyte,2761.0,57.332,0.68,279860.0,5811.2397,3079.8755
20110519_10,8,1,discocyte,2720.0,56.48,0.8123,279976.0,5813.6484,3081.1521
20110519_10,8,1,discocyte,7415.0,153.971,0.1467,738113.0,15326.7762,8122.9762
20110519_10,8,1,discocyte,3705.0,76.934,0.7512,410386.0,8521.5873,4516.3216
20110519_10,8,1,discocyte,3517.0,73.03,0.7756,353414.0,7338.5746,3889.3415
20110519_10,8,1,discocyte,4562.0,94.729,0.166,525093.0,10903.4564,5778.6788
20110519_10,8,1,discocyte,3397.0,70.538,0.8341,330829.0,6869.6013,3640.7923
20110519_10,8,1,discocyte,4758.0,98.799,0.3107,479766.0,9962.2498,5279.8525
20110519_10,8,1,discocyte,6113.0,126.935,0.4618,614447.0,12758.8752,6762.0247
20110519_10,8,1,discocyte,876.0,18.19,0.6149,104850.0,2177.1903,1153.8803
20110519_10,8,1,discocyte,3325.0,69.043,0.7616,323907.0,6725.8673,3564.6152
20110519_10,8,1,discocyte,3432.0,71.265,0.5474,371065.0,7705.0942,4083.5918
20110519_10,8,1,discocyte,4012.0,83.308,0.7396,434176.0,9015.5821,4778.132
20110519_10,8,1,discocyte,3525.0,73.196,0.7101,369189.0,7666.1394,4062.9463
20110519_10,8,1,discocyte,4039.0,83.869,0.7836,379088.0,7871.6903,4171.8853
20110519_10,8,1,discocyte,3304.0,68.607,0.7768,328084.0,6812.6019,3610.5834
20110519_10,8,1,discocyte,3645.0,75.688,0.8017,389886.0,8095.9087,4290.718
20110519_10,8,1,discocyte,2607.0,54.134,0.7755,302224.0,6275.6239,3325.9926
20110519_10,8,1,discocyte,3143.0,65.264,0.8257,368978.0,7661.7581,4060.6242
20110519_10,8,1,discocyte,2341.0,48.61,0.7101,278421.0,5781.3592,3064.0392
20110519_10,8,1,discocyte,3127.0,64.932,0.8001,325193.0,6752.5709,3578.7678
20110519_10,8,1,discocyte,6511.0,135.2,0.4636,677202.0,14061.9709,7452.6471
20110519_10,8,1,discocyte,2705.0,56.169,0.815,312154.0,6481.8185,3435.2728
20110519_10,8,1,discocyte,2161.0,44.873,0.7649,217973.0,4526.1679,2398.8055
20110519_10,8,3,spherocyte,1444.0,29.984,0.2281,170977.0,3550.3049,1881.6118
20110519_10,8,3,spherocyte,4802.0,99.713,0.5081,546283.0,11343.4627,6011.876
20110519_10,8,3,spherocyte,3066.0,63.665,0.7187,323700.0,6721.569,3562.3372
20110519_10,8,4,stomatocyte,2074.0,43.066,0.808,251969.0,5232.0884,2772.9334
20110519_10,8,4,stomatocyte,1014.0,21.056,0.5066,123696.0,2568.5239,1361.2816
20110519_10,8,4,stomatocyte,1219.0,25.312,0.4165,152233.0,3161.0893,1675.333
20110519_4,8,1,discocyte,1816.0,37.709,0.6857,177015.0,3675.6828,1948.0603
20110519_4,8,1,discocyte,2691.0,55.878,0.768,284387.0,5905.242,3129.6954
20110519_4,8,1,discocyte,3488.0,72.428,0.7185,366232.0,7604.7379,4030.4043
20110519_4,8,1,discocyte,5597.0,116.221,0.4257,581667.0,12078.2047,6401.2789
20110519_4,8,1,discocyte,3420.0,71.016,0.7287,348628.0,7239.1942,3836.6713
20110519_4,8,1,discocyte,3305.0,68.628,0.7856,347490.0,7215.5638,3824.1475
20110519_4,8,1,discocyte,6196.0,128.659,0.443,649322.0,13483.048,7145.8261
20110519_4,8,1,discocyte,6482.0,134.597,0.387,713754.0,14820.9662,7854.904
20110519_4,8,1,discocyte,3285.0,68.212,0.7902,339642.0,7052.6016,3737.7798
20110519_4,8,1,discocyte,1582.0,32.85,0.7715,168903.0,3507.2387,1858.7873
20110519_4,8,1,discocyte,3695.0,76.726,0.776,383984.0,7973.3548,4225.7661
20110519_4,8,1,discocyte,3213.0,66.717,0.843,369927.0,7681.4639,4071.068
20110519_4,8,1,discocyte,2440.0,50.666,0.6448,287792.0,5975.9462,3167.1676
20110519_4,8,1,discocyte,5437.0,112.898,0.3842,578819.0,12019.0666,6369.9365
20110519_4,8,1,discocyte,3311.0,68.752,0.7745,351241.0,7293.4526,3865.4275
20110519_4,8,1,discocyte,5718.0,118.733,0.4083,610099.0,12668.5898,6714.1747
20110519_4,8,1,discocyte,3655.0,75.895,0.7683,409493.0,8503.0443,4506.4941
20110519_4,8,1,discocyte,3587.0,74.483,0.784,377870.0,7846.3988,4158.4812
20110519_4,8,1,discocyte,4039.0,83.869,0.7346,450024.0,9344.6629,4952.5401
20110519_4,8,1,discocyte,3928.0,81.564,0.8148,407184.0,8455.0984,4481.0834
20110519_4,8,1,discocyte,2830.0,58.764,0.7195,301786.0,6266.529,3321.1724
20110519_4,8,1,discocyte,3885.0,80.671,0.8182,440079.0,9138.1568,4843.0948
20110519_4,8,1,discocyte,2856.0,59.304,0.7138,290845.0,6039.3412,3200.766
20110519_4,8,1,discocyte,3987.0,82.789,0.7629,402585.0,8359.601,4430.4712
20110519_4,8,1,discocyte,3875.0,80.464,0.7312,394436.0,8190.3886,4340.791
20110519_4,8,1,discocyte,2148.0,44.603,0.8029,243192.0,5049.8357,2676.342
20110519_4,8,1,discocyte,6337.0,131.587,0.4277,661868.0,13743.5633,7283.8956
20110519_4,8,1,discocyte,3508.0,72.843,0.8032,385456.0,8003.9206,4241.9655
20110519_4,8,2,echinocyte,1604.0,33.307,0.7471,193493.0,4017.8454,2129.4016
20110519_4,8,3,spherocyte,2138.0,44.395,0.6955,238831.0,4959.2803,2628.349
20110519_4,8,3,spherocyte,2410.0,50.043,0.8486,317053.0,6583.5453,3489.1866
20110519_4,8,3,spherocyte,1679.0,34.864,0.6301,258078.0,5358.9406,2840.1633
20110519_4,8,3,spherocyte,2767.0,57.456,0.5001,321623.0,6678.4405,3539.4797
20110519_4,8,4,stomatocyte,2383.0,49.483,0.7899,297189.0,6171.0731,3270.5821
20110519_5,8,1,discocyte,1029.0,21.367,0.7324,71862.0,1492.2008,790.8455
20110519_5,8,1,discocyte,2463.0,51.144,0.6981,180975.0,3757.9115,1991.6403
20110519_5,8,1,discocyte,3412.0,70.85,0.7417,282920.0,5874.78,3113.5509
20110519_5,8,1,discocyte,1301.0,27.015,0.5068,111246.0,2310.0021,1224.2687
20110519_5,8,1,discocyte,2851.0,59.2,0.8509,232161.0,4820.7791,2554.9452
20110519_5,8,1,discocyte,3333.0,69.209,0.8295,277120.0,5754.3441,3049.7216
20110519_5,8,1,discocyte,3533.0,73.362,0.7657,281687.0,5849.177,3099.9817
20110519_5,8,1,discocyte,2862.0,59.429,0.8334,242882.0,5043.3986,2672.9304
20110519_5,8,1,discocyte,3514.0,72.968,0.807,262787.0,5456.7221,2891.9861
20110519_5,8,1,discocyte,3150.0,65.409,0.7981,254249.0,5279.4322,2798.0249
20110519_5,8,1,discocyte,2800.0,58.141,0.8281,255797.0,5311.5761,2815.0608
20110519_5,8,1,discocyte,3465.0,71.95,0.8088,295640.0,6138.9084,3253.5353
20110519_5,8,1,discocyte,1802.0,37.418,0.7765,151025.0,3136.0054,1662.0389
20110519_5,8,1,discocyte,2484.0,51.58,0.5807,189932.0,3943.9019,2090.2126
20110519_5,8,1,discocyte,983.0,20.412,0.4454,92165.0,1913.7887,1014.2811
20110519_5,8,1,discocyte,3529.0,73.279,0.7474,267726.0,5559.2795,2946.3401
20110519_5,8,1,discocyte,3263.0,67.756,0.7227,288431.0,5989.2149,3174.1998
20110519_5,8,1,discocyte,3427.0,71.161,0.824,309389.0,6424.4038,3404.8438
20110519_5,8,1,discocyte,3396.0,70.517,0.6831,360339.0,7482.3709,3965.5515
20110519_5,8,1,discocyte,2399.0,49.815,0.7651,225314.0,4678.6024,2479.5936
20110519_5,8,1,discocyte,7172.0,148.925,0.419,667206.0,13854.4058,7342.6406
20110519_5,8,1,discocyte,3205.0,66.551,0.7503,233771.0,4854.2104,2572.6634
20110519_5,8,1,discocyte,6292.0,130.652,0.4288,559152.0,11610.685,6153.5001
20110519_5,8,1,discocyte,910.0,18.896,0.7226,70306.0,1459.8907,773.7216
20110519_5,8,3,spherocyte,2321.0,48.195,0.5496,245215.0,5091.8429,2698.6052
20110519_5,8,4,stomatocyte,990.0,20.557,0.7687,107972.0,2242.0181,1188.2381
20110519_5,8,4,stomatocyte,1195.0,24.814,0.3611,128032.0,2658.5602,1408.9996
20110519_5,8,4,stomatocyte,1828.0,37.958,0.7053,176606.0,3667.19,1943.5592
20110519_5,8,4,stomatocyte,1749.0,36.318,0.649,184673.0,3834.6998,2032.337
20110519_5,8,4,stomatocyte,1572.0,32.642,0.5682,198305.0,4117.7656,2182.358
20110519_7,8,1,discocyte,2076.0,43.108,0.5707,188904.0,3922.5557,2078.8994
20110519_7,8,1,discocyte,2917.0,60.571,0.7998,199682.0,4146.3588,2197.5119
20110519_7,8,1,discocyte,1819.0,37.771,0.5852,142500.0,2958.9854,1568.2207
20110519_7,8,1,discocyte,3700.0,76.83,0.7412,281318.0,5841.5148,3095.9208
20110519_7,8,1,discocyte,3131.0,65.015,0.6607,227648.0,4727.0675,2505.2794
20110519_7,8,1,discocyte,4892.0,101.581,0.4104,347348.0,7212.6152,3822.5848
20110519_7,8,1,discocyte,3547.0,73.653,0.7609,301822.0,6267.2765,3321.5685
20110519_7,8,1,discocyte,2807.0,58.287,0.7219,200188.0,4156.8658,2203.0805
20110519_7,8,1,discocyte,9429.0,195.791,0.2452,743314.0,15434.774,8180.2135
20110519_7,8,1,discocyte,2898.0,60.176,0.8023,237486.0,4931.3517,2613.5472
20110519_7,8,1,discocyte,3033.0,62.98,0.7955,223702.0,4645.1295,2461.8534
20110519_7,8,1,discocyte,1447.0,30.047,0.5897,116005.0,2408.8218,1276.6417
20110519_7,8,1,discocyte,6723.0,139.602,0.4541,541860.0,11251.6199,5963.2006
20110519_7,8,1,discocyte,1484.0,30.815,0.7344,128829.0,2675.1097,1417.7706
20110519_7,8,1,discocyte,2122.0,44.063,0.7437,173367.0,3599.9328,1907.9139
20110519_7,8,1,discocyte,3430.0,71.223,0.7645,299480.0,6218.6453,3295.7947
20110519_7,8,1,discocyte,1337.0,27.763,0.7556,134034.0,2783.1905,1475.0519
20110519_7,8,1,discocyte,2880.0,59.803,0.7358,281567.0,5846.6853,3098.6611
20110519_7,8,1,discocyte,1698.0,35.259,0.7092,176907.0,3673.4402,1946.8718
20110519_7,8,1,discocyte,3526.0,73.217,0.7908,329708.0,6846.324,3628.4556
20110519_7,8,1,discocyte,3445.0,71.535,0.702,555291.0,11530.5121,6111.0095
20110519_7,8,1,discocyte,3775.0,78.387,0.7386,370861.0,7700.8582,4081.3467
20110519_7,8,1,discocyte,6713.0,139.394,0.3925,680284.0,14125.968,7486.5647
20110519_7,8,1,discocyte,3722.0,77.287,0.7924,408150.0,8475.1572,4491.7143
20110519_7,8,1,discocyte,2752.0,57.145,0.7636,275430.0,5719.2516,3031.1231
20110519_7,8,1,discocyte,1274.0,26.454,0.6988,122403.0,2541.675,1347.0521
20110519_7,8,1,discocyte,3617.0,75.106,0.7413,308873.0,6413.6892,3399.1652
20110519_7,8,1,discocyte,3970.0,82.436,0.7943,365692.0,7593.5249,4024.4616
20110519_7,8,1,discocyte,1330.0,27.617,0.6517,158074.0,3282.3766,1739.6135
20110519_7,8,3,spherocyte,2722.0,56.522,0.7686,254307.0,5280.6365,2798.6632
20110519_7,8,3,spherocyte,2641.0,54.84,0.7222,254978.0,5294.5697,2806.0476
20110519_7,8,3,spherocyte,2141.0,44.457,0.3038,247086.0,5130.6938,2719.1957
20110519_7,8,3,spherocyte,1705.0,35.404,0.5132,184369.0,3828.3873,2028.9915
20110519_7,8,4,stomatocyte,1649.0,34.241,0.6534,168679.0,3502.5874,1856.3221
20110519_7,8,4,stomatocyte,2398.0,49.794,0.7235,295595.0,6137.974,3253.0401
20110519_7,8,4,stomatocyte,2612.0,54.238,0.7543,318923.0,6622.3755,3509.766
20110519_8,8,1,discocyte,2614.0,54.279,0.7484,188502.0,3914.2082,2074.4754
20110519_8,8,1,discocyte,3200.0,66.447,0.753,282241.0,5860.6807,3106.0785
20110519_8,8,1,discocyte,2759.0,57.29,0.7878,239237.0,4967.7108,2632.817
20110519_8,8,1,discocyte,3711.0,77.058,0.8141,308330.0,6402.4139,3393.1895
20110519_8,8,1,discocyte,3196.0,66.364,0.7434,250332.0,5198.0964,2754.9181
20110519_8,8,1,discocyte,3362.0,69.811,0.7795,240274.0,4989.244,2644.2293
20110519_8,8,1,discocyte,4819.0,100.066,0.3858,409057.0,8493.9909,4501.6959
20110519_8,8,1,discocyte,3925.0,81.502,0.7482,327356.0,6797.4851,3602.5717
20110519_8,8,1,discocyte,7432.0,154.324,0.559,624085.0,12959.0064,6868.0915
20110519_8,8,1,discocyte,3320.0,68.939,0.4326,296558.0,6157.9705,3263.6379
20110519_8,8,1,discocyte,3660.0,75.999,0.7329,321766.0,6681.4099,3541.0534
20110519_8,8,1,discocyte,6824.0,141.699,0.3449,661975.0,13745.7851,7285.0731
20110519_8,8,1,discocyte,3644.0,75.667,0.7438,286507.0,5949.2634,3153.0261
20110519_8,8,1,discocyte,2018.0,41.903,0.7766,174913.0,3632.0352,1924.9277
20110519_8,8,1,discocyte,3728.0,77.411,0.7792,338262.0,7023.9462,3722.5929
20110519_8,8,1,discocyte,3340.0,69.354,0.7465,277522.0,5762.6916,3054.1456
20110519_8,8,1,discocyte,3134.0,65.077,0.7639,273861.0,5686.6716,3013.8561
20110519_8,8,1,discocyte,2167.0,44.997,0.3048,198247.0,4116.5613,2181.7197
20110519_8,8,1,discocyte,2677.0,55.587,0.8104,309530.0,6427.3316,3406.3955
20110519_8,8,1,discocyte,3080.0,63.956,0.8323,301387.0,6258.2438,3316.7813
20110519_8,8,1,discocyte,3384.0,70.268,0.8013,329097.0,6833.6367,3621.7315
20110519_8,8,1,discocyte,3776.0,78.408,0.7991,359605.0,7467.1295,3957.4738
20110519_8,8,1,discocyte,4690.0,97.387,0.4639,450851.0,9361.8354,4961.6413
20110519_8,8,1,discocyte,1369.0,28.427,0.5957,136322.0,2830.7004,1500.2315
20110519_8,8,4,stomatocyte,2539.0,52.722,0.7813,306864.0,6371.9727,3377.056
20110519_8,8,4,stomatocyte,2253.0,46.783,0.757,252993.0,5253.3516,2784.2026
20110519_8,8,4,stomatocyte,2054.0,42.651,0.6383,263458.0,5470.6553,2899.3705
20110519_8,8,4,stomatocyte,1232.0,25.582,0.5462,157885.0,3278.452,1737.5335
20110519_8,8,4,stomatocyte,2653.0,55.089,0.6312,298937.0,6207.37,3289.819
20110523_2,12,1,discocyte,1001.0,20.786,0.5886,106476.0,2210.9539,1171.7745
20110523_2,12,1,discocyte,3135.0,65.098,0.7925,335110.0,6958.4955,3687.9049
20110523_2,12,1,discocyte,8935.0,185.534,0.3158,911514.0,18927.415,10031.2642
20110523_2,12,1,discocyte,3398.0,70.559,0.7596,356284.0,7398.1696,3920.926
20110523_2,12,1,discocyte,3798.0,78.865,0.7967,391774.0,8135.1127,4311.4955
20110523_2,12,1,discocyte,3109.0,64.558,0.8196,285436.0,5927.0243,3141.2397
20110523_2,12,1,discocyte,1972.0,40.948,0.7302,201846.0,4191.2938,2221.3269
20110523_2,12,1,discocyte,3021.0,62.73,0.7901,307015.0,6375.1081,3378.7178
20110523_2,12,1,discocyte,7400.0,153.66,0.2653,707381.0,14688.6321,7784.7688
20110523_2,12,1,discocyte,881.0,18.294,0.6702,93116.0,1933.536,1024.747
20110523_2,12,1,discocyte,3170.0,65.824,0.7687,298923.0,6207.0793,3289.6649
20110523_2,12,1,discocyte,3641.0,75.605,0.757,377408.0,7836.8054,4153.3968
20110523_2,12,1,discocyte,1775.0,36.858,0.7746,188242.0,3908.8094,2071.6141
20110523_2,12,1,discocyte,9576.0,198.844,0.3179,1011760.0,21009.0042,11134.4773
20110523_2,12,1,discocyte,3885.0,80.671,0.5013,376674.0,7821.564,4145.3191
20110523_2,12,1,discocyte,3736.0,77.577,0.7741,405325.0,8416.4966,4460.625
20110523_2,12,1,discocyte,2933.0,60.903,0.8263,267854.0,5561.9374,2947.7487
20110523_2,12,1,discocyte,6846.0,142.156,0.3659,721289.0,14977.429,7937.8271
20110523_2,12,1,discocyte,2994.0,62.17,0.8055,328838.0,6828.2586,3618.8812
20110523_2,12,1,discocyte,2646.0,54.944,0.7871,307527.0,6385.7397,3384.3524
20110523_2,12,2,echinocyte,1647.0,34.2,0.5267,203561.0,4226.9055,2240.2006
20110523_2,12,3,spherocyte,2029.0,42.132,0.7379,258603.0,5369.8422,2845.941
20110523_2,12,3,spherocyte,810.0,16.819,0.5896,91669.0,1903.4894,1008.8226
20110523_2,12,3,spherocyte,2618.0,54.362,0.7699,315541.0,6552.1489,3472.5469
20110523_2,12,4,stomatocyte,1740.0,36.131,0.7908,206414.0,4286.1475,2271.598
20110523_2,12,4,stomatocyte,1294.0,26.87,0.5898,197455.0,4100.1156,2173.0037
20110523_2,12,4,stomatocyte,2316.0,48.091,0.7559,265001.0,5502.6954,2916.3513
20110523_2,12,4,stomatocyte,1854.0,38.498,0.7251,235420.0,4888.4516,2590.8107
20110523_3,12,1,discocyte,2281.0,47.365,0.648,237947.0,4940.9242,2618.6205
20110523_3,12,1,discocyte,3321.0,68.96,0.7487,350049.0,7268.701,3852.3095
20110523_3,12,1,discocyte,3536.0,73.424,0.8046,382491.0,7942.3529,4209.3356
20110523_3,12,1,discocyte,5769.0,119.792,0.3827,576047.0,11961.5065,6339.4305
20110523_3,12,1,discocyte,2068.0,42.942,0.7505,211849.0,4399.0042,2331.4105
20110523_3,12,1,discocyte,3229.0,67.05,0.7409,309232.0,6421.1437,3403.116
20110523_3,12,1,discocyte,3509.0,72.864,0.7314,368045.0,7642.3845,4050.3565
20110523_3,12,1,discocyte,8699.0,180.633,0.329,898865.0,18664.7609,9892.0613
20110523_3,12,1,discocyte,8136.0,168.942,0.263,852483.0,17701.6475,9381.6247
20110523_3,12,1,discocyte,2542.0,52.784,0.7895,245067.0,5088.7697,2696.9765
20110523_3,12,1,discocyte,9068.0,188.295,0.255,890422.0,18489.4436,9799.1456
20110523_3,12,1,discocyte,2863.0,59.45,0.8162,303384.0,6299.7111,3338.7584
20110523_3,12,1,discocyte,6959.0,144.502,0.4303,694014.0,14411.0688,7637.6642
20110523_3,12,1,discocyte,3199.0,66.427,0.7297,301219.0,6254.7553,3314.9325
20110523_3,12,1,discocyte,1544.0,32.061,0.7386,176059.0,3655.8317,1937.5395
20110523_3,12,1,discocyte,3258.0,67.652,0.7902,316092.0,6563.5903,3478.6107
20110523_3,12,1,discocyte,3287.0,68.254,0.6246,324713.0,6742.6037,3573.4853
20110523_3,12,1,discocyte,7142.0,148.302,0.3686,685548.0,14235.274,7544.4953
20110523_3,12,1,discocyte,3102.0,64.412,0.6884,265064.0,5504.0036,2917.0446
20110523_3,12,1,discocyte,3000.0,62.294,0.3891,334692.0,6949.8158,3683.3048
20110523_3,12,2,echinocyte,1609.0,33.411,0.3054,245466.0,5097.0549,2701.3675
20110523_3,12,3,spherocyte,2170.0,45.06,0.574,314613.0,6532.8792,3462.3342
20110523_3,12,3,spherocyte,2876.0,59.72,0.811,330069.0,6853.8201,3632.4284
20110523_3,12,3,spherocyte,2193.0,45.537,0.5972,261938.0,5439.0928,2882.6428
20110523_3,12,3,spherocyte,1940.0,40.284,0.8506,254927.0,5293.5107,2805.4864
20110523_3,12,4,stomatocyte,1912.0,39.702,0.6996,229539.0,4766.3337,2526.09
20110523_3,12,4,stomatocyte,843.0,17.505,0.7821,88091.0,1829.1929,969.4465
20110523_3,12,4,stomatocyte,1888.0,39.204,0.6798,236140.0,4903.4022,2598.7343
20110523_3,12,4,stomatocyte,3225.0,66.967,0.3448,386826.0,8032.3684,4257.0425
20110523_4,12,1,discocyte,5583.0,115.93,0.3693,661262.0,13730.9798,7277.2265
20110523_4,12,1,discocyte,3066.0,63.665,0.7482,376746.0,7823.0591,4146.1115
20110523_4,12,1,discocyte,5128.0,106.482,0.5304,615747.0,12785.8695,6776.3313
20110523_4,12,1,discocyte,6933.0,143.962,0.4045,865515.0,17972.2545,9525.0426
20110523_4,12,1,discocyte,4804.0,99.754,0.4055,621587.0,12907.136,6840.6008
20110523_4,12,1,discocyte,3186.0,66.157,0.7605,396370.0,8230.5477,4362.0747
20110523_4,12,1,discocyte,3247.0,67.423,0.7847,407757.0,8466.9966,4487.3893
20110523_4,12,1,discocyte,3567.0,74.068,0.7983,429808.0,8924.8815,4730.0619
20110523_4,12,1,discocyte,6688.0,138.875,0.5057,801409.0,16641.1056,8819.5523
20110523_4,12,1,discocyte,3521.0,73.113,0.8029,432888.0,8988.8371,4763.9574
20110523_4,12,1,discocyte,3302.0,68.565,0.774,399778.0,8301.3142,4399.58
20110523_4,12,1,discocyte,3208.0,66.614,0.7803,436650.0,9066.9543,4805.3585
20110523_4,12,1,discocyte,2278.0,47.302,0.803,293248.0,6089.239,3227.2112
20110523_4,12,1,discocyte,3052.0,63.374,0.7609,352277.0,7314.965,3876.8287
20110523_4,12,1,discocyte,2186.0,45.392,0.7363,255750.0,5310.6002,2814.5435
20110523_4,12,1,discocyte,6252.0,129.822,0.3793,772701.0,16044.9895,8503.6191
20110523_4,12,1,discocyte,3354.0,69.645,0.7459,391197.0,8123.1314,4305.1456
20110523_4,12,1,discocyte,2496.0,51.829,0.8101,292801.0,6079.9571,3222.2919
20110523_4,12,1,discocyte,3177.0,65.97,0.7768,400087.0,8307.7305,4402.9805
20110523_4,12,1,discocyte,3404.0,70.683,0.7672,398729.0,8279.5319,4388.0357
20110523_4,12,1,discocyte,1831.0,38.02,0.7644,238298.0,4948.2127,2622.4833
20110523_4,12,1,discocyte,3213.0,66.717,0.8123,399387.0,8293.1952,4395.277
20110523_4,12,1,discocyte,3374.0,70.06,0.7841,402940.0,8366.9725,4434.378
20110523_4,12,1,discocyte,6892.0,143.111,0.4336,757527.0,15729.9042,8336.6284
20110523_4,12,1,discocyte,6219.0,129.136,0.4859,792365.0,16453.3087,8720.0226
20110523_4,12,1,discocyte,3680.0,76.415,0.8229,450051.0,9345.2235,4952.8373
20110523_4,12,1,discocyte,3379.0,70.164,0.7934,377489.0,7838.4874,4154.2883
20110523_4,12,1,discocyte,3121.0,64.807,0.8488,374410.0,7774.5525,4120.4037
20110523_4,12,1,discocyte,3141.0,65.222,0.811,408060.0,8473.2884,4490.7239
20110523_4,12,3,spherocyte,2432.0,50.5,0.7628,341727.0,7095.8962,3760.7254
20110523_6,12,1,discocyte,1386.0,28.78,0.6461,160038.0,3323.1587,1761.2274
20110523_6,12,1,discocyte,2873.0,59.657,0.7998,322782.0,6702.5069,3552.2346
20110523_6,12,1,discocyte,8789.0,182.502,0.3717,969198.0,20125.2123,10666.08
20110523_6,12,1,discocyte,2702.0,56.107,0.7339,341083.0,7082.5237,3753.6381
20110523_6,12,1,discocyte,2555.0,53.054,0.8123,286314.0,5945.2558,3150.9021
20110523_6,12,1,discocyte,2740.0,56.896,0.7923,307381.0,6382.7081,3382.7457
20110523_6,12,1,discocyte,5342.0,110.926,0.4534,605665.0,12576.5186,6665.3783
20110523_6,12,1,discocyte,2817.0,58.494,0.7816,326283.0,6775.2045,3590.7633
20110523_6,12,1,discocyte,6508.0,135.137,0.3806,694257.0,14416.1147,7640.3384
20110523_6,12,1,discocyte,2880.0,59.803,0.804,301802.0,6266.8612,3321.3484
20110523_6,12,1,discocyte,3005.0,62.398,0.7803,336506.0,6987.4832,3703.268
20110523_6,12,1,discocyte,3189.0,66.219,0.6587,326453.0,6778.7345,3592.6341
20110523_6,12,1,discocyte,7109.0,147.617,0.397,736657.0,15296.5426,8106.9528
20110523_6,12,1,discocyte,6596.0,136.965,0.3539,700837.0,14552.7471,7712.7517
20110523_6,12,1,discocyte,3027.0,62.855,0.8107,337169.0,7001.2502,3710.5643
20110523_6,12,1,discocyte,3666.0,76.124,0.7516,364861.0,7576.2693,4015.3164
20110523_6,12,1,discocyte,4604.0,95.601,0.5724,521226.0,10823.1589,5736.1222
20110523_6,12,1,discocyte,2954.0,61.339,0.8199,336742.0,6992.3836,3705.8652
20110523_6,12,1,discocyte,1050.0,21.803,0.7173,106362.0,2208.5867,1170.52
20110523_6,12,1,discocyte,933.0,19.374,0.7264,100167.0,2079.9487,1102.3436
20110523_6,12,3,spherocyte,1322.0,27.451,0.2634,145702.0,3025.4743,1603.4589
20110523_6,12,3,spherocyte,2350.0,48.797,0.6041,268193.0,5568.9767,2951.4795
20110523_6,12,4,stomatocyte,1571.0,32.622,0.578,208302.0,4325.3515,2292.3755
20110523_6,12,4,stomatocyte,2257.0,46.866,0.8178,305075.0,6334.8244,3357.368
20110523_6,12,4,stomatocyte,1206.0,25.042,0.4393,192400.0,3995.1494,2117.3731
20110523_6,12,4,stomatocyte,1442.0,29.943,0.2109,224191.0,4655.2835,2467.2349
20110523_7,12,1,discocyte,3411.0,70.829,0.8261,354478.0,7360.6683,3901.0509
20110523_7,12,1,discocyte,7428.0,154.241,0.5901,906346.0,18820.1025,9974.3901
20110523_7,12,1,discocyte,3731.0,77.474,0.7928,408753.0,8487.6784,4498.3504
20110523_7,12,1,discocyte,3183.0,66.094,0.7355,357664.0,7426.825,3936.113
20110523_7,12,1,discocyte,3541.0,73.528,0.7953,381109.0,7913.656,4194.1266
20110523_7,12,1,discocyte,3277.0,68.046,0.779,360886.0,7493.7292,3971.5713
20110523_7,12,1,discocyte,2814.0,58.432,0.7409,343859.0,7140.1668,3784.1882
20110523_7,12,1,discocyte,4482.0,93.068,0.452,491811.0,10212.362,5412.4085
20110523_7,12,1,discocyte,3858.0,80.111,0.7683,401715.0,8341.5356,4420.8968
20110523_7,12,1,discocyte,2949.0,61.235,0.8274,346016.0,7184.9565,3807.9261
20110523_7,12,1,discocyte,2962.0,61.505,0.8318,344584.0,7155.2213,3792.1668
20110523_7,12,1,discocyte,3249.0,67.465,0.5984,342021.0,7102.0011,3763.9609
20110523_7,12,1,discocyte,2548.0,52.909,0.7706,263160.0,5464.4674,2896.091
20110523_7,12,1,discocyte,4915.0,102.059,0.6043,538291.0,11177.5103,5923.9236
20110523_7,12,1,discocyte,5443.0,113.023,0.2332,568665.0,11808.2207,6258.1912
20110523_7,12,1,discocyte,3357.0,69.707,0.799,347796.0,7221.9179,3827.5151
20110523_7,12,1,discocyte,3125.0,64.89,0.8074,351388.0,7296.5051,3867.0452
20110523_7,12,1,discocyte,3942.0,81.855,0.7984,426768.0,8861.7564,4696.6065
20110523_7,12,1,discocyte,1275.0,26.475,0.7393,152231.0,3161.0478,1675.3109
20110523_7,12,1,discocyte,3766.0,78.2,0.7947,375392.0,7794.9436,4131.2106
20110523_7,12,1,discocyte,2627.0,54.549,0.8064,265044.0,5503.5883,2916.8245
20110523_7,12,1,discocyte,3178.0,65.991,0.5639,326891.0,6787.8295,3597.4543
20110523_7,12,1,discocyte,2873.0,59.657,0.7747,263278.0,5466.9176,2897.3896
20110523_7,12,1,discocyte,3466.0,71.971,0.788,348690.0,7240.4816,3837.3536
20110523_7,12,1,discocyte,2724.0,56.563,0.7692,288633.0,5993.4094,3176.4228
20110523_7,12,1,discocyte,3234.0,67.153,0.7734,314417.0,6528.8093,3460.1772
20110523_7,12,1,discocyte,2919.0,60.612,0.7747,257765.0,5352.4412,2836.7187
20110523_7,12,3,spherocyte,1164.0,24.17,0.5838,152086.0,3158.0369,1673.7152
20110523_7,12,3,spherocyte,862.0,17.899,0.4025,97451.0,2023.5515,1072.4539
20110523_7,12,4,stomatocyte,1957.0,40.637,0.5781,292773.0,6079.3757,3221.9838
20110523_7,12,4,stomatocyte,2187.0,45.413,0.8484,277412.0,5760.4075,3052.9351
20110523_7,12,4,stomatocyte,1929.0,40.055,0.6803,256452.0,5325.1771,2822.2691
20110523_7,12,4,stomatocyte,2321.0,48.195,0.7074,292257.0,6068.6611,3216.3052
20110523_7,12,4,stomatocyte,782.0,16.238,0.26,102120.0,2120.5024,1123.8365
20110523_7,12,4,stomatocyte,2148.0,44.603,0.7287,297415.0,6175.766,3273.0693
20110523_7,12,4,stomatocyte,2206.0,45.807,0.6624,262417.0,5449.0391,2887.9142
20110523_7,12,4,stomatocyte,1371.0,28.469,0.4828,168994.0,3509.1283,1859.7887
20110523_7,12,4,stomatocyte,2887.0,59.948,0.6705,374795.0,7782.547,4124.6406
20110523_9,12,1,discocyte,2868.0,59.553,0.7667,330294.0,6858.4922,3634.9046
20110523_9,12,1,discocyte,3015.0,62.606,0.7899,320414.0,6653.3358,3526.1746
20110523_9,12,1,discocyte,3192.0,66.281,0.7491,349479.0,7256.865,3846.0366
20110523_9,12,1,discocyte,5180.0,107.562,0.2578,530724.0,11020.383,5840.6483
20110523_9,12,1,discocyte,3131.0,65.015,0.8163,325031.0,6749.207,3576.9849
20110523_9,12,1,discocyte,2790.0,57.934,0.7484,279605.0,5805.9447,3077.0692
20110523_9,12,1,discocyte,3434.0,71.306,0.7623,328461.0,6820.4303,3614.7323
20110523_9,12,1,discocyte,8564.0,177.83,0.514,967164.0,20082.9767,10643.6957
20110523_9,12,1,discocyte,2779.0,57.705,0.8081,291406.0,6050.9902,3206.9399
20110523_9,12,1,discocyte,2590.0,53.781,0.7722,275870.0,5728.3881,3035.9653
20110523_9,12,1,discocyte,3291.0,68.337,0.6468,316925.0,6580.8874,3487.7779
20110523_9,12,1,discocyte,3520.0,73.092,0.6546,363307.0,7544.0008,3998.2145
20110523_9,12,1,discocyte,2674.0,55.525,0.7223,264152.0,5485.0661,2907.008
20110523_9,12,1,discocyte,5076.0,105.402,0.1824,488423.0,10142.0108,5375.1233
20110523_9,12,1,discocyte,3961.0,82.249,0.7953,354115.0,7353.1307,3897.056
20110523_9,12,1,discocyte,6240.0,129.572,0.3944,636732.0,13221.619,7007.2724
20110523_9,12,1,discocyte,3754.0,77.951,0.767,388896.0,8075.3515,4279.8229
20110523_9,12,1,discocyte,3453.0,71.701,0.6533,321020.0,6665.9193,3532.8436
20110523_9,12,1,discocyte,5601.0,116.304,0.6391,528705.0,10978.4589,5818.4291
20110523_9,12,1,discocyte,2841.0,58.993,0.7391,291557.0,6054.1257,3208.6016
20110523_9,12,1,discocyte,3070.0,63.748,0.8204,273937.0,5688.2498,3014.6925
20110523_9,12,1,discocyte,2738.0,56.854,0.7873,246173.0,5111.7356,2709.1481
20110523_9,12,1,discocyte,3224.0,66.946,0.7738,297915.0,6186.1484,3278.5718
20110523_9,12,1,discocyte,3288.0,68.275,0.7582,313284.0,6505.2827,3447.7085
20110523_9,12,1,discocyte,2981.0,61.9,0.8097,300824.0,6246.5532,3310.5855
20110523_9,12,1,discocyte,2929.0,60.82,0.7948,253864.0,5271.4377,2793.788
20110523_9,12,2,echinocyte,2039.0,42.339,0.7524,285112.0,5920.2965,3137.674
20110523_9,12,3,spherocyte,2655.0,55.131,0.6862,303437.0,6300.8117,3339.3417
20110523_9,12,3,spherocyte,1978.0,41.073,0.4766,232425.0,4826.261,2557.8506
20110523_9,12,3,spherocyte,3232.0,67.112,0.5407,327150.0,6793.2076,3600.3047
20110523_9,12,4,stomatocyte,1117.0,23.194,0.7122,141637.0,2941.0654,1558.7234
20110523_9,12,4,stomatocyte,2974.0,61.755,0.7622,354107.0,7352.9646,3896.968
20110523_9,12,4,stomatocyte,2076.0,43.108,0.6537,240487.0,4993.6669,2646.5733
20110523_9,12,4,stomatocyte,2564.0,53.241,0.7331,303181.0,6295.4959,3336.5244
20110523_9,12,4,stomatocyte,2029.0,42.132,0.606,271279.0,5633.0569,2985.4411
20110523_9,12,4,stomatocyte,1555.0,32.289,0.2493,183452.0,3809.3459,2018.8999
20110526_2,15,1,discocyte,5191.0,107.79,0.4486,490694.0,10189.1677,5400.1158
20110526_2,15,1,discocyte,4439.0,92.175,0.7775,348577.0,7238.1352,3836.11
20110526_2,15,1,discocyte,3760.0,78.076,0.7573,322240.0,6691.2524,3546.2698
20110526_2,15,1,discocyte,4142.0,86.008,0.7118,349315.0,7253.4596,3844.2318
20110526_2,15,1,discocyte,3104.0,64.454,0.298,322431.0,6695.2185,3548.3718
20110526_2,15,1,discocyte,7641.0,158.664,0.3298,668024.0,13871.3914,7351.6427
20110526_2,15,1,discocyte,1036.0,21.512,0.6593,85777.0,1781.1431,943.9808
20110526_2,15,1,discocyte,7853.0,163.066,0.4553,653255.0,13564.716,7189.109
20110526_2,15,1,discocyte,7292.0,151.417,0.5498,653978.0,13579.7289,7197.0657
20110526_2,15,1,discocyte,3833.0,79.592,0.7456,319915.0,6642.9742,3520.6831
20110526_2,15,1,discocyte,8407.0,174.57,0.3882,749794.0,15569.3299,8251.5263
20110526_2,15,1,discocyte,4303.0,89.351,0.7976,404795.0,8405.4913,4454.7924
20110526_2,15,1,discocyte,1194.0,24.793,0.4645,100492.0,2086.6973,1105.9203
20110526_2,15,1,discocyte,1655.0,34.366,0.6882,131990.0,2740.7473,1452.5576
20110526_2,15,1,discocyte,3322.0,68.981,0.7485,311398.0,6466.1203,3426.953
20110526_2,15,1,discocyte,4252.0,88.292,0.7853,425600.0,8837.5031,4683.7526
20110526_2,15,1,discocyte,4979.0,103.388,0.7517,421732.0,8757.1849,4641.185
20110526_2,15,1,discocyte,3353.0,69.624,0.8696,324376.0,6735.606,3569.7766
20110526_2,15,1,discocyte,3282.0,68.15,0.7791,271222.0,5631.8733,2984.8138
20110526_2,15,1,discocyte,4060.0,84.305,0.7558,378101.0,7851.1954,4161.0233
20110526_2,15,1,discocyte,3930.0,81.606,0.8198,394321.0,8188.0006,4339.5254
20110526_2,15,1,discocyte,1019.0,21.159,0.6791,104775.0,2175.633,1153.0549
20110526_2,15,1,discocyte,6464.0,134.224,0.6031,631371.0,13110.2989,6948.2743
20110526_2,15,1,discocyte,1682.0,34.926,0.7578,153238.0,3181.958,1686.393
20110526_2,15,1,discocyte,907.0,18.834,0.41,118639.0,2463.5163,1305.629
20110526_2,15,3,spherocyte,2490.0,51.704,0.5149,326427.0,6778.1946,3592.348
20110526_2,15,3,spherocyte,2345.0,48.693,0.8182,313051.0,6500.4445,3445.1443
20110526_2,15,4,stomatocyte,2767.0,57.456,0.6531,281457.0,5844.4011,3097.4505
20110526_2,15,4,stomatocyte,2757.0,57.249,0.7574,326958.0,6789.2207,3598.1917
20110526_2,15,4,stomatocyte,762.0,15.823,0.4379,125384.0,2603.5749,1379.8582
20110526_2,15,4,stomatocyte,1869.0,38.809,0.316,306314.0,6360.552,3371.0033
20110526_3,15,1,discocyte,3913.0,81.253,0.7679,352514.0,7319.8862,3879.4369
20110526_3,15,1,discocyte,7686.0,159.598,0.386,714242.0,14831.0994,7860.2745
20110526_3,15,1,discocyte,7402.0,153.701,0.5121,746362.0,15498.0651,8213.7569
20110526_3,15,1,discocyte,3806.0,79.031,0.6622,340441.0,7069.1927,3746.5729
20110526_3,15,1,discocyte,3302.0,68.565,0.7548,299873.0,6226.8059,3300.1197
20110526_3,15,1,discocyte,4372.0,90.784,0.3735,439575.0,9127.6914,4837.5483
20110526_3,15,1,discocyte,3022.0,62.751,0.603,289216.0,6005.5153,3182.8388
20110526_3,15,1,discocyte,1319.0,27.389,0.2054,167309.0,3474.1396,1841.2452
20110526_3,15,1,discocyte,4274.0,88.749,0.7115,396881.0,8241.1586,4367.6983
20110526_3,15,1,discocyte,4433.0,92.05,0.7309,358783.0,7450.0608,3948.4276
20110526_3,15,1,discocyte,2239.0,46.492,0.4299,208010.0,4319.2881,2289.1621
20110526_3,15,1,discocyte,3875.0,80.464,0.7308,370713.0,7697.785,4079.718
20110526_3,15,1,discocyte,3904.0,81.066,0.6751,358199.0,7437.9342,3942.0007
20110526_3,15,1,discocyte,4282.0,88.915,0.6752,417066.0,8660.2962,4589.8354
20110526_3,15,1,discocyte,4369.0,90.721,0.712,403367.0,8375.8391,4439.0771
20110526_3,15,1,discocyte,8524.0,176.999,0.3762,996974.0,20701.9757,10971.7565
20110526_3,15,1,discocyte,3693.0,76.684,0.6109,388933.0,8076.1198,4280.2301
20110526_3,15,1,discocyte,7215.0,149.818,0.3619,747220.0,15515.8813,8223.1993
20110526_3,15,1,discocyte,4469.0,92.798,0.8113,454987.0,9447.7186,5007.1582
20110526_3,15,1,discocyte,2975.0,61.775,0.6601,323885.0,6725.4105,3564.3731
20110526_3,15,3,spherocyte,2129.0,44.208,0.6987,325257.0,6753.8998,3579.4721
20110526_3,15,3,spherocyte,1771.0,36.774,0.5322,222458.0,4619.2981,2448.1631
20110526_3,15,4,stomatocyte,1553.0,32.248,0.7037,215814.0,4481.3367,2375.0455
20110526_3,15,4,stomatocyte,3429.0,71.203,0.1905,431960.0,8969.5673,4753.7448
20110526_3,15,4,stomatocyte,1196.0,24.835,0.5431,148323.0,3079.8989,1632.3032
20110526_3,15,4,stomatocyte,2680.0,55.65,0.6788,371022.0,7704.2013,4083.1185
20110526_3,15,4,stomatocyte,1512.0,31.396,0.7775,201015.0,4174.0383,2212.1817
20110526_5,15,1,discocyte,7826.0,162.505,0.3864,689705.0,14321.5933,7590.2434
20110526_5,15,1,discocyte,3084.0,64.039,0.7327,270501.0,5616.9019,2976.8791
20110526_5,15,1,discocyte,4338.0,90.078,0.6432,359865.0,7472.5284,3960.3351
20110526_5,15,1,discocyte,4136.0,85.883,0.725,336581.0,6989.0405,3704.0934
20110526_5,15,1,discocyte,3851.0,79.965,0.7367,314827.0,6537.3228,3464.6893
20110526_5,15,1,discocyte,6336.0,131.566,0.5401,592341.0,12299.8483,6518.7469
20110526_5,15,1,discocyte,2835.0,58.868,0.1427,402603.0,8359.9748,4430.6693
20110526_5,15,1,discocyte,4293.0,89.143,0.7593,366566.0,7611.6733,4034.08
20110526_5,15,1,discocyte,4422.0,91.822,0.7378,401816.0,8343.6329,4422.0083
20110526_5,15,1,discocyte,2761.0,57.332,0.2319,280908.0,5833.0012,3091.4088
20110526_5,15,1,discocyte,2759.0,57.29,0.7142,229452.0,4764.5272,2525.1325
20110526_5,15,1,discocyte,946.0,19.644,0.2524,85318.0,1771.6121,938.9295
20110526_5,15,1,discocyte,4858.0,100.875,0.551,521073.0,10819.9818,5734.4385
20110526_5,15,1,discocyte,4845.0,100.606,0.2427,522101.0,10841.3281,5745.7517
20110526_5,15,1,discocyte,3907.0,81.128,0.6054,379306.0,7876.217,4174.2844
20110526_5,15,1,discocyte,4364.0,90.618,0.7494,352969.0,7329.3342,3884.4442
20110526_5,15,1,discocyte,2703.0,56.127,0.7707,260101.0,5400.9478,2862.4265
20110526_5,15,1,discocyte,1306.0,27.119,0.5316,124428.0,2583.7238,1369.3373
20110526_5,15,1,discocyte,2847.0,59.117,0.718,299330.0,6215.5306,3294.1439
20110526_5,15,1,discocyte,8598.0,178.536,0.3516,832527.0,17287.265,9162.0077
20110526_5,15,1,discocyte,3560.0,73.923,0.7147,355845.0,7389.0538,3916.0948
20110526_5,15,1,discocyte,5036.0,104.572,0.7924,544773.0,11312.1078,5995.2583
20110526_5,15,2,echinocyte,1670.0,34.677,0.3658,251036.0,5212.7148,2762.6657
20110526_5,15,3,spherocyte,1598.0,33.182,0.3963,203978.0,4235.5644,2244.7897
20110526_5,15,3,spherocyte,1799.0,37.356,0.5743,203320.0,4221.9012,2237.5483
20110526_5,15,3,spherocyte,3444.0,71.514,0.3387,409891.0,8511.3087,4510.8741
20110526_5,15,3,spherocyte,2559.0,53.137,0.5397,295474.0,6135.4615,3251.7084
20110526_5,15,3,spherocyte,1332.0,27.659,0.3898,142509.0,2959.1723,1568.3198
20110526_5,15,3,spherocyte,2740.0,56.896,0.7119,376367.0,7815.1892,4141.9406
20110526_5,15,3,spherocyte,1288.0,26.745,0.5627,173798.0,3608.8824,1912.657
20110526_5,15,3,spherocyte,2733.0,56.75,0.5295,354798.0,7367.3131,3904.5725
20110526_5,15,4,stomatocyte,1162.0,24.129,0.2325,163575.0,3396.6038,1800.1523
20110526_5,15,4,stomatocyte,1994.0,41.405,0.6743,273354.0,5676.1439,3008.2766
20110526_6,15,1,discocyte,842.0,17.484,0.723,76726.0,1593.2008,844.3741
20110526_6,15,1,discocyte,2417.0,50.189,0.6496,230950.0,4795.6329,2541.6181
20110526_6,15,1,discocyte,1107.0,22.987,0.317,112600.0,2338.1176,1239.1695
20110526_6,15,1,discocyte,1737.0,36.068,0.4551,187459.0,3892.5505,2062.9971
20110526_6,15,1,discocyte,4190.0,87.005,0.7641,377570.0,7840.1693,4155.1797
20110526_6,15,1,discocyte,1486.0,30.857,0.7395,142482.0,2958.6117,1568.0226
20110526_6,15,1,discocyte,3300.0,68.524,0.7812,311173.0,6461.4482,3424.4768
20110526_6,15,1,discocyte,3903.0,81.045,0.8081,349464.0,7256.5536,3845.8715
20110526_6,15,1,discocyte,963.0,19.997,0.6107,99424.0,2064.5205,1094.1669
20110526_6,15,1,discocyte,4330.0,89.912,0.7911,380560.0,7902.2561,4188.0848
20110526_6,15,1,discocyte,4409.0,91.552,0.7442,412314.0,8561.6219,4537.5394
20110526_6,15,1,discocyte,4468.0,92.777,0.6667,392317.0,8146.388,4317.4713
20110526_6,15,1,discocyte,4460.0,92.611,0.6988,442000.0,9178.046,4864.2355
20110526_6,15,1,discocyte,7682.0,159.515,0.3736,799735.0,16606.3453,8801.1299
20110526_6,15,1,discocyte,8512.0,176.75,0.3783,843807.0,17521.492,9286.1448
20110526_6,15,1,discocyte,3947.0,81.959,0.6667,381597.0,7923.7892,4199.497
20110526_6,15,1,discocyte,4510.0,93.649,0.4124,442706.0,9192.706,4872.0051
20110526_6,15,1,discocyte,4172.0,86.631,0.482,445095.0,9242.3131,4898.2962
20110526_6,15,1,discocyte,2479.0,51.476,0.7923,251463.0,5221.5814,2767.3648
20110526_6,15,1,discocyte,4012.0,83.308,0.7664,381218.0,7915.9193,4195.3261
20110526_6,15,1,discocyte,1275.0,26.475,0.6154,143178.0,2973.064,1575.6822
20110526_6,15,1,discocyte,2118.0,43.98,0.6651,203132.0,4217.9974,2235.4794
20110526_6,15,1,discocyte,3860.0,80.152,0.8059,416804.0,8654.8559,4586.9521
20110526_6,15,1,discocyte,3499.0,72.656,0.7136,352291.0,7315.2557,3876.9828
20110526_6,15,1,discocyte,4196.0,87.129,0.686,449281.0,9329.2346,4944.3634
20110526_6,15,1,discocyte,1527.0,31.708,0.1505,166265.0,3452.4611,1829.7559
20110526_6,15,1,discocyte,4272.0,88.707,0.7574,473716.0,9836.6227,5213.2719
20110526_6,15,1,discocyte,4413.0,91.635,0.818,478009.0,9925.7661,5260.5167
20110526_6,15,1,discocyte,2529.0,52.514,0.7416,250966.0,5211.2613,2761.8953
20110526_6,15,1,discocyte,857.0,17.795,0.2388,92364.0,1917.9209,1016.4712
20110526_6,15,2,echinocyte,1951.0,40.512,0.7769,305595.0,6345.6221,3363.0906
20110526_6,15,3,spherocyte,1678.0,34.843,0.586,173138.0,3595.1777,1905.3937
20110526_6,15,4,stomatocyte,1851.0,38.436,0.4236,221648.0,4602.4786,2439.249
20110526_6,15,4,stomatocyte,3236.0,67.195,0.7085,494396.0,10266.039,5440.8565
20110526_6,15,4,stomatocyte,2459.0,51.061,0.3342,338180.0,7022.2434,3721.6904
20110526_6,15,4,stomatocyte,2532.0,52.576,0.5203,355733.0,7386.7282,3914.8622
20110526_7,15,1,discocyte,3920.0,81.398,0.7329,345401.0,7172.1861,3801.158
20110526_7,15,1,discocyte,3535.0,73.404,0.7318,319187.0,6627.8574,3512.6714
20110526_7,15,1,discocyte,7997.0,166.056,0.4187,723538.0,15024.1291,7962.5775
20110526_7,15,1,discocyte,5957.0,123.696,0.3939,539875.0,11210.4018,5941.3556
20110526_7,15,1,discocyte,3536.0,73.424,0.7558,337742.0,7013.1485,3716.8702
20110526_7,15,1,discocyte,4204.0,87.295,0.7529,421854.0,8759.7182,4642.5276
20110526_7,15,1,discocyte,3956.0,82.146,0.8269,391426.0,8127.8865,4307.6657
20110526_7,15,1,discocyte,4861.0,100.938,0.4907,495798.0,10295.1513,5456.2856
20110526_7,15,1,discocyte,1142.0,23.713,0.6557,115376.0,2395.7607,1269.7195
20110526_7,15,1,discocyte,4459.0,92.59,0.7769,417566.0,8670.6787,4595.338
20110526_7,15,1,discocyte,4403.0,91.427,0.768,440876.0,9154.7064,4851.8659
20110526_7,15,1,discocyte,3056.0,63.457,0.4878,310836.0,6454.4505,3420.7681
20110526_7,15,1,discocyte,8645.0,179.512,0.384,840489.0,17452.5944,9249.63
20110526_7,15,1,discocyte,3981.0,82.665,0.7688,403744.0,8383.6674,4443.226
20110526_7,15,1,discocyte,4068.0,84.471,0.7703,430661.0,8942.5938,4739.4492
20110526_7,15,1,discocyte,8528.0,177.082,0.44,853280.0,17718.1971,9390.3957
20110526_7,15,1,discocyte,4851.0,100.73,0.7549,504875.0,10483.6334,5556.1785
20110526_7,15,1,discocyte,8717.0,181.007,0.3938,890325.0,18487.4295,9798.0781
20110526_7,15,1,discocyte,4327.0,89.849,0.7265,454544.0,9438.5198,5002.283
20110526_7,15,1,discocyte,3252.0,67.527,0.774,352798.0,7325.7834,3882.5624
20110526_7,15,1,discocyte,4520.0,93.857,0.7772,440767.0,9152.443,4850.6663
20110526_7,15,1,discocyte,4291.0,89.102,0.4261,461979.0,9592.9062,5084.1056
20110526_7,15,1,discocyte,3388.0,70.351,0.5729,400447.0,8315.2059,4406.9424
20110526_7,15,1,discocyte,737.0,15.304,0.3993,82786.0,1719.0356,911.0647
20110526_7,15,3,spherocyte,1947.0,40.429,0.8315,265112.0,5505.0003,2917.5729
20110526_7,15,3,spherocyte,2473.0,51.351,0.5718,333699.0,6929.1963,3672.3768
20110526_7,15,4,stomatocyte,1262.0,26.205,0.6261,129264.0,2684.1424,1422.5578
20110526_7,15,4,stomatocyte,2125.0,44.125,0.4723,231267.0,4802.2153,2545.1067
20110526_7,15,4,stomatocyte,1942.0,40.325,0.7716,208624.0,4332.0377,2295.9192
20110526_8,15,1,discocyte,3666.0,76.124,0.3698,318455.0,6612.6576,3504.6157
20110526_8,15,1,discocyte,2106.0,43.731,0.5096,180345.0,3744.8297,1984.7071
20110526_8,15,1,discocyte,4028.0,83.641,0.2513,310743.0,6452.5194,3419.7447
20110526_8,15,1,discocyte,5293.0,109.908,0.6579,519747.0,10792.4477,5719.8458
20110526_8,15,1,discocyte,3346.0,69.479,0.4446,322520.0,6697.0665,3549.3512
20110526_8,15,1,discocyte,3476.0,72.178,0.7784,296793.0,6162.8503,3266.2241
20110526_8,15,1,discocyte,2803.0,58.204,0.7253,249960.0,5190.3719,2750.8242
20110526_8,15,1,discocyte,8730.0,181.277,0.224,817867.0,16982.8529,9000.6736
20110526_8,15,1,discocyte,2537.0,52.68,0.8397,232921.0,4836.5603,2563.3091
20110526_8,15,1,discocyte,6329.0,131.42,0.6017,612734.0,12723.3051,6743.1731
20110526_8,15,1,discocyte,8343.0,173.241,0.3085,1009407.0,20960.1446,11108.5824
20110526_8,15,1,discocyte,3180.0,66.032,0.6639,312564.0,6490.3321,3439.7849
20110526_8,15,1,discocyte,1657.0,34.407,0.4903,192584.0,3998.9702,2119.398
20110526_8,15,1,discocyte,8304.0,172.431,0.2667,846223.0,17571.6598,9312.733
20110526_8,15,1,discocyte,1078.0,22.384,0.6602,108428.0,2251.4868,1193.2564
20110526_8,15,1,discocyte,3392.0,70.434,0.6283,373404.0,7753.6631,4109.3326
20110526_8,15,1,discocyte,2793.0,57.996,0.7675,283095.0,5878.4139,3115.4768
20110526_8,15,3,spherocyte,1153.0,23.942,0.4764,124069.0,2576.2692,1365.3865
20110526_8,15,3,spherocyte,2661.0,55.255,0.3738,279248.0,5798.5317,3073.1404
20110526_8,15,3,spherocyte,2176.0,45.184,0.7879,303267.0,6297.2816,3337.4709
20110526_8,15,3,spherocyte,1447.0,30.047,0.3095,154978.0,3218.0887,1705.5418
20110526_8,15,3,spherocyte,1160.0,24.087,0.2669,123896.0,2572.6769,1363.4826
20110526_8,15,3,spherocyte,1984.0,41.197,0.8001,262698.0,5454.8741,2891.0067
20110526_8,15,4,stomatocyte,1997.0,41.467,0.3118,228579.0,4746.3995,2515.5251
20110526_8,15,4,stomatocyte,1982.0,41.156,0.5896,230661.0,4789.6318,2538.4376
20110526_8,15,4,stomatocyte,1792.0,37.211,0.589,184942.0,3840.2855,2035.2974
20110526_8,15,4,stomatocyte,963.0,19.997,0.7036,143915.0,2988.3676,1583.7929
20110526_8,15,4,stomatocyte,1088.0,22.592,0.3514,161530.0,3354.1398,1777.647
20110530_4,19,1,discocyte,3814.0,79.197,0.815,497799.0,10336.7017,5478.3068
20110530_4,19,1,discocyte,3202.0,66.489,0.7883,409059.0,8494.0324,4501.7179
20110530_4,19,1,discocyte,2983.0,61.941,0.7753,371457.0,7713.234,4087.9057
20110530_4,19,1,discocyte,3520.0,73.092,0.7413,431589.0,8961.8636,4749.6619
20110530_4,19,1,discocyte,4055.0,84.201,0.7994,482052.0,10009.7182,5305.0101
20110530_4,19,1,discocyte,3107.0,64.516,0.777,374425.0,7774.864,4120.5688
20110530_4,19,1,discocyte,3124.0,64.869,0.7758,397100.0,8245.7061,4370.1084
20110530_4,19,1,discocyte,3503.0,72.739,0.8196,400940.0,8325.4429,4412.3679
20110530_4,19,1,discocyte,3206.0,66.572,0.7894,355440.0,7380.6441,3911.6377
20110530_4,19,1,discocyte,3091.0,64.184,0.774,354368.0,7358.3842,3899.8403
20110530_4,19,1,discocyte,2848.0,59.138,0.7604,331511.0,6883.7629,3648.2977
20110530_4,19,1,discocyte,5937.0,123.281,0.5154,675072.0,14017.7418,7429.2064
20110530_4,19,1,discocyte,3134.0,65.077,0.7692,341679.0,7094.8995,3760.1971
20110530_4,19,1,discocyte,3409.0,70.787,0.8096,408570.0,8483.8784,4496.3365
20110530_4,19,1,discocyte,2722.0,56.522,0.7584,315252.0,6546.1479,3469.3665
20110530_4,19,1,discocyte,3051.0,63.353,0.8466,333118.0,6917.132,3665.9828
20110530_4,19,1,discocyte,2754.0,57.186,0.4909,318645.0,6616.6029,3506.7066
20110530_4,19,1,discocyte,2879.0,59.782,0.7745,303781.0,6307.9547,3343.1275
20110530_4,19,1,discocyte,2806.0,58.266,0.7801,311571.0,6469.7126,3428.8569
20110530_4,19,1,discocyte,2534.0,52.618,0.8308,250235.0,5196.0822,2753.8506
20110530_4,19,1,discocyte,4928.0,102.329,0.3584,493041.0,10237.9027,5425.9447
20110530_4,19,1,discocyte,8382.0,174.051,0.2572,851303.0,17677.145,9368.6387
20110530_4,19,1,discocyte,4939.0,102.557,0.6326,544370.0,11303.7396,5990.8233
20110530_4,19,1,discocyte,3297.0,68.462,0.7805,315401.0,6549.2418,3471.0062
20110530_4,19,1,discocyte,2918.0,60.592,0.7506,288402.0,5988.6127,3173.8807
20110530_4,19,1,discocyte,2859.0,59.367,0.8194,259963.0,5398.0823,2860.9078
20110530_4,19,3,spherocyte,2343.0,48.652,0.7928,363618.0,7550.4587,4001.6371
20110530_4,19,3,spherocyte,3375.0,70.081,0.788,401115.0,8329.0768,4414.2937
20110530_4,19,3,spherocyte,2242.0,46.555,0.7901,290921.0,6040.9193,3201.6024
20110530_4,19,3,spherocyte,2794.0,58.017,0.7989,322569.0,6698.084,3549.8905
20110530_4,19,4,stomatocyte,2206.0,45.807,0.7609,283029.0,5877.0434,3114.7505
20110530_4,19,4,stomatocyte,1635.0,33.95,0.5874,211069.0,4382.8077,2322.8265
20110530_5,19,1,discocyte,1480.0,30.732,0.6594,207717.0,4313.204,2285.9376
20110530_5,19,1,discocyte,2304.0,47.842,0.5097,335581.0,6968.2757,3693.0883
20110530_5,19,1,discocyte,3321.0,68.96,0.7607,433333.0,8998.0774,4768.8547
20110530_5,19,1,discocyte,3272.0,67.942,0.7844,419210.0,8704.816,4613.4303
20110530_5,19,1,discocyte,2790.0,57.934,0.8004,380656.0,7904.2495,4189.1413
20110530_5,19,1,discocyte,3037.0,63.063,0.7793,429780.0,8924.3,4729.7537
20110530_5,19,1,discocyte,3171.0,65.845,0.8144,388836.0,8074.1057,4279.1626
20110530_5,19,1,discocyte,3148.0,65.368,0.7858,377981.0,7848.7036,4159.7027
20110530_5,19,1,discocyte,4032.0,83.724,0.5149,469029.0,9739.2981,5161.6912
20110530_5,19,1,discocyte,3032.0,62.959,0.7797,396769.0,8238.8329,4366.4658
20110530_5,19,1,discocyte,2640.0,54.819,0.7702,304987.0,6332.9971,3356.3996
20110530_5,19,1,discocyte,2683.0,55.712,0.8177,357745.0,7428.507,3937.0044
20110530_5,19,1,discocyte,3617.0,75.106,0.748,408265.0,8477.5452,4492.9799
20110530_5,19,1,discocyte,5758.0,119.564,0.4605,649938.0,13495.8391,7152.6052
20110530_5,19,1,discocyte,2676.0,55.567,0.7789,282313.0,5862.1758,3106.8709
20110530_5,19,1,discocyte,2904.0,60.301,0.7012,304449.0,6321.8256,3350.4788
20110530_5,19,1,discocyte,2937.0,60.986,0.7665,331747.0,6888.6634,3650.8949
20110530_5,19,1,discocyte,2975.0,61.775,0.8201,304692.0,6326.8715,3353.1531
20110530_5,19,1,discocyte,2953.0,61.318,0.8104,283460.0,5885.993,3119.4937
20110530_5,19,1,discocyte,3148.0,65.368,0.7777,310442.0,6446.2691,3416.4321
20110530_5,19,1,discocyte,5435.0,112.857,0.2234,506852.0,10524.6855,5577.9355
20110530_5,19,1,discocyte,924.0,19.187,0.6684,132578.0,2752.957,1459.0285
20110530_5,19,2,echinocyte,1715.0,35.612,0.77,276864.0,5749.0284,3046.9043
20110530_5,19,3,spherocyte,1797.0,37.314,0.7511,293623.0,6097.0258,3231.3381
20110530_5,19,4,stomatocyte,2335.0,48.486,0.801,365621.0,7592.0506,4023.6802
20110530_5,19,4,stomatocyte,787.0,16.342,0.2625,113663.0,2360.1906,1250.8679
20110530_5,19,4,stomatocyte,2723.0,56.543,0.7187,397002.0,8243.6711,4369.0299
20110530_5,19,4,stomatocyte,1930.0,40.076,0.7884,292962.0,6083.3003,3224.0637
20110530_5,19,4,stomatocyte,1210.0,25.125,0.4716,160088.0,3324.1969,1761.7777
20110530_5,19,4,stomatocyte,2289.0,47.531,0.685,304248.0,6317.6519,3348.2668
20110530_5,19,4,stomatocyte,2382.0,49.462,0.7946,338305.0,7024.839,3723.0661
20110530_5,19,4,stomatocyte,2257.0,46.866,0.8097,291108.0,6044.8023,3203.6604
20110530_5,19,4,stomatocyte,3336.0,69.271,0.4353,367790.0,7637.0895,4047.5502
20110530_6,19,1,discocyte,3300.0,68.524,0.822,428851.0,8905.0095,4719.53
20110530_6,19,1,discocyte,2767.0,57.456,0.7873,397072.0,8245.1246,4369.8003
20110530_6,19,1,discocyte,2659.0,55.214,0.8462,379160.0,7873.1854,4172.6777
20110530_6,19,1,discocyte,2784.0,57.809,0.805,333201.0,6918.8555,3666.8963
20110530_6,19,1,discocyte,3621.0,75.189,0.8125,420194.0,8725.2486,4624.2592
20110530_6,19,1,discocyte,2502.0,51.954,0.8094,319212.0,6628.3765,3512.9465
20110530_6,19,1,discocyte,5035.0,104.551,0.37,554239.0,11508.6675,6099.4322
20110530_6,19,1,discocyte,2866.0,59.512,0.7601,303041.0,6292.5888,3334.9837
20110530_6,19,1,discocyte,5454.0,113.251,0.3368,682919.0,14180.6833,7515.563
20110530_6,19,1,discocyte,6533.0,135.657,0.4815,768221.0,15951.9631,8454.3165
20110530_6,19,1,discocyte,3164.0,65.7,0.784,356946.0,7411.9159,3928.2114
20110530_6,19,1,discocyte,3301.0,68.545,0.7751,375814.0,7803.7063,4135.8548
20110530_6,19,1,discocyte,3278.0,68.067,0.7825,370479.0,7692.926,4077.1428
20110530_6,19,1,discocyte,807.0,16.757,0.454,102643.0,2131.3624,1129.5921
20110530_6,19,1,discocyte,8400.0,174.424,0.3226,975760.0,20261.471,10738.2952
20110530_6,19,1,discocyte,3301.0,68.545,0.7174,317706.0,6597.1047,3496.3729
20110530_6,19,1,discocyte,5860.0,121.682,0.4728,657232.0,13647.2976,7232.8761
20110530_6,19,1,discocyte,4897.0,101.685,0.4073,529015.0,10984.896,5821.8406
20110530_6,19,1,discocyte,8755.0,181.796,0.3448,901261.0,18714.5134,9918.4294
20110530_6,19,1,discocyte,5116.0,106.233,0.3122,534261.0,11093.8282,5879.5732
20110530_6,19,1,discocyte,6208.0,128.908,0.3644,630827.0,13099.0028,6942.2876
20110530_6,19,1,discocyte,2999.0,62.274,0.8112,324903.0,6746.5491,3575.5763
20110530_6,19,1,discocyte,3477.0,72.199,0.773,310933.0,6456.4647,3421.8356
20110530_6,19,1,discocyte,2474.0,51.372,0.8058,292401.0,6071.6512,3217.8899
20110530_6,19,1,discocyte,2569.0,53.345,0.7905,267471.0,5553.9845,2943.5338
20110530_6,19,2,echinocyte,1576.0,32.725,0.8022,237479.0,4931.2063,2613.4701
20110530_6,19,3,spherocyte,2342.0,48.631,0.7985,307040.0,6375.6273,3378.9929
20110530_6,19,4,stomatocyte,1664.0,34.553,0.7603,230659.0,4789.5903,2538.4156
20110530_6,19,4,stomatocyte,2149.0,44.624,0.4774,324549.0,6739.1983,3571.6805
20110530_6,19,4,stomatocyte,2694.0,55.94,0.728,341532.0,7091.8471,3758.5794
20110530_6,19,4,stomatocyte,4143.0,86.029,0.3423,518627.0,10769.1911,5707.5201
20110530_6,19,4,stomatocyte,1977.0,41.052,0.7392,256715.0,5330.6382,2825.1634
20110530_6,19,4,stomatocyte,850.0,17.65,0.6491,111704.0,2319.5123,1229.309
20110530_7,19,1,discocyte,1355.0,28.136,0.7163,163219.0,3389.2115,1796.2345
20110530_7,19,1,discocyte,2083.0,43.253,0.8222,291060.0,6043.8056,3203.1321
20110530_7,19,1,discocyte,2503.0,51.974,0.8066,301622.0,6263.1235,3319.3675
20110530_7,19,1,discocyte,1337.0,27.763,0.293,189221.0,3929.1381,2082.388
20110530_7,19,1,discocyte,2726.0,56.605,0.7784,331500.0,6883.5345,3648.1767
20110530_7,19,1,discocyte,3240.0,67.278,0.7594,389778.0,8093.6661,4289.5294
20110530_7,19,1,discocyte,3217.0,66.8,0.6808,381459.0,7920.9237,4197.9783
20110530_7,19,1,discocyte,6083.0,126.312,0.4499,705562.0,14650.8609,7764.7506
20110530_7,19,1,discocyte,1951.0,40.512,0.8289,236762.0,4916.3179,2605.5795
20110530_7,19,1,discocyte,2232.0,46.347,0.8286,242900.0,5043.7723,2673.1285
20110530_7,19,1,discocyte,2922.0,60.675,0.8308,357480.0,7423.0043,3934.0881
20110530_7,19,1,discocyte,1386.0,28.78,0.1938,163792.0,3401.1098,1802.5404
20110530_7,19,1,discocyte,2848.0,59.138,0.7604,304329.0,6319.3339,3349.1582
20110530_7,19,1,discocyte,1840.0,38.207,0.6285,263233.0,5465.9832,2896.8944
20110530_7,19,1,discocyte,8424.0,174.923,0.3343,962071.0,19977.2215,10587.6469
20110530_7,19,1,discocyte,3060.0,63.54,0.755,353496.0,7340.2773,3890.2439
20110530_7,19,1,discocyte,5258.0,109.181,0.3915,567343.0,11780.7696,6243.6425
20110530_7,19,1,discocyte,8758.0,181.858,0.2832,928363.0,19277.2813,10216.6884
20110530_7,19,1,discocyte,5256.0,109.14,0.3658,542387.0,11262.563,5969.0003
20110530_7,19,1,discocyte,6140.0,127.496,0.3979,599914.0,12457.1002,6602.0882
20110530_7,19,1,discocyte,2782.0,57.768,0.852,281447.0,5844.1935,3097.3405
20110530_7,19,1,discocyte,1068.0,22.177,0.6499,108408.0,2251.0715,1193.0363
20110530_7,19,1,discocyte,5708.0,118.526,0.528,536851.0,11147.609,5908.0763
20110530_7,19,1,discocyte,2775.0,57.622,0.8188,268146.0,5568.0007,2950.9622
20110530_7,19,1,discocyte,2770.0,57.519,0.7797,285667.0,5931.821,3143.7818
20110530_7,19,1,discocyte,2513.0,52.182,0.8088,253676.0,5267.5339,2791.719
20110530_7,19,1,discocyte,2751.0,57.124,0.7941,274545.0,5700.8748,3021.3836
20110530_7,19,1,discocyte,2089.0,43.378,0.8192,199312.0,4138.6758,2193.4401
20110530_7,19,2,echinocyte,1646.0,34.179,0.7309,264045.0,5482.8443,2905.8305
20110530_7,19,2,echinocyte,912.0,18.938,0.3453,127550.0,2648.5515,1403.6951
20110530_7,19,3,spherocyte,1715.0,35.612,0.7188,240091.0,4985.444,2642.2153
20110530_7,19,3,spherocyte,917.0,19.041,0.4693,112379.0,2333.5286,1236.7374
20110530_7,19,3,spherocyte,2046.0,42.485,0.8707,258115.0,5359.7089,2840.5705
20110530_7,19,3,spherocyte,1457.0,30.254,0.708,218945.0,4546.3513,2409.5024
20110530_7,19,3,spherocyte,1347.0,27.97,0.8311,189923.0,3943.715,2090.1136
20110530_7,19,4,stomatocyte,2142.0,44.478,0.3838,327134.0,6792.8754,3600.1286
20110530_7,19,4,stomatocyte,2662.0,55.276,0.7037,385146.0,7997.4835,4238.554
20110530_7,19,4,stomatocyte,2442.0,50.708,0.7592,325487.0,6758.6757,3582.0032
20110530_7,19,4,stomatocyte,1763.0,36.608,0.6479,263384.0,5469.1187,2898.5561
20110530_7,19,4,stomatocyte,1479.0,30.711,0.6411,208663.0,4332.8475,2296.3484
20110530_7,19,4,stomatocyte,2422.0,50.292,0.783,298178.0,6191.6095,3281.4661
20110530_7,19,4,stomatocyte,1842.0,38.249,0.7376,214978.0,4463.9773,2365.8453
20110530_7,19,4,stomatocyte,1040.0,21.595,0.4213,134700.0,2797.0199,1482.3813
20110530_8,19,1,discocyte,967.0,20.08,0.3313,121628.0,2525.5823,1338.5232
20110530_8,19,1,discocyte,2954.0,61.339,0.7189,351073.0,7289.9641,3863.5786
20110530_8,19,1,discocyte,7061.0,146.62,0.5203,872521.0,18117.7328,9602.144
20110530_8,19,1,discocyte,4126.0,85.676,0.7713,509888.0,10587.7274,5611.3469
20110530_8,19,1,discocyte,3684.0,76.498,0.6881,426611.0,8858.4964,4694.8787
20110530_8,19,1,discocyte,7612.0,158.062,0.4452,885018.0,18377.2306,9739.6742
20110530_8,19,1,discocyte,3446.0,71.556,0.8003,417138.0,8661.7913,4590.6278
20110530_8,19,1,discocyte,3516.0,73.009,0.8101,409260.0,8498.2061,4503.9299
20110530_8,19,1,discocyte,3772.0,78.325,0.7624,433643.0,9004.5145,4772.2663
20110530_8,19,1,discocyte,3165.0,65.721,0.8011,349782.0,7263.1568,3849.3711
20110530_8,19,1,discocyte,3009.0,62.481,0.8311,336151.0,6980.1116,3699.3612
20110530_8,19,1,discocyte,2351.0,48.818,0.8106,288893.0,5998.8083,3179.2842
20110530_8,19,1,discocyte,3040.0,63.125,0.6822,346239.0,7189.587,3810.3802
20110530_8,19,1,discocyte,2802.0,58.183,0.7833,342293.0,7107.6491,3766.9542
20110530_8,19,1,discocyte,2889.0,59.99,0.8006,320371.0,6652.4429,3525.7014
20110530_8,19,1,discocyte,3369.0,69.957,0.7457,376725.0,7822.623,4145.8804
20110530_8,19,1,discocyte,2491.0,51.725,0.6499,278360.0,5780.0925,3063.3679
20110530_8,19,1,discocyte,6388.0,132.646,0.5381,719437.0,14938.9726,7917.4457
20110530_8,19,1,discocyte,2991.0,62.108,0.4898,336296.0,6983.1225,3700.9569
20110530_8,19,1,discocyte,2817.0,58.494,0.7459,298157.0,6191.1735,3281.235
20110530_8,19,1,discocyte,3032.0,62.959,0.7164,333892.0,6933.2039,3674.5007
20110530_8,19,1,discocyte,3815.0,79.218,0.4101,413105.0,8578.0468,4546.2444
20110530_8,19,1,discocyte,2596.0,53.905,0.632,305845.0,6350.8133,3365.8419
20110530_8,19,1,discocyte,2593.0,53.843,0.7654,294195.0,6108.9033,3237.633
20110530_8,19,2,echinocyte,1203.0,24.98,0.7377,195046.0,4050.0931,2146.4925
20110530_8,19,2,echinocyte,955.0,19.83,0.3377,133523.0,2772.5797,1469.4283
20110530_8,19,3,spherocyte,1582.0,32.85,0.7852,257921.0,5355.6806,2838.4355
20110530_8,19,3,spherocyte,2355.0,48.901,0.7165,298064.0,6189.2423,3280.2115
20110530_8,19,3,spherocyte,2540.0,52.743,0.7061,341728.0,7095.917,3760.7364
20110530_8,19,4,stomatocyte,1853.0,38.477,0.8491,257322.0,5343.2424,2831.8435
20110530_8,19,4,stomatocyte,1701.0,35.321,0.3192,230163.0,4779.291,2532.9571
20110530_8,19,4,stomatocyte,2147.0,44.582,0.5525,293306.0,6090.4434,3227.8495
20110530_8,19,4,stomatocyte,2318.0,48.133,0.6364,297492.0,6177.3649,3273.9166
20110530_8,19,4,stomatocyte,1595.0,33.12,0.6536,228209.0,4738.7165,2511.4532
20110530_8,19,4,stomatocyte,1616.0,33.556,0.7597,207501.0,4308.7188,2283.5605
20110530_9,19,1,discocyte,6769.0,140.557,0.3533,866146.0,17985.3571,9531.9868
20110530_9,19,1,discocyte,1210.0,25.125,0.3003,178988.0,3716.6518,1969.7733
20110530_9,19,1,discocyte,2799.0,58.121,0.8421,364811.0,7575.2311,4014.7661
20110530_9,19,1,discocyte,2378.0,49.379,0.778,307829.0,6392.0107,3387.6759
20110530_9,19,1,discocyte,3598.0,74.712,0.7307,458089.0,9512.131,5041.2959
20110530_9,19,1,discocyte,3580.0,74.338,0.8207,421856.0,8759.7597,4642.5497
20110530_9,19,1,discocyte,3983.0,82.706,0.7591,473133.0,9824.5168,5206.856
20110530_9,19,1,discocyte,3177.0,65.97,0.8167,362649.0,7530.3376,3990.9732
20110530_9,19,1,discocyte,3561.0,73.943,0.8073,432457.0,8979.8874,4759.2143
20110530_9,19,1,discocyte,3261.0,67.714,0.7639,412341.0,8562.1825,4537.8365
20110530_9,19,1,discocyte,3046.0,63.25,0.8311,370258.0,7688.337,4074.7107
20110530_9,19,1,discocyte,6337.0,131.587,0.5508,758342.0,15746.8275,8345.5975
20110530_9,19,1,discocyte,3225.0,66.967,0.7653,375640.0,7800.0932,4133.9399
20110530_9,19,1,discocyte,3259.0,67.673,0.8321,346789.0,7201.0077,3816.433
20110530_9,19,1,discocyte,3333.0,69.209,0.7852,365123.0,7581.7097,4018.1997
20110530_9,19,1,discocyte,3557.0,73.86,0.7451,367844.0,7638.2108,4048.1445
20110530_9,19,1,discocyte,934.0,19.394,0.2988,115629.0,2401.0142,1272.5038
20110530_9,19,1,discocyte,3392.0,70.434,0.6783,392568.0,8151.5999,4320.2335
20110530_9,19,1,discocyte,4148.0,86.132,0.7738,445754.0,9255.9971,4905.5485
20110530_9,19,1,discocyte,2600.0,53.989,0.7997,274495.0,5699.8365,3020.8333
20110530_9,19,1,discocyte,3975.0,82.54,0.736,410914.0,8532.5511,4522.1323
20110530_9,19,1,discocyte,3043.0,63.187,0.7329,304577.0,6324.4835,3351.8875
20110530_9,19,2,echinocyte,1171.0,24.316,0.8032,201242.0,4178.7519,2214.6798
20110530_9,19,3,spherocyte,2113.0,43.876,0.8005,323417.0,6715.6926,3559.2228
20110530_9,19,4,stomatocyte,981.0,20.37,0.3517,137049.0,2845.7964,1508.2322
20110530_9,19,4,stomatocyte,1318.0,27.368,0.4507,194873.0,4046.5008,2144.5886
20110530_9,19,4,stomatocyte,2510.0,52.12,0.6214,312095.0,6480.5934,3434.6235
20110603_1,23,1,discocyte,1267.0,26.309,0.7536,163655.0,3398.265,1801.0327
20110603_1,23,1,discocyte,1594.0,33.099,0.7932,206553.0,4289.0338,2273.1277
20110603_1,23,1,discocyte,1682.0,34.926,0.7549,213236.0,4427.805,2346.6745
20110603_1,23,1,discocyte,1454.0,30.192,0.8149,176923.0,3673.7725,1947.0478
20110603_1,23,1,discocyte,1163.0,24.149,0.393,146703.0,3046.2599,1614.475
20110603_1,23,1,discocyte,1555.0,32.289,0.8357,196812.0,4086.7638,2165.9274
20110603_1,23,1,discocyte,1512.0,31.396,0.701,182829.0,3796.4094,2012.0437
20110603_1,23,1,discocyte,1604.0,33.307,0.8621,189980.0,3944.8986,2090.7409
20110603_1,23,2,echinocyte,992.0,20.599,0.8513,147805.0,3069.1427,1626.6026
20110603_1,23,2,echinocyte,1435.0,29.798,0.845,161213.0,3347.5573,1774.1584
20110603_1,23,2,echinocyte,1146.0,23.796,0.5201,142476.0,2958.4871,1567.9566
20110603_1,23,3,spherocyte,1979.0,41.094,0.5403,252566.0,5244.485,2779.5034
20110603_1,23,3,spherocyte,956.0,19.851,0.2515,115413.0,2396.529,1270.1267
20110603_1,23,3,spherocyte,1481.0,30.753,0.8146,185261.0,3846.9095,2038.808
20110603_1,23,4,stomatocyte,1189.0,24.689,0.528,157393.0,3268.2357,1732.1191
20110603_1,23,4,stomatocyte,1243.0,25.811,0.8176,163597.0,3397.0606,1800.3944
20110603_1,23,4,stomatocyte,1093.0,22.696,0.8002,144464.0,2999.7675,1589.8347
20110603_1,23,4,stomatocyte,860.0,17.858,0.2689,113989.0,2366.9599,1254.4555
20110603_1,23,4,stomatocyte,890.0,18.481,0.5674,111687.0,2319.1593,1229.1219
20110603_1,23,4,stomatocyte,1730.0,35.923,0.7836,216364.0,4492.7574,2381.0983
20110603_1,23,4,stomatocyte,1123.0,23.319,0.4297,151049.0,3136.5038,1662.303
20110603_1,23,4,stomatocyte,1288.0,26.745,0.6491,160348.0,3329.5958,1764.639
20110603_1,23,4,stomatocyte,935.0,19.415,0.5906,107063.0,2223.1429,1178.2345
20110603_10,23,1,discocyte,966.0,20.059,0.5944,138874.0,2883.6922,1528.3164
20110603_10,23,1,discocyte,2751.0,57.124,0.3043,409339.0,8499.8466,4504.7993
20110603_10,23,1,discocyte,2495.0,51.808,0.307,369437.0,7671.2891,4065.6755
20110603_10,23,1,discocyte,2989.0,62.066,0.7944,414200.0,8600.7843,4558.2949
20110603_10,23,1,discocyte,2622.0,54.445,0.6622,414212.0,8601.0335,4558.427
20110603_10,23,1,discocyte,2042.0,42.402,0.6311,318602.0,6615.71,3506.2334
20110603_10,23,1,discocyte,1616.0,33.556,0.6327,270123.0,5609.0528,2972.7192
20110603_10,23,1,discocyte,2578.0,53.532,0.8014,430655.0,8942.4693,4739.3832
20110603_10,23,1,discocyte,5622.0,116.74,0.4079,962056.0,19976.91,10587.4819
20110603_10,23,1,discocyte,2422.0,50.292,0.8048,395051.0,8203.159,4347.5591
20110603_10,23,1,discocyte,2534.0,52.618,0.8135,365813.0,7596.0374,4025.7932
20110603_10,23,1,discocyte,1933.0,40.138,0.7366,353255.0,7335.273,3887.5917
20110603_10,23,1,discocyte,2880.0,59.803,0.8035,491143.0,10198.4911,5405.0571
20110603_10,23,1,discocyte,2330.0,48.382,0.8329,376851.0,7825.2394,4147.267
20110603_10,23,1,discocyte,2676.0,55.567,0.7771,359179.0,7458.2837,3952.7856
20110603_10,23,1,discocyte,7725.0,160.408,0.2839,1242480.0,25799.8611,13673.5642
20110603_10,23,1,discocyte,2740.0,56.896,0.8066,377875.0,7846.5026,4158.5362
20110603_10,23,2,echinocyte,1761.0,36.567,0.7936,282890.0,5874.1571,3113.2208
20110603_10,23,2,echinocyte,1308.0,27.16,0.794,224141.0,4654.2453,2466.6847
20110603_10,23,3,spherocyte,938.0,19.477,0.782,153790.0,3193.4201,1692.4678
20110603_10,23,3,spherocyte,1583.0,32.871,0.517,290654.0,6035.3751,3198.6641
20110603_10,23,3,spherocyte,1608.0,33.39,0.6231,269592.0,5598.0267,2966.8755
20110603_10,23,4,stomatocyte,1106.0,22.966,0.6851,166580.0,3459.002,1833.2225
20110603_10,23,4,stomatocyte,2105.0,43.71,0.8043,357705.0,7427.6764,3936.5642
20110603_10,23,4,stomatocyte,1699.0,35.279,0.5425,311006.0,6457.9805,3422.639
20110603_3,23,1,discocyte,1957.0,40.637,0.2766,271960.0,5647.1977,2992.9355
20110603_3,23,1,discocyte,3678.0,76.373,0.8118,496540.0,10310.5588,5464.4514
20110603_3,23,1,discocyte,2996.0,62.211,0.8321,429628.0,8921.1438,4728.081
20110603_3,23,1,discocyte,6685.0,138.813,0.4199,899238.0,18672.5062,9896.1661
20110603_3,23,1,discocyte,3383.0,70.247,0.7714,477441.0,9913.9717,5254.2658
20110603_3,23,1,discocyte,3302.0,68.565,0.6967,462371.0,9601.046,5088.4196
20110603_3,23,1,discocyte,2799.0,58.121,0.8185,384344.0,7980.8301,4229.7279
20110603_3,23,1,discocyte,6387.0,132.625,0.3186,887678.0,18432.465,9768.9477
20110603_3,23,1,discocyte,3162.0,65.658,0.7476,425157.0,8828.3043,4678.8773
20110603_3,23,1,discocyte,2744.0,56.979,0.8135,388844.0,8074.2718,4279.2507
20110603_3,23,1,discocyte,3854.0,80.028,0.7526,527414.0,10951.6515,5804.2215
20110603_3,23,1,discocyte,6880.0,142.862,0.4324,957780.0,19888.1197,10540.4242
20110603_3,23,1,discocyte,3514.0,72.968,0.8338,461349.0,9579.8243,5077.1724
20110603_3,23,1,discocyte,2204.0,45.766,0.6212,301895.0,6268.7923,3322.3719
20110603_3,23,1,discocyte,2445.0,50.77,0.7869,349379.0,7254.7886,3844.9361
20110603_3,23,1,discocyte,3200.0,66.447,0.8278,411794.0,8550.8242,4531.8168
20110603_3,23,1,discocyte,1962.0,40.741,0.5537,273159.0,5672.0947,3006.1306
20110603_3,23,2,echinocyte,1814.0,37.667,0.8357,321446.0,6674.7651,3537.5318
20110603_3,23,2,echinocyte,1920.0,39.868,0.7514,331403.0,6881.5203,3647.1092
20110603_3,23,3,spherocyte,1726.0,35.84,0.7909,242347.0,5032.2894,2667.0427
20110603_3,23,3,spherocyte,1953.0,40.554,0.7756,305242.0,6338.2921,3359.2058
20110603_3,23,3,spherocyte,1456.0,30.234,0.8123,257253.0,5341.8097,2831.0841
20110603_3,23,4,stomatocyte,2376.0,49.337,0.4345,333080.0,6916.3429,3665.5646
20110603_3,23,4,stomatocyte,1183.0,24.565,0.6652,189563.0,3936.2397,2086.1518
20110603_3,23,4,stomatocyte,1854.0,38.498,0.8054,293460.0,6093.6411,3229.5443
20110603_3,23,4,stomatocyte,1492.0,30.981,0.7192,212285.0,4408.0577,2336.2087
20110603_5,23,1,discocyte,2531.0,52.556,0.8174,358349.0,7441.0489,3943.6514
20110603_5,23,1,discocyte,4663.0,96.826,0.6636,659489.0,13694.1638,7257.7145
20110603_5,23,1,discocyte,1496.0,31.064,0.7384,229645.0,4768.5348,2527.2565
20110603_5,23,1,discocyte,3141.0,65.222,0.7719,404619.0,8401.8367,4452.8555
20110603_5,23,1,discocyte,2977.0,61.817,0.8333,388695.0,8071.1778,4277.6109
20110603_5,23,1,discocyte,3133.0,65.056,0.8004,436697.0,9067.9302,4805.8757
20110603_5,23,1,discocyte,3139.0,65.181,0.8105,431791.0,8966.0581,4751.8849
20110603_5,23,1,discocyte,3304.0,68.607,0.6996,432894.0,8988.9617,4764.0235
20110603_5,23,1,discocyte,3217.0,66.8,0.7849,435348.0,9039.9185,4791.0299
20110603_5,23,1,discocyte,3525.0,73.196,0.8287,453054.0,9407.5802,4985.8854
20110603_5,23,1,discocyte,3459.0,71.825,0.7748,475927.0,9882.5337,5237.6041
20110603_5,23,1,discocyte,826.0,17.152,0.6007,122075.0,2534.8642,1343.4424
20110603_5,23,1,discocyte,6899.0,143.256,0.4708,943522.0,19592.0551,10383.5141
20110603_5,23,1,discocyte,2271.0,47.157,0.779,361371.0,7503.8002,3976.9087
20110603_5,23,1,discocyte,2066.0,42.9,0.6443,336714.0,6991.8022,3705.557
20110603_5,23,1,discocyte,3723.0,77.307,0.7455,513963.0,10672.344,5656.1925
20110603_5,23,1,discocyte,6492.0,134.805,0.4096,901002.0,18709.1353,9915.5791
20110603_5,23,1,discocyte,3227.0,67.008,0.8021,428137.0,8890.1835,4711.6724
20110603_5,23,1,discocyte,6174.0,128.202,0.3712,793497.0,16476.8144,8732.4803
20110603_5,23,1,discocyte,6086.0,126.375,0.374,769638.0,15981.3868,8469.9107
20110603_5,23,1,discocyte,3878.0,80.526,0.821,537720.0,11165.6536,5917.6397
20110603_5,23,2,echinocyte,1074.0,22.301,0.3862,172073.0,3573.0632,1893.6733
20110603_5,23,2,echinocyte,778.0,16.155,0.2214,141876.0,2946.0282,1561.3536
20110603_5,23,3,spherocyte,2692.0,55.899,0.7542,377935.0,7847.7485,4159.1965
20110603_5,23,3,spherocyte,2209.0,45.869,0.8188,334991.0,6956.0245,3686.5953
20110603_5,23,3,spherocyte,974.0,20.225,0.1242,144614.0,3002.8822,1591.4854
20110603_5,23,3,spherocyte,1407.0,29.216,0.5815,254623.0,5287.1982,2802.1408
20110603_5,23,3,spherocyte,2241.0,46.534,0.7978,376380.0,7815.4592,4142.0836
20110603_5,23,3,spherocyte,2822.0,58.598,0.7374,416910.0,8657.0569,4588.1186
20110603_5,23,4,stomatocyte,1545.0,32.082,0.5371,251489.0,5222.1213,2767.651
20110603_5,23,4,stomatocyte,2110.0,43.814,0.7871,304509.0,6323.0715,3351.1391
20110603_6,23,1,discocyte,3281.0,68.129,0.7971,493206.0,10241.3289,5427.7605
20110603_6,23,1,discocyte,3101.0,64.392,0.8172,445156.0,9243.5798,4898.9675
20110603_6,23,1,discocyte,3524.0,73.175,0.8209,486106.0,10093.8987,5349.6246
20110603_6,23,1,discocyte,3727.0,77.39,0.7973,528682.0,10977.9813,5818.176
20110603_6,23,1,discocyte,927.0,19.249,0.3716,120131.0,2494.4974,1322.0486
20110603_6,23,1,discocyte,2618.0,54.362,0.8356,365543.0,7590.4309,4022.8218
20110603_6,23,1,discocyte,3299.0,68.503,0.7892,431384.0,8957.6068,4747.4058
20110603_6,23,1,discocyte,4191.0,87.025,0.8124,617294.0,12817.9926,6793.3561
20110603_6,23,1,discocyte,3733.0,77.515,0.5448,521555.0,10829.9905,5739.7429
20110603_6,23,1,discocyte,2906.0,60.343,0.7998,443051.0,9199.8698,4875.8019
20110603_6,23,1,discocyte,3068.0,63.706,0.8006,424180.0,8808.0171,4668.1254
20110603_6,23,1,discocyte,2452.0,50.915,0.7715,323089.0,6708.8817,3555.6131
20110603_6,23,1,discocyte,7125.0,147.949,0.379,985879.0,20471.5901,10849.6554
20110603_6,23,1,discocyte,3158.0,65.575,0.7835,461270.0,9578.1839,5076.303
20110603_6,23,1,discocyte,3058.0,63.499,0.795,409580.0,8504.8509,4507.4516
20110603_6,23,1,discocyte,3073.0,63.81,0.823,398553.0,8275.8773,4386.0988
20110603_6,23,1,discocyte,3256.0,67.61,0.7678,492605.0,10228.8492,5421.1465
20110603_6,23,1,discocyte,2861.0,59.408,0.7628,433682.0,9005.3243,4772.6955
20110603_6,23,1,discocyte,2793.0,57.996,0.5955,383565.0,7964.6543,4221.155
20110603_6,23,2,echinocyte,1899.0,39.432,0.5334,338898.0,7037.1526,3729.5921
20110603_6,23,3,spherocyte,1421.0,29.507,0.6947,257929.0,5355.8467,2838.5235
20110603_6,23,3,spherocyte,2187.0,45.413,0.8286,359022.0,7455.0236,3951.0579
20110603_6,23,3,spherocyte,4844.0,100.585,0.3586,755185.0,15681.273,8310.8546
20110603_6,23,3,spherocyte,1401.0,29.091,0.3088,238141.0,4944.9526,2620.7555
20110603_6,23,3,spherocyte,1958.0,40.657,0.8467,345892.0,7182.3817,3806.5614
20110603_6,23,3,spherocyte,2545.0,52.846,0.5869,389206.0,8081.7886,4283.2345
20110603_6,23,4,stomatocyte,1699.0,35.279,0.7124,257089.0,5338.4042,2829.2793
20110603_9,23,1,discocyte,1501.0,31.168,0.6173,185812.0,3858.3509,2044.8718
20110603_9,23,1,discocyte,3495.0,72.573,0.779,475081.0,9864.9667,5228.2939
20110603_9,23,1,discocyte,2704.0,56.148,0.8035,344950.0,7162.8212,3796.1947
20110603_9,23,1,discocyte,2864.0,59.47,0.7306,353794.0,7346.4652,3893.5234
20110603_9,23,1,discocyte,2928.0,60.799,0.8341,348268.0,7231.7188,3832.7095
20110603_9,23,1,discocyte,3484.0,72.345,0.8132,454082.0,9428.9265,4997.1986
20110603_9,23,1,discocyte,3220.0,66.863,0.8165,400302.0,8312.195,4405.3466
20110603_9,23,1,discocyte,3479.0,72.241,0.7375,469937.0,9758.1525,5171.6838
20110603_9,23,1,discocyte,3225.0,66.967,0.8322,431107.0,8951.8549,4744.3574
20110603_9,23,1,discocyte,3277.0,68.046,0.7961,453269.0,9412.0447,4988.2515
20110603_9,23,1,discocyte,2864.0,59.47,0.8431,372203.0,7728.7246,4096.1155
20110603_9,23,1,discocyte,3361.0,69.791,0.7689,498167.0,10344.3431,5482.3566
20110603_9,23,1,discocyte,5716.0,118.692,0.4679,859507.0,17847.4995,9458.9242
20110603_9,23,1,discocyte,3792.0,78.74,0.7558,558540.0,11597.977,6146.765
20110603_9,23,1,discocyte,3809.0,79.093,0.7803,552060.0,11463.421,6075.4522
20110603_9,23,1,discocyte,5657.0,117.467,0.4225,834464.0,17327.4864,9183.3245
20110603_9,23,1,discocyte,1656.0,34.387,0.6572,237404.0,4929.649,2612.6447
20110603_9,23,2,echinocyte,936.0,19.436,0.4707,137488.0,2854.9122,1513.0634
20110603_9,23,2,echinocyte,1632.0,33.888,0.7232,260305.0,5405.1839,2864.6716
20110603_9,23,3,spherocyte,2367.0,49.15,0.8085,332548.0,6905.296,3659.71
20110603_9,23,3,spherocyte,1950.0,40.491,0.8341,307008.0,6374.9628,3378.6408
20110603_9,23,3,spherocyte,2008.0,41.696,0.8135,315838.0,6558.3161,3475.8154
20110603_9,23,3,spherocyte,1626.0,33.764,0.8466,261364.0,5427.1738,2876.3259
20110603_9,23,4,stomatocyte,969.0,20.121,0.6753,154039.0,3198.5906,1695.2081
20110607_1,27,1,discocyte,5840.0,121.266,0.4035,756247.0,15703.3253,8322.5419
20110607_1,27,1,discocyte,2751.0,57.124,0.8016,422647.0,8776.1847,4651.2547
20110607_1,27,1,discocyte,3357.0,69.707,0.7956,441930.0,9176.5925,4863.4652
20110607_1,27,1,discocyte,2942.0,61.09,0.7805,351332.0,7295.3422,3866.429
20110607_1,27,1,discocyte,3107.0,64.516,0.7948,348471.0,7235.9341,3834.9435
20110607_1,27,1,discocyte,2187.0,45.413,0.7858,233538.0,4849.3722,2570.0992
20110607_1,27,1,discocyte,3371.0,69.998,0.8182,389697.0,8091.9842,4288.638
20110607_1,27,1,discocyte,3232.0,67.112,0.7835,374777.0,7782.1732,4124.4425
20110607_1,27,1,discocyte,3263.0,67.756,0.7956,408961.0,8491.9975,4500.6394
20110607_1,27,1,discocyte,5686.0,118.069,0.3716,745256.0,15475.0992,8201.5853
20110607_1,27,1,discocyte,3707.0,76.975,0.7495,348228.0,7230.8883,3832.2693
20110607_1,27,1,discocyte,1711.0,35.529,0.8258,181243.0,3763.4765,1994.5897
20110607_1,27,1,discocyte,2475.0,51.393,0.7306,284679.0,5911.3053,3132.9088
20110607_1,27,2,echinocyte,1920.0,39.868,0.674,299808.0,6225.4562,3299.4044
20110607_1,27,2,echinocyte,1651.0,34.283,0.8023,244566.0,5078.3665,2691.463
20110607_1,27,2,echinocyte,935.0,19.415,0.1959,140838.0,2924.4743,1549.9303
20110607_1,27,2,echinocyte,1485.0,30.836,0.71,259507.0,5388.6135,2855.8895
20110607_1,27,2,echinocyte,1776.0,36.878,0.6217,287958.0,5979.3932,3168.9944
20110607_1,27,3,spherocyte,1235.0,25.645,0.7688,167110.0,3470.0074,1839.0552
20110607_2,27,1,discocyte,2931.0,60.862,0.7939,340680.0,7074.1555,3749.2031
20110607_2,27,1,discocyte,2393.0,49.69,0.8238,300604.0,6241.9849,3308.1644
20110607_2,27,1,discocyte,2842.0,59.014,0.7875,342337.0,7108.5628,3767.4385
20110607_2,27,1,discocyte,3238.0,67.236,0.7907,368454.0,7650.8773,4054.8576
20110607_2,27,1,discocyte,2754.0,57.186,0.8126,333922.0,6933.8269,3674.8309
20110607_2,27,1,discocyte,5404.0,112.213,0.4824,680778.0,14136.2258,7492.0012
20110607_2,27,1,discocyte,2977.0,61.817,0.7606,350023.0,7268.1611,3852.0233
20110607_2,27,1,discocyte,4936.0,102.495,0.4345,593149.0,12316.6263,6527.639
20110607_2,27,1,discocyte,4847.0,100.647,0.426,606402.0,12591.8223,6673.489
20110607_2,27,1,discocyte,2107.0,43.751,0.6253,258085.0,5359.086,2840.2403
20110607_2,27,1,discocyte,2771.0,57.539,0.8204,346114.0,7186.9914,3809.0046
20110607_2,27,1,discocyte,2569.0,53.345,0.7975,283803.0,5893.1154,3123.2684
20110607_2,27,1,discocyte,3182.0,66.074,0.8568,371954.0,7723.5541,4093.3753
20110607_2,27,1,discocyte,2256.0,46.845,0.8026,239749.0,4978.3424,2638.4516
20110607_2,27,1,discocyte,1044.0,21.678,0.6131,119514.0,2481.6855,1315.2585
20110607_2,27,2,echinocyte,1677.0,34.823,0.8032,292004.0,6063.4076,3213.5209
20110607_2,27,2,echinocyte,1718.0,35.674,0.7217,269068.0,5587.1459,2961.1089
20110607_2,27,2,echinocyte,1620.0,33.639,0.7337,267762.0,5560.0271,2946.7363
20110607_2,27,3,spherocyte,2247.0,46.659,0.7724,287611.0,5972.1878,3165.1757
20110607_2,27,3,spherocyte,2480.0,51.497,0.8618,300007.0,6229.5884,3301.5944
20110607_2,27,4,stomatocyte,1205.0,25.022,0.4218,186885.0,3880.6315,2056.6802
20110607_3,27,1,discocyte,3619.0,75.148,0.7871,443879.0,9217.0631,4884.914
20110607_3,27,1,discocyte,2528.0,52.493,0.8641,338622.0,7031.4215,3726.5547
20110607_3,27,1,discocyte,5558.0,115.411,0.4117,679825.0,14116.437,7481.5134
20110607_3,27,1,discocyte,3222.0,66.904,0.8221,383535.0,7964.0314,4220.8248
20110607_3,27,1,discocyte,2943.0,61.111,0.833,359839.0,7471.9885,3960.049
20110607_3,27,1,discocyte,7248.0,150.503,0.4639,886914.0,18416.6007,9760.5398
20110607_3,27,1,discocyte,3269.0,67.88,0.815,366429.0,7608.8286,4032.5723
20110607_3,27,1,discocyte,3285.0,68.212,0.7721,405435.0,8418.7807,4461.8356
20110607_3,27,1,discocyte,2995.0,62.191,0.8072,381985.0,7931.8459,4203.767
20110607_3,27,1,discocyte,3031.0,62.938,0.8079,385384.0,8002.4255,4241.1732
20110607_3,27,1,discocyte,3355.0,69.666,0.8207,407124.0,8453.8525,4480.4231
20110607_3,27,2,echinocyte,1592.0,33.058,0.6796,277437.0,5760.9266,3053.2102
20110607_3,27,3,spherocyte,2019.0,41.924,0.8093,316775.0,6577.7727,3486.1272
20110607_3,27,3,spherocyte,2650.0,55.027,0.8171,399341.0,8292.24,4394.7708
20110607_3,27,3,spherocyte,2332.0,48.424,0.828,320571.0,6656.5959,3527.9024
20110607_3,27,3,spherocyte,2262.0,46.97,0.7904,316117.0,6564.1094,3478.8858
20110607_3,27,4,stomatocyte,1376.0,28.572,0.8092,248225.0,5154.345,2731.7305
20110607_4,27,1,discocyte,1383.0,28.718,0.7093,149002.0,3093.9982,1639.7756
20110607_4,27,1,discocyte,3598.0,74.712,0.7778,468501.0,9728.3342,5155.8806
20110607_4,27,1,discocyte,3158.0,65.575,0.6765,362794.0,7533.3485,3992.5689
20110607_4,27,1,discocyte,2778.0,57.685,0.8051,326783.0,6785.5869,3596.2658
20110607_4,27,1,discocyte,2672.0,55.484,0.7182,310325.0,6443.8397,3415.1446
20110607_4,27,1,discocyte,6356.0,131.981,0.4525,743652.0,15441.7925,8183.9332
20110607_4,27,1,discocyte,3010.0,62.502,0.7831,371624.0,7716.7018,4089.7436
20110607_4,27,1,discocyte,1022.0,21.222,0.6581,111057.0,2306.0775,1222.1887
20110607_4,27,1,discocyte,3429.0,71.203,0.7852,406017.0,8430.8659,4468.2405
20110607_4,27,1,discocyte,1502.0,31.189,0.7543,174881.0,3631.3707,1924.5755
20110607_4,27,1,discocyte,2979.0,61.858,0.8165,343543.0,7133.6051,3780.7106
20110607_4,27,1,discocyte,3257.0,67.631,0.8071,379526.0,7880.7853,4176.7056
20110607_4,27,1,discocyte,2712.0,56.314,0.8283,278270.0,5778.2237,3062.3774
20110607_4,27,1,discocyte,3100.0,64.371,0.8022,402284.0,8353.3508,4427.1587
20110607_4,27,2,echinocyte,1593.0,33.078,0.7476,263624.0,5474.1023,2901.1974
20110607_4,27,2,echinocyte,1486.0,30.857,0.7571,275739.0,5725.6679,3034.5236
20110607_4,27,3,spherocyte,2320.0,48.174,0.8086,271161.0,5630.6066,2984.1425
20110607_4,27,3,spherocyte,2650.0,55.027,0.8335,379123.0,7872.4171,4172.2705
20110607_4,27,3,spherocyte,2210.0,45.89,0.8038,324763.0,6743.642,3574.0356
20110607_4,27,4,stomatocyte,1749.0,36.318,0.6627,271818.0,5644.2491,2991.3728
20110607_7,27,1,discocyte,3071.0,63.769,0.4382,405640.0,8423.0375,4464.0916
20110607_7,27,1,discocyte,3488.0,72.428,0.7599,397981.0,8263.9998,4379.8039
20110607_7,27,1,discocyte,3116.0,64.703,0.829,392549.0,8151.2054,4320.0244
20110607_7,27,1,discocyte,2208.0,45.849,0.7613,261677.0,5433.6732,2879.7705
20110607_7,27,1,discocyte,5966.0,123.883,0.4593,736912.0,15301.8377,8109.7591
20110607_7,27,1,discocyte,2349.0,48.777,0.8161,285073.0,5919.4867,3137.2448
20110607_7,27,1,discocyte,3787.0,78.636,0.7751,451526.0,9375.8516,4969.0697
20110607_7,27,1,discocyte,3864.0,80.235,0.4531,494464.0,10267.451,5441.6049
20110607_7,27,1,discocyte,1740.0,36.131,0.7589,224697.0,4665.7905,2472.8035
20110607_7,27,1,discocyte,3551.0,73.736,0.8069,431443.0,8958.8319,4748.0551
20110607_7,27,1,discocyte,2136.0,44.354,0.7491,297843.0,6184.6533,3277.7794
20110607_7,27,1,discocyte,3138.0,65.16,0.8215,385484.0,8004.502,4242.2737
20110607_7,27,1,discocyte,6289.0,130.59,0.4746,788031.0,16363.314,8672.3267
20110607_7,27,1,discocyte,894.0,18.564,0.6693,110672.0,2298.0831,1217.9518
20110607_7,27,1,discocyte,3164.0,65.7,0.7111,391282.0,8124.8964,4306.081
20110607_7,27,1,discocyte,3750.0,77.868,0.7974,461163.0,9575.9621,5075.1255
20110607_7,27,1,discocyte,3307.0,68.669,0.8284,380161.0,7893.9709,4183.6938
20110607_7,27,1,discocyte,1178.0,24.461,0.6667,128468.0,2667.6136,1413.7978
20110607_7,27,1,discocyte,3063.0,63.603,0.7864,375492.0,7797.02,4132.3112
20110607_7,27,1,discocyte,6357.0,132.002,0.3888,713742.0,14820.717,7854.7719
20110607_7,27,2,echinocyte,728.0,15.117,0.5529,129345.0,2685.8243,1423.4492
20110607_7,27,2,echinocyte,1825.0,37.896,0.746,287899.0,5978.168,3168.3451
20110607_7,27,2,echinocyte,2014.0,41.82,0.741,309525.0,6427.2278,3406.3405
20110607_7,27,3,spherocyte,1884.0,39.121,0.7937,314762.0,6535.9731,3463.974
20110607_7,27,3,spherocyte,1935.0,40.18,0.8533,296312.0,6152.8624,3260.9307
20110607_7,27,3,spherocyte,2505.0,52.016,0.8224,340744.0,7075.4844,3749.9074
20110607_7,27,3,spherocyte,2143.0,44.499,0.3495,288923.0,5999.4312,3179.6143
20110607_7,27,3,spherocyte,1292.0,26.828,0.7336,197283.0,4096.544,2171.1108
20110607_7,27,4,stomatocyte,1375.0,28.552,0.6813,239988.0,4983.3052,2641.0818
20110607_7,27,4,stomatocyte,760.0,15.781,0.5011,150875.0,3132.8907,1660.3881
20110607_7,27,4,stomatocyte,2261.0,46.949,0.5921,338196.0,7022.5757,3721.8665
20110607_9,27,1,discocyte,1801.0,37.397,0.7708,243134.0,5048.6313,2675.7037
20110607_9,27,1,discocyte,3387.0,70.33,0.8034,418417.0,8688.3495,4604.7033
20110607_9,27,1,discocyte,3400.0,70.6,0.7824,466589.0,9688.6319,5134.8389
20110607_9,27,1,discocyte,3040.0,63.125,0.8313,373175.0,7748.908,4106.8124
20110607_9,27,1,discocyte,2529.0,52.514,0.6165,345314.0,7170.3796,3800.2005
20110607_9,27,1,discocyte,3659.0,75.978,0.8288,493697.0,10251.5244,5433.164
20110607_9,27,1,discocyte,3505.0,72.781,0.7851,437303.0,9080.5137,4812.5448
20110607_9,27,1,discocyte,3150.0,65.409,0.797,407100.0,8453.3542,4480.159
20110607_9,27,1,discocyte,3309.0,68.711,0.7756,403794.0,8384.7057,4443.7763
20110607_9,27,1,discocyte,3476.0,72.178,0.7873,412809.0,8571.9005,4542.9869
20110607_9,27,1,discocyte,2570.0,53.366,0.8171,314127.0,6522.7875,3456.9858
20110607_9,27,1,discocyte,3259.0,67.673,0.8168,413411.0,8584.4009,4549.6119
20110607_9,27,1,discocyte,2812.0,58.391,0.7966,336151.0,6980.1116,3699.3612
20110607_9,27,1,discocyte,3017.0,62.647,0.7689,395213.0,8206.5229,4349.3419
20110607_9,27,1,discocyte,2649.0,55.006,0.8004,287979.0,5979.8292,3169.2255
20110607_9,27,1,discocyte,3172.0,65.866,0.752,347620.0,7218.2633,3825.5782
20110607_9,27,1,discocyte,3725.0,77.349,0.8079,437704.0,9088.8404,4816.9578
20110607_9,27,1,discocyte,3690.0,76.622,0.4621,514971.0,10693.275,5667.2856
20110607_9,27,1,discocyte,3142.0,65.243,0.8254,363187.0,7541.509,3996.8939
20110607_9,27,1,discocyte,4580.0,95.103,0.4537,525647.0,10914.9601,5784.7756
20110607_9,27,2,echinocyte,1510.0,31.355,0.7669,239923.0,4981.9555,2640.3665
20110607_9,27,2,echinocyte,1543.0,32.04,0.7779,237895.0,4939.8445,2618.0482
20110607_9,27,2,echinocyte,867.0,18.003,0.494,142413.0,2957.1789,1567.2633
20110607_9,27,2,echinocyte,1285.0,26.683,0.7785,185968.0,3861.5902,2046.5886
20110607_9,27,3,spherocyte,1802.0,37.418,0.7824,281328.0,5841.7225,3096.0309
20110607_9,27,3,spherocyte,2110.0,43.814,0.7922,315802.0,6557.5685,3475.4193
20110607_9,27,3,spherocyte,1660.0,34.47,0.8677,275702.0,5724.8996,3034.1164
20110607_9,27,3,spherocyte,1903.0,39.515,0.8402,273752.0,5684.4083,3012.6566
20110607_9,27,4,stomatocyte,1797.0,37.314,0.4767,256261.0,5321.211,2820.1671
20110607_9,27,4,stomatocyte,1820.0,37.792,0.6706,218489.0,4536.8826,2404.4841
20110610_1,30,1,discocyte,6515.0,135.283,0.4666,911581.0,18928.8063,10032.0016
20110610_1,30,1,discocyte,1787.0,37.107,0.3933,278439.0,5781.7329,3064.2373
20110610_1,30,1,discocyte,2794.0,58.017,0.7792,410844.0,8531.0976,4521.362
20110610_1,30,1,discocyte,2533.0,52.597,0.7086,338427.0,7027.3724,3724.4087
20110610_1,30,1,discocyte,3139.0,65.181,0.7471,438863.0,9112.9068,4829.7127
20110610_1,30,1,discocyte,2844.0,59.055,0.783,379651.0,7883.3809,4178.0812
20110610_1,30,1,discocyte,3323.0,69.001,0.7829,434019.0,9012.3221,4776.4042
20110610_1,30,1,discocyte,5552.0,115.286,0.3792,746349.0,15497.7952,8213.6139
20110610_1,30,1,discocyte,830.0,17.235,0.3265,126272.0,2622.0141,1389.6307
20110610_1,30,1,discocyte,1646.0,34.179,0.6918,249304.0,5176.7502,2743.6049
20110610_1,30,1,discocyte,1751.0,36.359,0.6984,224831.0,4668.573,2474.2781
20110610_1,30,1,discocyte,2963.0,61.526,0.7476,379524.0,7880.7438,4176.6835
20110610_1,30,1,discocyte,3207.0,66.593,0.8262,351616.0,7301.2394,3869.5544
20110610_1,30,1,discocyte,3393.0,70.455,0.839,433649.0,9004.6391,4772.3323
20110610_1,30,1,discocyte,3474.0,72.137,0.6933,403896.0,8386.8237,4444.8988
20110610_1,30,1,discocyte,3174.0,65.908,0.7923,390288.0,8104.2562,4295.142
20110610_1,30,1,discocyte,3063.0,63.603,0.8097,374338.0,7773.0574,4119.6113
20110610_1,30,1,discocyte,3611.0,74.982,0.8461,455107.0,9450.2104,5008.4788
20110610_1,30,1,discocyte,3073.0,63.81,0.757,385783.0,8010.7107,4245.5642
20110610_1,30,1,discocyte,3223.0,66.925,0.8191,397921.0,8262.754,4379.1436
20110610_1,30,1,discocyte,3018.0,62.668,0.7721,351052.0,7289.5281,3863.3475
20110610_1,30,1,discocyte,1808.0,37.543,0.7223,237593.0,4933.5735,2614.7247
20110610_1,30,2,echinocyte,1788.0,37.127,0.3613,332899.0,6912.5845,3663.5727
20110610_1,30,2,echinocyte,820.0,17.027,0.2461,124662.0,2588.5827,1371.9125
20110610_1,30,2,echinocyte,1895.0,39.349,0.5124,337197.0,7001.8316,3710.8725
20110610_1,30,2,echinocyte,1867.0,38.768,0.8314,296321.0,6153.0493,3261.0297
20110610_1,30,2,echinocyte,2100.0,43.606,0.7279,341692.0,7095.1695,3760.3402
20110610_1,30,2,echinocyte,1636.0,33.971,0.8092,302894.0,6289.5364,3333.366
20110610_1,30,2,echinocyte,774.0,16.072,0.8243,141177.0,2931.5136,1553.661
20110610_1,30,2,echinocyte,1884.0,39.121,0.7704,325560.0,6760.1915,3582.8066
20110610_1,30,3,spherocyte,2216.0,46.015,0.811,377285.0,7834.2513,4152.0432
20110610_1,30,3,spherocyte,2848.0,59.138,0.7347,409180.0,8496.545,4503.0495
20110610_1,30,3,spherocyte,1964.0,40.782,0.7736,317469.0,6592.1835,3493.7647
20110610_1,30,3,spherocyte,2210.0,45.89,0.8686,360465.0,7484.9872,3966.9381
20110610_1,30,3,spherocyte,2409.0,50.022,0.8243,358647.0,7447.2368,3946.931
20110610_1,30,4,stomatocyte,1421.0,29.507,0.3425,270370.0,5614.1817,2975.4375
20110610_1,30,4,stomatocyte,730.0,15.158,0.6507,133997.0,2782.4222,1474.6447
20110610_1,30,4,stomatocyte,1419.0,29.465,0.7477,258533.0,5368.3886,2845.1706
20110610_1,30,4,stomatocyte,1961.0,40.72,0.7106,342108.0,7103.8076,3764.9183
20110610_1,30,4,stomatocyte,1480.0,30.732,0.549,207282.0,4304.1713,2281.1504
20110610_1,30,4,stomatocyte,2268.0,47.095,0.6765,392800.0,8156.4174,4322.7867
20110610_1,30,4,stomatocyte,943.0,19.581,0.2601,131256.0,2725.5059,1444.4799
20110610_1,30,4,stomatocyte,1343.0,27.887,0.6783,184519.0,3831.502,2030.6423
20110610_1,30,4,stomatocyte,2218.0,46.056,0.7083,302338.0,6277.9911,3327.2472
20110610_1,30,4,stomatocyte,1949.0,40.471,0.639,300817.0,6246.4078,3310.5085
20110610_10,30,1,discocyte,1754.0,36.421,0.7971,155512.0,3229.1771,1711.4185
20110610_10,30,1,discocyte,2710.0,56.273,0.8243,261541.0,5430.8492,2878.2738
20110610_10,30,1,discocyte,2100.0,43.606,0.6905,202660.0,4208.1964,2230.285
20110610_10,30,1,discocyte,2932.0,60.882,0.8117,294527.0,6115.7972,3241.2867
20110610_10,30,1,discocyte,2922.0,60.675,0.7671,302901.0,6289.6817,3333.443
20110610_10,30,1,discocyte,3056.0,63.457,0.7993,315232.0,6545.7326,3469.1464
20110610_10,30,1,discocyte,3072.0,63.789,0.8027,342033.0,7102.2503,3764.0929
20110610_10,30,1,discocyte,2755.0,57.207,0.8094,284077.0,5898.8049,3126.2838
20110610_10,30,1,discocyte,3146.0,65.326,0.7929,338373.0,7026.2511,3723.8144
20110610_10,30,1,discocyte,6334.0,131.524,0.4197,714450.0,14835.4185,7862.5635
20110610_10,30,1,discocyte,3005.0,62.398,0.7017,310105.0,6439.2714,3412.7234
20110610_10,30,1,discocyte,2889.0,59.99,0.8124,274968.0,5709.6583,3026.0387
20110610_10,30,1,discocyte,3084.0,64.039,0.8164,305899.0,6351.9346,3366.4362
20110610_10,30,1,discocyte,2520.0,52.327,0.8073,280683.0,5828.3292,3088.9326
20110610_10,30,1,discocyte,3541.0,73.528,0.7524,356343.0,7399.3947,3921.5753
20110610_10,30,1,discocyte,2852.0,59.221,0.7999,307883.0,6393.132,3388.2702
20110610_10,30,1,discocyte,4096.0,85.053,0.7573,407423.0,8460.0612,4483.7137
20110610_10,30,1,discocyte,3779.0,78.47,0.7353,369273.0,7667.8837,4063.8707
20110610_10,30,1,discocyte,3624.0,75.252,0.7654,330364.0,6859.9457,3635.6749
20110610_10,30,1,discocyte,7581.0,157.418,0.4413,718135.0,14911.9368,7903.1172
20110610_10,30,1,discocyte,3883.0,80.63,0.73,391412.0,8127.5958,4307.5117
20110610_10,30,1,discocyte,3431.0,71.244,0.7999,343300.0,7128.5593,3778.0363
20110610_10,30,1,discocyte,2114.0,43.897,0.7753,237239.0,4926.2228,2610.8289
20110610_10,30,1,discocyte,2840.0,58.972,0.7239,292486.0,6073.4162,3218.8253
20110610_10,30,1,discocyte,3353.0,69.624,0.7883,340935.0,7079.4505,3752.0094
20110610_10,30,2,echinocyte,1853.0,38.477,0.7936,256294.0,5321.8962,2820.5303
20110610_10,30,2,echinocyte,1806.0,37.501,0.7357,280136.0,5816.9708,3082.9129
20110610_10,30,2,echinocyte,1029.0,21.367,0.7335,184391.0,3828.8441,2029.2336
20110610_10,30,2,echinocyte,1673.0,34.74,0.6433,280372.0,5821.8713,3085.5101
20110610_10,30,2,echinocyte,2271.0,47.157,0.5394,319061.0,6625.241,3511.2847
20110610_10,30,2,echinocyte,2028.0,42.111,0.7007,295208.0,6129.938,3248.7811
20110610_10,30,2,echinocyte,784.0,16.28,0.3429,99262.0,2061.1566,1092.384
20110610_10,30,3,spherocyte,2141.0,44.457,0.727,291429.0,6051.4678,3207.193
20110610_10,30,3,spherocyte,2002.0,41.571,0.8178,247104.0,5131.0676,2719.3938
20110610_10,30,3,spherocyte,3285.0,68.212,0.7865,395800.0,8218.7118,4355.8019
20110610_10,30,3,spherocyte,2534.0,52.618,0.7267,318075.0,6604.7669,3500.4338
20110610_10,30,3,spherocyte,2281.0,47.365,0.7364,290376.0,6029.6025,3195.6047
20110610_10,30,4,stomatocyte,2114.0,43.897,0.7624,270256.0,5611.8145,2974.1829
20110610_10,30,4,stomatocyte,967.0,20.08,0.7356,149590.0,3106.2079,1646.2466
20110610_3,30,1,discocyte,3402.0,70.642,0.7402,287188.0,5963.4043,3160.5205
20110610_3,30,1,discocyte,939.0,19.498,0.3556,100204.0,2080.717,1102.7508
20110610_3,30,1,discocyte,3940.0,81.813,0.7914,339845.0,7056.8169,3740.0139
20110610_3,30,1,discocyte,6727.0,139.685,0.4765,610696.0,12680.9864,6720.7448
20110610_3,30,1,discocyte,2785.0,57.83,0.7319,268475.0,5574.8324,2954.5829
20110610_3,30,1,discocyte,890.0,18.481,0.3073,78214.0,1624.0988,860.7496
20110610_3,30,1,discocyte,7063.0,146.662,0.3676,601698.0,12494.1446,6621.7213
20110610_3,30,1,discocyte,2579.0,53.552,0.8305,273084.0,5670.5374,3005.3052
20110610_3,30,1,discocyte,4022.0,83.516,0.84,319623.0,6636.9109,3517.4696
20110610_3,30,1,discocyte,2360.0,49.005,0.5552,232171.0,4820.9867,2555.0553
20110610_3,30,1,discocyte,6739.0,139.934,0.3773,602162.0,12503.7795,6626.8276
20110610_3,30,1,discocyte,3477.0,72.199,0.7637,302213.0,6275.3955,3325.8715
20110610_3,30,1,discocyte,7208.0,149.673,0.4348,654902.0,13598.9156,7207.2343
20110610_3,30,1,discocyte,3433.0,71.286,0.7719,292627.0,6076.3441,3220.377
20110610_3,30,1,discocyte,1085.0,22.53,0.6904,101532.0,2108.2927,1117.3655
20110610_3,30,1,discocyte,2914.0,60.509,0.7734,281463.0,5844.5257,3097.5166
20110610_3,30,1,discocyte,3214.0,66.738,0.7493,305870.0,6351.3324,3366.117
20110610_3,30,1,discocyte,3351.0,69.583,0.7495,323405.0,6715.4434,3559.0907
20110610_3,30,1,discocyte,2997.0,62.232,0.8045,303149.0,6294.8314,3336.1723
20110610_3,30,1,discocyte,756.0,15.698,0.4458,67383.0,1399.1952,741.5538
20110610_3,30,1,discocyte,2663.0,55.297,0.7399,244206.0,5070.8912,2687.5011
20110610_3,30,1,discocyte,1961.0,40.72,0.4114,183693.0,3814.3502,2021.5521
20110610_3,30,1,discocyte,2249.0,46.7,0.7931,215670.0,4478.3466,2373.4608
20110610_3,30,2,echinocyte,1483.0,30.794,0.4038,200923.0,4172.1279,2211.1692
20110610_3,30,2,echinocyte,1320.0,27.41,0.7762,193818.0,4024.5939,2132.9783
20110610_3,30,2,echinocyte,3711.0,77.058,0.3826,502832.0,10441.2109,5533.6952
20110610_3,30,2,echinocyte,2256.0,46.845,0.4811,296767.0,6162.3104,3265.938
20110610_3,30,2,echinocyte,1810.0,37.584,0.6439,229525.0,4766.043,2525.9359
20110610_3,30,2,echinocyte,1464.0,30.4,0.8052,201101.0,4175.8241,2213.1281
20110610_3,30,2,echinocyte,1769.0,36.733,0.8092,248572.0,5161.5504,2735.5492
20110610_3,30,2,echinocyte,1369.0,28.427,0.5266,199252.0,4137.4299,2192.7798
20110610_3,30,2,echinocyte,3676.0,76.331,0.3744,540713.0,11227.8027,5950.5778
20110610_3,30,2,echinocyte,1843.0,38.27,0.7216,252400.0,5241.038,2777.6766
20110610_3,30,2,echinocyte,885.0,18.377,0.2398,158179.0,3284.5569,1740.769
20110610_3,30,2,echinocyte,1425.0,29.59,0.8352,210225.0,4365.2822,2313.5383
20110610_3,30,2,echinocyte,1368.0,28.406,0.316,236256.0,4905.811,2600.0109
20110610_3,30,3,spherocyte,2124.0,44.104,0.6113,196137.0,4072.7475,2158.499
20110610_3,30,3,spherocyte,2001.0,41.55,0.7736,211834.0,4398.6928,2331.2454
20110610_3,30,3,spherocyte,1283.0,26.641,0.5318,189548.0,3935.9282,2085.9867
20110610_3,30,3,spherocyte,1716.0,35.632,0.5366,203556.0,4226.8017,2240.1455
20110610_3,30,3,spherocyte,2759.0,57.29,0.7315,283550.0,5887.8619,3120.4841
20110610_3,30,3,spherocyte,2137.0,44.374,0.2738,182156.0,3782.4347,2004.6373
20110610_3,30,3,spherocyte,3074.0,63.831,0.8022,301592.0,6262.5006,3319.0374
20110610_3,30,3,spherocyte,1850.0,38.415,0.8125,250478.0,5201.1281,2756.5249
20110610_3,30,3,spherocyte,2499.0,51.891,0.8594,259086.0,5379.8716,2851.2564
20110610_3,30,3,spherocyte,2828.0,58.723,0.8012,287379.0,5967.3703,3162.6225
20110610_3,30,3,spherocyte,5150.0,106.939,0.2037,564634.0,11724.5177,6213.8298
20110610_3,30,3,spherocyte,2990.0,62.087,0.7521,307748.0,6390.3287,3386.7845
20110610_3,30,4,stomatocyte,2297.0,47.697,0.8271,242258.0,5030.4413,2666.0633
20110610_3,30,4,stomatocyte,2504.0,51.995,0.5894,293537.0,6095.24,3230.3916
20110610_4,30,1,discocyte,3333.0,69.209,0.7928,355761.0,7387.3096,3915.1704
20110610_4,30,1,discocyte,2847.0,59.117,0.7503,320550.0,6656.1598,3527.6713
20110610_4,30,1,discocyte,8438.0,175.213,0.242,948316.0,19691.6016,10436.2724
20110610_4,30,1,discocyte,3118.0,64.745,0.8081,335949.0,6975.9172,3697.1382
20110610_4,30,1,discocyte,6503.0,135.034,0.4281,723102.0,15015.0756,7957.7793
20110610_4,30,1,discocyte,3419.0,70.995,0.8089,382161.0,7935.5006,4205.7039
20110610_4,30,1,discocyte,3841.0,79.758,0.7788,422938.0,8782.2272,4654.4571
20110610_4,30,1,discocyte,3119.0,64.765,0.834,372765.0,7740.3944,4102.3004
20110610_4,30,1,discocyte,8923.0,185.284,0.3945,1050417.0,21811.7094,11559.8998
20110610_4,30,1,discocyte,3739.0,77.64,0.8236,439674.0,9129.7471,4838.6378
20110610_4,30,1,discocyte,3531.0,73.321,0.8136,411385.0,8542.3314,4527.3157
20110610_4,30,1,discocyte,3048.0,63.291,0.7863,335804.0,6972.9063,3695.5424
20110610_4,30,1,discocyte,6383.0,132.542,0.5128,732461.0,15209.4135,8060.7756
20110610_4,30,1,discocyte,8844.0,183.644,0.3919,925938.0,19226.9266,10190.0012
20110610_4,30,1,discocyte,3275.0,68.005,0.7949,339876.0,7057.4606,3740.355
20110610_4,30,1,discocyte,3369.0,69.957,0.6915,366847.0,7617.5083,4037.1724
20110610_4,30,1,discocyte,7945.0,164.976,0.3218,868142.0,18026.8037,9553.9529
20110610_4,30,1,discocyte,3281.0,68.129,0.7949,393751.0,8176.1647,4333.2525
20110610_4,30,1,discocyte,3090.0,64.163,0.7922,355047.0,7372.4835,3907.3127
20110610_4,30,2,echinocyte,1913.0,39.723,0.7562,279200.0,5797.535,3072.6121
20110610_4,30,2,echinocyte,1809.0,37.564,0.4335,266780.0,5539.636,2935.9293
20110610_4,30,2,echinocyte,1895.0,39.349,0.7728,314524.0,6531.0311,3461.3548
20110610_4,30,2,echinocyte,1369.0,28.427,0.1758,183816.0,3816.9043,2022.9057
20110610_4,30,2,echinocyte,1412.0,29.32,0.6554,245093.0,5089.3096,2697.2626
20110610_4,30,2,echinocyte,2025.0,42.049,0.836,294491.0,6115.0497,3240.8905
20110610_4,30,2,echinocyte,1799.0,37.356,0.824,268708.0,5579.6706,2957.1471
20110610_4,30,2,echinocyte,1513.0,31.417,0.7968,223524.0,4641.4334,2459.8945
20110610_4,30,2,echinocyte,1861.0,38.643,0.7862,271642.0,5640.5945,2989.4359
20110610_4,30,3,spherocyte,1896.0,39.37,0.7772,223863.0,4648.4727,2463.6252
20110610_4,30,3,spherocyte,2998.0,62.253,0.8119,361492.0,7506.3127,3978.2403
20110610_4,30,3,spherocyte,1994.0,41.405,0.8132,280355.0,5821.5183,3085.323
20110610_4,30,3,spherocyte,3060.0,63.54,0.3302,402913.0,8366.4119,4434.0808
20110610_4,30,3,spherocyte,2676.0,55.567,0.7804,328927.0,6830.1067,3619.8606
20110610_4,30,3,spherocyte,2338.0,48.548,0.6905,308658.0,6409.2247,3396.7991
20110610_4,30,3,spherocyte,2674.0,55.525,0.7114,309736.0,6431.6092,3408.6626
20110610_4,30,4,stomatocyte,1786.0,37.086,0.6254,247139.0,5131.7944,2719.779
20110610_6,30,1,discocyte,1662.0,34.511,0.6991,201116.0,4176.1355,2213.2932
20110610_6,30,1,discocyte,2481.0,51.517,0.708,296244.0,6151.4504,3260.1823
20110610_6,30,1,discocyte,3346.0,69.479,0.748,366739.0,7615.2657,4035.9839
20110610_6,30,1,discocyte,3533.0,73.362,0.7558,392089.0,8141.6536,4314.9621
20110610_6,30,1,discocyte,3805.0,79.01,0.8101,407318.0,8457.8809,4482.5581
20110610_6,30,1,discocyte,751.0,15.594,0.7075,81181.0,1685.708,893.4016
20110610_6,30,1,discocyte,3257.0,67.631,0.7549,334785.0,6951.7469,3684.3283
20110610_6,30,1,discocyte,3843.0,79.799,0.6895,423071.0,8784.9889,4655.9208
20110610_6,30,1,discocyte,3138.0,65.16,0.7011,376092.0,7809.4789,4138.9142
20110610_6,30,1,discocyte,2184.0,45.35,0.3745,281483.0,5844.941,3097.7367
20110610_6,30,1,discocyte,2364.0,49.088,0.2552,273281.0,5674.628,3007.4732
20110610_6,30,1,discocyte,6903.0,143.339,0.2351,793176.0,16470.1489,8728.9477
20110610_6,30,1,discocyte,3270.0,67.901,0.7241,321774.0,6681.576,3541.1415
20110610_6,30,1,discocyte,3214.0,66.738,0.7166,327852.0,6807.7845,3608.0302
20110610_6,30,1,discocyte,2947.0,61.194,0.7667,347553.0,7216.872,3824.8408
20110610_6,30,1,discocyte,3560.0,73.923,0.8024,387983.0,8056.3933,4269.7753
20110610_6,30,1,discocyte,6459.0,134.12,0.4854,687943.0,14285.0057,7570.8525
20110610_6,30,1,discocyte,3160.0,65.617,0.82,305439.0,6342.3828,3361.3738
20110610_6,30,1,discocyte,3102.0,64.412,0.7473,338239.0,7023.4686,3722.3397
20110610_6,30,1,discocyte,1732.0,35.965,0.6774,189496.0,3934.8484,2085.4144
20110610_6,30,2,echinocyte,1821.0,37.813,0.5191,255239.0,5299.9893,2808.9199
20110610_6,30,2,echinocyte,3476.0,72.178,0.4012,564252.0,11716.5856,6209.6259
20110610_6,30,2,echinocyte,1795.0,37.273,0.7106,276698.0,5745.5814,3045.0775
20110610_6,30,2,echinocyte,1701.0,35.321,0.8088,264902.0,5500.6397,2915.2618
20110610_6,30,2,echinocyte,1632.0,33.888,0.8403,260832.0,5416.1269,2870.4712
20110610_6,30,2,echinocyte,1839.0,38.186,0.5597,273044.0,5669.7068,3004.865
20110610_6,30,2,echinocyte,1565.0,32.497,0.788,251968.0,5232.0676,2772.9224
20110610_6,30,2,echinocyte,1697.0,35.238,0.7107,255878.0,5313.2581,2815.9522
20110610_6,30,3,spherocyte,2070.0,42.983,0.8432,299644.0,6222.0507,3297.5995
20110610_6,30,3,spherocyte,2263.0,46.991,0.8157,325717.0,6763.4516,3584.5344
20110610_6,30,3,spherocyte,2922.0,60.675,0.8092,329137.0,6834.4673,3622.1717
20110610_6,30,3,spherocyte,1861.0,38.643,0.7993,284531.0,5908.2322,3131.2801
20110610_6,30,3,spherocyte,1774.0,36.837,0.5414,193911.0,4026.5251,2134.0018
20110610_6,30,3,spherocyte,1949.0,40.471,0.785,287541.0,5970.7342,3164.4053
20110610_6,30,3,spherocyte,2707.0,56.21,0.7508,367717.0,7635.5736,4046.7468
20110610_6,30,3,spherocyte,1942.0,40.325,0.7357,306256.0,6359.3477,3370.365
20110610_6,30,3,spherocyte,2813.0,58.411,0.782,351559.0,7300.0558,3868.9271
20110610_6,30,4,stomatocyte,2261.0,46.949,0.7479,293450.0,6093.4335,3229.4342
20110610_6,30,4,stomatocyte,1651.0,34.283,0.6575,211312.0,4387.8535,2325.5008
20110610_9,30,1,discocyte,759.0,15.76,0.7095,74907.0,1555.4296,824.3559
20110610_9,30,1,discocyte,1882.0,39.079,0.7245,170587.0,3542.2066,1877.3198
20110610_9,30,1,discocyte,2759.0,57.29,0.772,233457.0,4847.6902,2569.2078
20110610_9,30,1,discocyte,2967.0,61.609,0.661,283801.0,5893.0738,3123.2464
20110610_9,30,1,discocyte,2722.0,56.522,0.6984,222668.0,4623.6587,2450.4742
20110610_9,30,1,discocyte,1347.0,27.97,0.3458,159008.0,3301.7709,1749.8922
20110610_9,30,1,discocyte,2649.0,55.006,0.806,238638.0,4955.2727,2626.225
20110610_9,30,1,discocyte,2452.0,50.915,0.805,244927.0,5085.8626,2695.4358
20110610_9,30,1,discocyte,5001.0,103.845,0.4762,447708.0,9296.5716,4927.0524
20110610_9,30,1,discocyte,2438.0,50.625,0.8159,221271.0,4594.6503,2435.1001
20110610_9,30,1,discocyte,2365.0,49.109,0.3931,217506.0,4516.4708,2393.6661
20110610_9,30,1,discocyte,6351.0,131.877,0.3809,567162.0,11777.0112,6241.6506
20110610_9,30,1,discocyte,4751.0,98.654,0.5378,466954.0,9696.2111,5138.8557
20110610_9,30,1,discocyte,2504.0,51.995,0.4335,233877.0,4856.4115,2573.8299
20110610_9,30,1,discocyte,2544.0,52.826,0.8072,211075.0,4382.9323,2322.8926
20110610_9,30,1,discocyte,2460.0,51.081,0.8195,239185.0,4966.6311,2632.2447
20110610_9,30,1,discocyte,1578.0,32.767,0.7039,165433.0,3435.1848,1820.5997
20110610_9,30,1,discocyte,2159.0,44.831,0.7181,209080.0,4341.5065,2300.9375
20110610_9,30,1,discocyte,2528.0,52.493,0.8037,232136.0,4820.2599,2554.6701
20110610_9,30,1,discocyte,3705.0,76.934,0.4887,346021.0,7185.0603,3807.9811
20110610_9,30,1,discocyte,3146.0,65.326,0.2899,279078.0,5795.0016,3071.2695
20110610_9,30,1,discocyte,2396.0,49.752,0.814,224510.0,4661.9075,2470.7455
20110610_9,30,1,discocyte,1310.0,27.202,0.6203,129509.0,2689.2298,1425.254
20110610_9,30,2,echinocyte,1733.0,35.985,0.8275,189003.0,3924.6114,2079.9889
20110610_9,30,2,echinocyte,1587.0,32.954,0.747,193527.0,4018.5514,2129.7758
20110610_9,30,2,echinocyte,1461.0,30.337,0.7963,192147.0,3989.8959,2114.5888
20110610_9,30,2,echinocyte,1451.0,30.13,0.7264,208368.0,4326.7219,2293.1019
20110610_9,30,2,echinocyte,1641.0,34.075,0.7529,178233.0,3700.9744,1961.4645
20110610_9,30,2,echinocyte,1409.0,29.258,0.8223,206014.0,4277.8416,2267.196
20110610_9,30,2,echinocyte,1661.0,34.49,0.2742,221812.0,4605.884,2441.0539
20110610_9,30,2,echinocyte,1602.0,33.265,0.8137,199517.0,4142.9326,2195.6961
20110610_9,30,2,echinocyte,764.0,15.864,0.3165,79289.0,1646.421,872.58
20110610_9,30,3,spherocyte,1669.0,34.656,0.7136,179797.0,3733.4505,1978.6764
20110610_9,30,3,spherocyte,2196.0,45.6,0.8214,226096.0,4694.8405,2488.1995
20110610_9,30,3,spherocyte,2389.0,49.607,0.8113,211084.0,4383.1192,2322.9916
20110610_9,30,3,spherocyte,1335.0,27.721,0.5617,174517.0,3623.8123,1920.5697
20110610_9,30,3,spherocyte,1348.0,27.991,0.2667,155325.0,3225.2941,1709.3606
20110610_9,30,3,spherocyte,2089.0,43.378,0.8533,223334.0,4637.4881,2457.8036
20110610_9,30,4,stomatocyte,749.0,15.553,0.3428,67053.0,1392.3428,737.9221
20110610_9,30,4,stomatocyte,1544.0,32.061,0.5115,188667.0,3917.6344,2076.2912
20110610_9,30,4,stomatocyte,2378.0,49.379,0.2842,295553.0,6137.1019,3252.5778
20110617_1,37,1,discocyte,2997.0,62.232,0.8259,312119.0,6481.0917,3434.8876
20110617_1,37,1,discocyte,3703.0,76.892,0.751,384366.0,7981.287,4229.97
20110617_1,37,1,discocyte,3527.0,73.237,0.742,329829.0,6848.8365,3629.7872
20110617_1,37,1,discocyte,3593.0,74.608,0.8081,355210.0,7375.8682,3909.1066
20110617_1,37,1,discocyte,3409.0,70.787,0.7854,325149.0,6751.6572,3578.2835
20110617_1,37,1,discocyte,3097.0,64.309,0.8213,284281.0,5903.041,3128.5288
20110617_1,37,1,discocyte,2635.0,54.715,0.6131,234149.0,4862.0595,2576.8233
20110617_1,37,1,discocyte,3090.0,64.163,0.7181,309373.0,6424.0716,3404.6677
20110617_1,37,2,echinocyte,1722.0,35.757,0.7266,252648.0,5246.1877,2780.4058
20110617_1,37,2,echinocyte,1752.0,36.38,0.855,266895.0,5542.024,2937.1949
20110617_1,37,2,echinocyte,942.0,19.56,0.1951,116732.0,2423.9178,1284.6424
20110617_1,37,2,echinocyte,1800.0,37.377,0.7452,258431.0,5366.2706,2844.0481
20110617_1,37,2,echinocyte,1867.0,38.768,0.8009,253952.0,5273.265,2794.7564
20110617_1,37,2,echinocyte,1735.0,36.027,0.7868,255945.0,5314.6493,2816.6895
20110617_1,37,2,echinocyte,1976.0,41.031,0.7736,258394.0,5365.5023,2843.6409
20110617_1,37,2,echinocyte,1959.0,40.678,0.8329,292198.0,6067.436,3215.6559
20110617_1,37,2,echinocyte,1938.0,40.242,0.7027,307027.0,6375.3573,3378.8499
20110617_1,37,2,echinocyte,1895.0,39.349,0.7373,255335.0,5301.9828,2809.9764
20110617_1,37,2,echinocyte,1881.0,39.059,0.7928,253318.0,5260.1001,2787.7792
20110617_1,37,2,echinocyte,1048.0,21.762,0.2803,159030.0,3302.2277,1750.1343
20110617_1,37,3,spherocyte,1935.0,40.18,0.6604,232061.0,4818.7026,2553.8447
20110617_1,37,3,spherocyte,2063.0,42.838,0.7675,284513.0,5907.8584,3131.082
20110617_1,37,3,spherocyte,1579.0,32.788,0.7814,167863.0,3485.6433,1847.342
20110617_1,37,3,spherocyte,1860.0,38.623,0.8259,244127.0,5069.2508,2686.6317
20110617_1,37,3,spherocyte,2711.0,56.293,0.7828,317965.0,6602.4828,3499.2232
20110617_1,37,3,spherocyte,2290.0,47.551,0.8225,234021.0,4859.4016,2575.4146
20110617_1,37,3,spherocyte,1919.0,39.848,0.7771,225135.0,4674.8855,2477.6237
20110617_1,37,4,stomatocyte,995.0,20.661,0.3444,150417.0,3123.3804,1655.3478
20110617_1,37,4,stomatocyte,1914.0,39.744,0.7113,284283.0,5903.0825,3128.5508
20110617_1,37,4,stomatocyte,2101.0,43.627,0.6852,230605.0,4788.469,2537.8213
20110617_1,37,4,stomatocyte,850.0,17.65,0.3154,125775.0,2611.694,1384.1611
20110617_10,37,1,discocyte,1784.0,37.044,0.477,165110.0,3428.4778,1817.0451
20110617_10,37,1,discocyte,2481.0,51.517,0.8359,255953.0,5314.8154,2816.7776
20110617_10,37,1,discocyte,2471.0,51.31,0.781,223094.0,4632.5045,2455.1624
20110617_10,37,1,discocyte,3252.0,67.527,0.8259,318980.0,6623.5591,3510.3933
20110617_10,37,1,discocyte,2355.0,48.901,0.8208,239998.0,4983.5129,2641.1919
20110617_10,37,1,discocyte,2219.0,46.077,0.7726,238122.0,4944.5581,2620.5464
20110617_10,37,1,discocyte,4549.0,94.459,0.2976,518002.0,10756.2131,5700.6419
20110617_10,37,1,discocyte,2986.0,62.004,0.8229,323985.0,6727.487,3565.4736
20110617_10,37,1,discocyte,2641.0,54.84,0.7278,320099.0,6646.7949,3522.708
20110617_10,37,1,discocyte,2627.0,54.549,0.8127,282476.0,5865.5605,3108.6647
20110617_10,37,2,echinocyte,1487.0,30.877,0.8768,219074.0,4549.03,2410.922
20110617_10,37,2,echinocyte,1765.0,36.65,0.7869,281227.0,5839.6252,3094.9194
20110617_10,37,2,echinocyte,1965.0,40.803,0.8176,285348.0,5925.197,3140.2712
20110617_10,37,2,echinocyte,1447.0,30.047,0.719,235743.0,4895.1586,2594.3653
20110617_10,37,2,echinocyte,1551.0,32.206,0.7972,225487.0,4682.1947,2481.4975
20110617_10,37,2,echinocyte,1089.0,22.613,0.6799,162700.0,3378.4346,1790.5229
20110617_10,37,3,spherocyte,1912.0,39.702,0.7176,250881.0,5209.4963,2760.9599
20110617_10,37,3,spherocyte,1498.0,31.106,0.8186,239173.0,4966.3819,2632.1127
20110617_10,37,3,spherocyte,1641.0,34.075,0.7601,247713.0,5143.7134,2726.0959
20110617_10,37,4,stomatocyte,1025.0,21.284,0.4578,139494.0,2896.5664,1535.1395
20110617_3,37,1,discocyte,1305.0,27.098,0.7103,109571.0,2275.221,1205.8352
20110617_3,37,1,discocyte,3345.0,69.458,0.7753,264316.0,5488.4715,2908.8129
20110617_3,37,1,discocyte,2016.0,41.862,0.7691,178640.0,3709.4257,1965.9435
20110617_3,37,1,discocyte,3220.0,66.863,0.5195,277578.0,5763.8544,3054.7619
20110617_3,37,1,discocyte,3626.0,75.293,0.7442,348842.0,7243.6379,3839.0264
20110617_3,37,1,discocyte,3138.0,65.16,0.7386,272170.0,5651.5583,2995.2466
20110617_3,37,1,discocyte,3278.0,68.067,0.7245,301633.0,6263.3519,3319.4886
20110617_3,37,1,discocyte,3353.0,69.624,0.8055,324802.0,6744.4518,3574.4648
20110617_3,37,1,discocyte,6991.0,145.167,0.4764,670497.0,13922.7428,7378.8582
20110617_3,37,1,discocyte,1813.0,37.647,0.7331,163922.0,3403.8092,1803.9711
20110617_3,37,1,discocyte,2840.0,58.972,0.7791,282355.0,5863.0479,3107.3331
20110617_3,37,1,discocyte,6783.0,140.848,0.4258,618606.0,12845.2361,6807.7948
20110617_3,37,1,discocyte,2582.0,53.615,0.8266,286613.0,5951.4645,3154.1926
20110617_3,37,1,discocyte,2010.0,41.737,0.2766,229491.0,4765.337,2525.5617
20110617_3,37,1,discocyte,2679.0,55.629,0.6209,301805.0,6266.9235,3321.3815
20110617_3,37,2,echinocyte,1441.0,29.922,0.7287,179854.0,3734.6341,1979.3037
20110617_3,37,2,echinocyte,1581.0,32.829,0.7696,212520.0,4412.9374,2338.7949
20110617_3,37,2,echinocyte,1811.0,37.605,0.7831,232936.0,4836.8718,2563.4741
20110617_3,37,2,echinocyte,1673.0,34.74,0.7828,233871.0,4856.2869,2573.7639
20110617_3,37,2,echinocyte,1363.0,28.302,0.7205,202288.0,4200.4719,2226.1911
20110617_3,37,2,echinocyte,3950.0,82.021,0.286,506243.0,10512.0397,5571.2335
20110617_3,37,2,echinocyte,1869.0,38.809,0.7918,255049.0,5296.044,2806.829
20110617_3,37,2,echinocyte,1022.0,21.222,0.3032,131356.0,2727.5824,1445.5804
20110617_3,37,2,echinocyte,1868.0,38.789,0.5459,239849.0,4980.4189,2639.5521
20110617_3,37,2,echinocyte,1968.0,40.865,0.6654,248822.0,5166.7416,2738.3005
20110617_3,37,2,echinocyte,1844.0,38.29,0.6131,228894.0,4752.9404,2518.9917
20110617_3,37,2,echinocyte,1701.0,35.321,0.8538,248127.0,5152.31,2730.652
20110617_3,37,2,echinocyte,1434.0,29.777,0.5082,207593.0,4310.6292,2284.573
20110617_3,37,2,echinocyte,3702.0,76.871,0.4628,485357.0,10078.3459,5341.3818
20110617_3,37,2,echinocyte,1653.0,34.324,0.6386,244191.0,5070.5797,2687.3361
20110617_3,37,2,echinocyte,1449.0,30.088,0.7948,217581.0,4518.0281,2394.4915
20110617_3,37,2,echinocyte,1522.0,31.604,0.797,251895.0,5230.5518,2772.119
20110617_3,37,3,spherocyte,1603.0,33.286,0.7847,190104.0,3947.4734,2092.1055
20110617_3,37,3,spherocyte,3401.0,70.621,0.7332,329525.0,6842.524,3626.4417
20110617_3,37,3,spherocyte,2701.0,56.086,0.7134,275766.0,5726.2286,3034.8208
20110617_3,37,3,spherocyte,2991.0,62.108,0.7641,279651.0,5806.8999,3077.5754
20110617_3,37,3,spherocyte,2671.0,55.463,0.8069,302200.0,6275.1256,3325.7285
20110617_3,37,4,stomatocyte,1698.0,35.259,0.6433,248924.0,5168.8596,2739.423
20110617_3,37,4,stomatocyte,1588.0,32.975,0.5585,220260.0,4573.6571,2423.974
20110617_3,37,4,stomatocyte,2459.0,51.061,0.7263,256063.0,5317.0995,2817.9881
20110617_6,37,1,discocyte,725.0,15.054,0.5735,77840.0,1616.3328,856.6337
20110617_6,37,1,discocyte,2802.0,58.183,0.7793,295111.0,6127.9238,3247.7136
20110617_6,37,1,discocyte,1711.0,35.529,0.7106,172839.0,3588.969,1902.1032
20110617_6,37,1,discocyte,4588.0,95.269,0.4673,445453.0,9249.7469,4902.236
20110617_6,37,1,discocyte,2917.0,60.571,0.8283,290581.0,6033.8593,3197.8607
20110617_6,37,1,discocyte,2586.0,53.698,0.8114,271370.0,5634.9465,2986.4425
20110617_6,37,1,discocyte,2867.0,59.533,0.8062,338092.0,7020.4161,3720.722
20110617_6,37,1,discocyte,3134.0,65.077,0.8516,327170.0,6793.6229,3600.5248
20110617_6,37,1,discocyte,2573.0,53.428,0.8172,221813.0,4605.9048,2441.0649
20110617_6,37,1,discocyte,3097.0,64.309,0.7667,309550.0,6427.7469,3406.6156
20110617_6,37,1,discocyte,1200.0,24.918,0.6,137807.0,2861.5362,1516.574
20110617_6,37,2,echinocyte,1355.0,28.136,0.7905,199236.0,4137.0977,2192.6037
20110617_6,37,2,echinocyte,1861.0,38.643,0.7765,279308.0,5799.7776,3073.8007
20110617_6,37,2,echinocyte,1382.0,28.697,0.7495,194037.0,4029.1414,2135.3884
20110617_6,37,2,echinocyte,2040.0,42.36,0.7367,280302.0,5820.4178,3084.7397
20110617_6,37,2,echinocyte,1963.0,40.761,0.8917,299464.0,6218.3131,3295.6186
20110617_6,37,2,echinocyte,1674.0,34.76,0.7913,266900.0,5542.1278,2937.2499
20110617_6,37,2,echinocyte,1614.0,33.514,0.7969,229254.0,4760.4158,2522.9535
20110617_6,37,2,echinocyte,1748.0,36.297,0.7933,258825.0,5374.4519,2848.3841
20110617_6,37,2,echinocyte,790.0,16.404,0.7166,121889.0,2531.0019,1341.3955
20110617_6,37,2,echinocyte,1419.0,29.465,0.6796,223033.0,4631.2379,2454.4911
20110617_6,37,2,echinocyte,1909.0,39.64,0.6572,293614.0,6096.8389,3231.239
20110617_6,37,2,echinocyte,1713.0,35.57,0.7576,233070.0,4839.6543,2564.9488
20110617_6,37,2,echinocyte,1834.0,38.083,0.841,238001.0,4942.0455,2619.2148
20110617_6,37,2,echinocyte,2984.0,61.962,0.2877,400693.0,8320.314,4409.6496
20110617_6,37,2,echinocyte,1681.0,34.906,0.7458,214671.0,4457.6025,2362.4668
20110617_6,37,2,echinocyte,3928.0,81.564,0.5495,512147.0,10634.6351,5636.2073
20110617_6,37,2,echinocyte,1695.0,35.196,0.8059,206578.0,4289.5529,2273.4028
20110617_6,37,2,echinocyte,1648.0,34.22,0.8151,206683.0,4291.7332,2274.5584
20110617_6,37,3,spherocyte,3288.0,68.275,0.2215,419261.0,8705.875,4613.9915
20110617_6,37,3,spherocyte,2244.0,46.596,0.6012,282831.0,5872.932,3112.5715
20110617_6,37,3,spherocyte,2185.0,45.371,0.83,282863.0,5873.5965,3112.9237
20110617_6,37,3,spherocyte,2634.0,54.695,0.5849,261865.0,5437.577,2881.8395
20110617_6,37,3,spherocyte,2688.0,55.816,0.8042,304554.0,6324.0059,3351.6344
20110617_6,37,3,spherocyte,1068.0,22.177,0.4499,140863.0,2924.9934,1550.2055
20110617_6,37,3,spherocyte,1500.0,31.147,0.789,206060.0,4278.7967,2267.7022
20110617_6,37,3,spherocyte,1796.0,37.294,0.7897,238345.0,4949.1886,2623.0005
20110617_6,37,3,spherocyte,2680.0,55.65,0.7845,291693.0,6056.9497,3210.0983
20110617_6,37,3,spherocyte,2975.0,61.775,0.7897,258262.0,5362.7614,2842.1882
20110617_6,37,3,spherocyte,1877.0,38.976,0.7861,228881.0,4752.6705,2518.8486
20110617_6,37,3,spherocyte,1733.0,35.985,0.5393,235098.0,4881.7653,2587.2671
20110617_6,37,3,spherocyte,1945.0,40.388,0.5286,227262.0,4719.0523,2501.0314
20110617_6,37,4,stomatocyte,1359.0,28.219,0.7828,158340.0,3287.9,1742.5408
20110617_8,37,1,discocyte,1687.0,35.03,0.6968,157070.0,3261.5287,1728.5644
20110617_8,37,1,discocyte,2834.0,58.847,0.7864,277886.0,5770.25,3058.1515
20110617_8,37,1,discocyte,3289.0,68.295,0.8246,353467.0,7339.6751,3889.9248
20110617_8,37,1,discocyte,2571.0,53.386,0.8047,281678.0,5848.9902,3099.8827
20110617_8,37,1,discocyte,2338.0,48.548,0.4256,232730.0,4832.5942,2561.2071
20110617_8,37,1,discocyte,5270.0,109.431,0.4645,567740.0,11789.0132,6248.0115
20110617_8,37,1,discocyte,2998.0,62.253,0.827,313253.0,6504.639,3447.3674
20110617_8,37,1,discocyte,2619.0,54.383,0.8384,327132.0,6792.8338,3600.1066
20110617_8,37,1,discocyte,2851.0,59.2,0.8032,299618.0,6221.5108,3297.3134
20110617_8,37,1,discocyte,2804.0,58.225,0.7683,321038.0,6666.2931,3533.0417
20110617_8,37,1,discocyte,2771.0,57.539,0.8544,312851.0,6496.2916,3442.9433
20110617_8,37,1,discocyte,2908.0,60.384,0.7934,304997.0,6333.2048,3356.5096
20110617_8,37,2,echinocyte,793.0,16.466,0.8575,114817.0,2384.1532,1263.5677
20110617_8,37,2,echinocyte,909.0,18.875,0.7465,142841.0,2966.0662,1571.9735
20110617_8,37,2,echinocyte,1721.0,35.736,0.7892,205470.0,4266.5455,2261.2092
20110617_8,37,2,echinocyte,2213.0,45.953,0.3962,306693.0,6368.4219,3375.1742
20110617_8,37,2,echinocyte,1543.0,32.04,0.8913,220791.0,4584.6832,2429.8177
20110617_8,37,2,echinocyte,1634.0,33.93,0.7964,225900.0,4690.7706,2486.0426
20110617_8,37,2,echinocyte,1798.0,37.335,0.6453,232529.0,4828.4205,2558.9951
20110617_8,37,2,echinocyte,1569.0,32.58,0.8125,227795.0,4730.1199,2506.8971
20110617_8,37,2,echinocyte,1470.0,30.524,0.8201,200325.0,4159.7106,2204.5882
20110617_8,37,2,echinocyte,1300.0,26.994,0.8611,176876.0,3672.7965,1946.5306
20110617_8,37,2,echinocyte,1536.0,31.895,0.7079,197991.0,4111.2455,2178.9024
20110617_8,37,2,echinocyte,1673.0,34.74,0.813,239822.0,4979.8583,2639.255
20110617_8,37,2,echinocyte,1254.0,26.039,0.7429,203950.0,4234.983,2244.4815
20110617_8,37,2,echinocyte,1481.0,30.753,0.835,240423.0,4992.3379,2645.869
20110617_8,37,3,spherocyte,1358.0,28.199,0.2182,202290.0,4200.5134,2226.2131
20110617_8,37,3,spherocyte,2009.0,41.717,0.7887,232613.0,4830.1647,2559.9195
20110617_8,37,3,spherocyte,2223.0,46.16,0.8026,254809.0,5291.0605,2804.1878
20110617_8,37,3,spherocyte,1773.0,36.816,0.3893,206664.0,4291.3387,2274.3493
20110617_8,37,3,spherocyte,2245.0,46.617,0.8051,239057.0,4963.9732,2630.8361
20110617_8,37,3,spherocyte,2276.0,47.261,0.8549,286418.0,5947.4154,3152.0466
20110617_8,37,3,spherocyte,3509.0,72.864,0.7248,458020.0,9510.6983,5040.5366
20110617_9,37,1,discocyte,1637.0,33.992,0.6312,119902.0,2489.7422,1319.5284
20110617_9,37,1,discocyte,7027.0,145.914,0.4454,626681.0,13012.9119,6896.6606
20110617_9,37,1,discocyte,3658.0,75.958,0.7402,369202.0,7666.4094,4063.0893
20110617_9,37,1,discocyte,3217.0,66.8,0.6787,293765.0,6099.9744,3232.9008
20110617_9,37,1,discocyte,3006.0,62.419,0.7872,291930.0,6061.871,3212.7065
20110617_9,37,1,discocyte,3217.0,66.8,0.7957,302363.0,6278.5102,3327.5223
20110617_9,37,1,discocyte,3135.0,65.098,0.6917,312128.0,6481.2786,3434.9867
20110617_9,37,1,discocyte,2668.0,55.401,0.7646,224114.0,4653.6846,2466.3875
20110617_9,37,2,echinocyte,1481.0,30.753,0.8251,197625.0,4103.6456,2174.8745
20110617_9,37,2,echinocyte,1517.0,31.5,0.8921,227362.0,4721.1287,2502.1319
20110617_9,37,2,echinocyte,1640.0,34.054,0.7888,229227.0,4759.8551,2522.6564
20110617_9,37,2,echinocyte,1860.0,38.623,0.8037,266973.0,5543.6436,2938.0533
20110617_9,37,2,echinocyte,1972.0,40.948,0.7951,250648.0,5204.6581,2758.3957
20110617_9,37,2,echinocyte,2002.0,41.571,0.7528,269929.0,5605.0244,2970.5842
20110617_9,37,2,echinocyte,1939.0,40.263,0.773,263699.0,5475.6596,2902.0227
20110617_9,37,2,echinocyte,1938.0,40.242,0.7664,258471.0,5367.1012,2844.4883
20110617_9,37,3,spherocyte,1751.0,36.359,0.7798,181786.0,3774.7518,2000.5654
20110617_9,37,3,spherocyte,2071.0,43.004,0.8436,268994.0,5585.6093,2960.2945
20110617_9,37,3,spherocyte,2558.0,53.116,0.7804,242604.0,5037.626,2669.871
20110617_9,37,3,spherocyte,898.0,18.647,0.3954,111944.0,2324.4959,1231.9502
20110617_9,37,3,spherocyte,1788.0,37.127,0.8282,242313.0,5031.5834,2666.6686
20110617_9,37,3,spherocyte,1854.0,38.498,0.8552,230209.0,4780.2461,2533.4633
20110617_9,37,4,stomatocyte,1654.0,34.345,0.6101,216611.0,4497.8863,2383.8166
20110617_9,37,4,stomatocyte,1725.0,35.819,0.4333,217384.0,4513.9375,2392.3235
20110627_1,47,1,discocyte,3584.0,74.421,0.7764,316822.0,6578.7486,3486.6444
20110627_1,47,1,discocyte,3580.0,74.338,0.6687,294277.0,6110.606,3238.5354
20110627_1,47,1,discocyte,2225.0,46.202,0.612,191135.0,3968.882,2103.4517
20110627_1,47,1,discocyte,3822.0,79.363,0.8004,318759.0,6618.9701,3507.9612
20110627_1,47,1,discocyte,3648.0,75.75,0.7887,313715.0,6514.2324,3452.4517
20110627_1,47,1,discocyte,2978.0,61.838,0.5368,270835.0,5623.8373,2980.5548
20110627_1,47,1,discocyte,2136.0,44.354,0.6721,179253.0,3722.1545,1972.6896
20110627_1,47,2,echinocyte,1684.0,34.968,0.7386,249865.0,5188.3993,2749.7788
20110627_1,47,2,echinocyte,1587.0,32.954,0.752,183914.0,3818.9393,2023.9842
20110627_1,47,2,echinocyte,1767.0,36.691,0.7663,220847.0,4585.846,2430.434
20110627_1,47,2,echinocyte,1967.0,40.844,0.6954,222267.0,4615.332,2446.0612
20110627_1,47,2,echinocyte,1839.0,38.186,0.7613,236261.0,4905.9148,2600.066
20110627_1,47,2,echinocyte,1982.0,41.156,0.8039,250528.0,5202.1663,2757.0751
20110627_1,47,2,echinocyte,1628.0,33.805,0.6478,260681.0,5412.9914,2868.8095
20110627_1,47,2,echinocyte,1742.0,36.172,0.701,253326.0,5260.2663,2787.8673
20110627_1,47,2,echinocyte,2030.0,42.153,0.7004,270381.0,5614.4101,2975.5585
20110627_1,47,2,echinocyte,1746.0,36.255,0.7987,204819.0,4253.0276,2254.0449
20110627_1,47,2,echinocyte,1651.0,34.283,0.7487,228416.0,4743.0148,2513.7313
20110627_1,47,2,echinocyte,2686.0,55.774,0.1846,355703.0,7386.1052,3914.5321
20110627_1,47,2,echinocyte,3673.0,76.269,0.2694,482793.0,10025.1049,5313.1649
20110627_1,47,2,echinocyte,4163.0,86.444,0.3771,548013.0,11379.3858,6030.9147
20110627_1,47,2,echinocyte,1392.0,28.905,0.2255,173488.0,3602.4454,1909.2455
20110627_1,47,2,echinocyte,1793.0,37.231,0.8088,271124.0,5629.8383,2983.7353
20110627_1,47,2,echinocyte,1179.0,24.482,0.7663,166632.0,3460.0818,1833.7948
20110627_1,47,3,spherocyte,1599.0,33.203,0.8566,223760.0,4646.3339,2462.4917
20110627_1,47,3,spherocyte,1315.0,27.306,0.5533,170158.0,3533.2985,1872.5986
20110627_1,47,3,spherocyte,2135.0,44.333,0.8247,269826.0,5602.8856,2969.4507
20110627_1,47,3,spherocyte,1929.0,40.055,0.7766,236574.0,4912.4142,2603.5105
20110627_1,47,3,spherocyte,1612.0,33.473,0.6971,220111.0,4570.5631,2422.3343
20110627_1,47,3,spherocyte,1326.0,27.534,0.5353,169990.0,3529.8101,1870.7498
20110627_1,47,3,spherocyte,1692.0,35.134,0.6955,205205.0,4261.0428,2258.2929
20110627_1,47,3,spherocyte,1302.0,27.036,0.6719,204818.0,4253.0069,2254.0339
20110627_1,47,3,spherocyte,2090.0,43.398,0.8021,241723.0,5019.3322,2660.1756
20110627_1,47,3,spherocyte,2934.0,60.924,0.8005,247789.0,5145.2915,2726.9323
20110627_1,47,3,spherocyte,1816.0,37.709,0.7985,248076.0,5151.251,2730.0907
20110627_1,47,3,spherocyte,1189.0,24.689,0.3164,112207.0,2329.957,1234.8445
20110627_1,47,3,spherocyte,1690.0,35.093,0.8272,226196.0,4696.917,2489.3
20110627_1,47,3,spherocyte,2051.0,42.589,0.7104,262223.0,5445.0108,2885.7793
20110627_1,47,4,stomatocyte,974.0,20.225,0.5258,156101.0,3241.4076,1717.9005
20110627_1,47,4,stomatocyte,1709.0,35.487,0.5068,228756.0,4750.0749,2517.473
20110627_10,47,1,discocyte,1101.0,22.862,0.2723,96251.0,1998.6337,1059.2478
20110627_10,47,1,discocyte,3371.0,69.998,0.7925,287142.0,5962.4491,3160.0143
20110627_10,47,1,discocyte,3144.0,65.285,0.5825,240399.0,4991.8396,2645.6049
20110627_10,47,1,discocyte,1596.0,33.141,0.7161,145312.0,3017.3761,1599.167
20110627_10,47,1,discocyte,1925.0,39.972,0.7611,160071.0,3323.8439,1761.5906
20110627_10,47,2,echinocyte,1537.0,31.916,0.7424,202381.0,4202.403,2227.2146
20110627_10,47,2,echinocyte,1270.0,26.371,0.4173,181362.0,3765.9475,1995.8993
20110627_10,47,2,echinocyte,1397.0,29.008,0.5957,212622.0,4415.0554,2339.9174
20110627_10,47,2,echinocyte,1546.0,32.102,0.7503,204151.0,4239.1567,2246.6935
20110627_10,47,2,echinocyte,1370.0,28.448,0.7774,190554.0,3956.8176,2097.0578
20110627_10,47,2,echinocyte,1306.0,27.119,0.6535,166399.0,3455.2436,1831.2306
20110627_10,47,2,echinocyte,1353.0,28.095,0.7667,190810.0,3962.1334,2099.8751
20110627_10,47,2,echinocyte,1764.0,36.629,0.8459,232892.0,4835.9581,2562.9899
20110627_10,47,2,echinocyte,1652.0,34.303,0.8171,209969.0,4359.9664,2310.721
20110627_10,47,2,echinocyte,735.0,15.262,0.491,97405.0,2022.5963,1071.9477
20110627_10,47,2,echinocyte,1634.0,33.93,0.4557,211299.0,4387.5836,2325.3577
20110627_10,47,2,echinocyte,1634.0,33.93,0.7746,207620.0,4311.1899,2284.8701
20110627_10,47,2,echinocyte,1615.0,33.535,0.833,238304.0,4948.3373,2622.5493
20110627_10,47,2,echinocyte,1583.0,32.871,0.7829,191171.0,3969.6295,2103.8479
20110627_10,47,2,echinocyte,1615.0,33.535,0.7905,218144.0,4529.7187,2400.6873
20110627_10,47,2,echinocyte,1593.0,33.078,0.7558,216144.0,4488.1891,2378.6772
20110627_10,47,2,echinocyte,1786.0,37.086,0.8092,211634.0,4394.5398,2329.0444
20110627_10,47,2,echinocyte,1808.0,37.543,0.833,187789.0,3899.4029,2066.6288
20110627_10,47,2,echinocyte,1554.0,32.269,0.2356,176302.0,3660.8775,1940.2137
20110627_10,47,2,echinocyte,3725.0,77.349,0.4144,412544.0,8566.3978,4540.0706
20110627_10,47,2,echinocyte,1863.0,38.685,0.6145,223873.0,4648.6803,2463.7353
20110627_10,47,2,echinocyte,1857.0,38.56,0.7444,212154.0,4405.3375,2334.767
20110627_10,47,2,echinocyte,1753.0,36.401,0.7762,163798.0,3401.2343,1802.6065
20110627_10,47,2,echinocyte,3131.0,65.015,0.3856,378600.0,7861.5571,4166.5149
20110627_10,47,2,echinocyte,1612.0,33.473,0.6182,230864.0,4793.8471,2540.6717
20110627_10,47,2,echinocyte,1833.0,38.062,0.8347,209391.0,4347.9643,2304.3601
20110627_10,47,2,echinocyte,1425.0,29.59,0.616,158845.0,3298.3862,1748.0984
20110627_10,47,3,spherocyte,1594.0,33.099,0.7353,230151.0,4779.0418,2532.8251
20110627_10,47,3,spherocyte,1990.0,41.322,0.7643,249958.0,5190.3304,2750.8022
20110627_10,47,3,spherocyte,1577.0,32.746,0.8395,204262.0,4241.4616,2247.9151
20110627_10,47,3,spherocyte,1654.0,34.345,0.7504,204785.0,4252.3216,2253.6708
20110627_10,47,3,spherocyte,1661.0,34.49,0.7318,223866.0,4648.535,2463.6583
20110627_10,47,3,spherocyte,2474.0,51.372,0.8444,286889.0,5957.1956,3157.23
20110627_10,47,3,spherocyte,1366.0,28.365,0.6179,160238.0,3327.3116,1763.4284
20110627_10,47,3,spherocyte,2598.0,53.947,0.7077,232369.0,4825.0981,2557.2343
20110627_10,47,3,spherocyte,1921.0,39.889,0.7638,232079.0,4819.0763,2554.0428
20110627_10,47,3,spherocyte,1329.0,27.596,0.6261,180107.0,3739.8876,1982.0879
20110627_10,47,3,spherocyte,4800.0,99.671,0.4025,415208.0,8621.7152,4569.388
20110627_10,47,3,spherocyte,2334.0,48.465,0.8236,280646.0,5827.5609,3088.5254
20110627_10,47,3,spherocyte,4214.0,87.503,0.4526,386279.0,8021.01,4251.0227
20110627_10,47,3,spherocyte,1478.0,30.69,0.5528,183548.0,3811.3393,2019.9563
20110627_10,47,3,spherocyte,1490.0,30.94,0.4783,114329.0,2374.02,1258.1973
20110627_10,47,4,stomatocyte,1738.0,36.089,0.7054,233540.0,4849.4137,2570.1212
20110627_10,47,4,stomatocyte,736.0,15.283,0.6092,119289.0,2477.0134,1312.7823
20110627_3,47,1,discocyte,2242.0,46.555,0.7106,186649.0,3875.731,2054.083
20110627_3,47,1,discocyte,3731.0,77.474,0.7308,369820.0,7679.242,4069.8905
20110627_3,47,2,echinocyte,2969.0,61.651,0.3378,411340.0,8541.3969,4526.8205
20110627_3,47,2,echinocyte,1432.0,29.735,0.7978,191828.0,3983.272,2111.0782
20110627_3,47,2,echinocyte,1458.0,30.275,0.5838,252177.0,5236.4075,2775.2225
20110627_3,47,2,echinocyte,1492.0,30.981,0.7591,209115.0,4342.2332,2301.3227
20110627_3,47,2,echinocyte,1860.0,38.623,0.8293,270142.0,5609.4473,2972.9283
20110627_3,47,2,echinocyte,1419.0,29.465,0.8435,203061.0,4216.5231,2234.698
20110627_3,47,2,echinocyte,1707.0,35.446,0.7212,245876.0,5105.5684,2705.8796
20110627_3,47,2,echinocyte,1415.0,29.382,0.6697,220516.0,4578.9728,2426.7913
20110627_3,47,2,echinocyte,3486.0,72.386,0.3509,495156.0,10281.8203,5449.2204
20110627_3,47,2,echinocyte,1631.0,33.867,0.8324,256500.0,5326.1738,2822.7973
20110627_3,47,2,echinocyte,1163.0,24.149,0.3228,168319.0,3495.1121,1852.3603
20110627_3,47,2,echinocyte,1718.0,35.674,0.812,217433.0,4514.9549,2392.8627
20110627_3,47,2,echinocyte,1364.0,28.323,0.8089,200918.0,4172.0241,2211.1142
20110627_3,47,2,echinocyte,1770.0,36.754,0.7961,228940.0,4753.8956,2519.4979
20110627_3,47,2,echinocyte,1467.0,30.462,0.7438,192142.0,3989.7921,2114.5338
20110627_3,47,2,echinocyte,1782.0,37.003,0.8633,255286.0,5300.9653,2809.4372
20110627_3,47,2,echinocyte,853.0,17.712,0.44,144258.0,2995.49,1587.5676
20110627_3,47,2,echinocyte,1444.0,29.984,0.3662,196263.0,4075.3639,2159.8857
20110627_3,47,2,echinocyte,1672.0,34.719,0.795,238026.0,4942.5647,2619.4899
20110627_3,47,2,echinocyte,869.0,18.045,0.6722,157714.0,3274.9012,1735.6517
20110627_3,47,2,echinocyte,1408.0,29.237,0.7092,203390.0,4223.3547,2238.3187
20110627_3,47,2,echinocyte,1317.0,27.347,0.1719,197953.0,4110.4564,2178.4842
20110627_3,47,2,echinocyte,1136.0,23.589,0.6645,188035.0,3904.511,2069.336
20110627_3,47,3,spherocyte,1829.0,37.979,0.7572,223432.0,4639.523,2458.8821
20110627_3,47,3,spherocyte,2124.0,44.104,0.7299,243504.0,5056.3143,2679.7756
20110627_3,47,3,spherocyte,1957.0,40.637,0.7755,225517.0,4682.8177,2481.8276
20110627_3,47,3,spherocyte,2687.0,55.795,0.7255,265552.0,5514.1368,2922.4151
20110627_3,47,3,spherocyte,2920.0,60.633,0.7967,292277.0,6069.0764,3216.5253
20110627_3,47,3,spherocyte,1848.0,38.373,0.8093,260753.0,5414.4865,2869.6018
20110627_3,47,3,spherocyte,4464.0,92.694,0.4065,516206.0,10718.9195,5680.8769
20110627_3,47,3,spherocyte,2167.0,44.997,0.7455,257086.0,5338.3419,2829.2463
20110627_3,47,3,spherocyte,2218.0,46.056,0.6888,314938.0,6539.6277,3465.9109
20110627_3,47,3,spherocyte,1435.0,29.798,0.695,196199.0,4074.035,2159.1813
20110627_3,47,3,spherocyte,2075.0,43.087,0.784,273719.0,5683.723,3012.2934
20110627_3,47,3,spherocyte,1721.0,35.736,0.7664,235935.0,4899.1454,2596.4783
20110627_3,47,3,spherocyte,4668.0,96.93,0.2301,671526.0,13944.1098,7390.1824
20110627_3,47,3,spherocyte,1913.0,39.723,0.7698,233194.0,4842.2291,2566.3134
20110627_3,47,3,spherocyte,2019.0,41.924,0.7658,265648.0,5516.1302,2923.4716
20110627_3,47,3,spherocyte,4078.0,84.679,0.3748,535185.0,11113.0148,5889.7418
20110627_3,47,3,spherocyte,1809.0,37.564,0.8251,235496.0,4890.0297,2591.6471
20110627_3,47,3,spherocyte,1647.0,34.2,0.8575,230844.0,4793.4318,2540.4516
20110627_3,47,4,stomatocyte,842.0,17.484,0.6823,132184.0,2744.7756,1454.6926
20110627_3,47,4,stomatocyte,2117.0,43.959,0.6724,225462.0,4681.6756,2481.2223
20110627_3,47,4,stomatocyte,2409.0,50.022,0.4622,324668.0,6741.6693,3572.9901
20110627_4,47,1,discocyte,3553.0,73.777,0.7975,284656.0,5910.8278,3132.6557
20110627_4,47,1,discocyte,3085.0,64.059,0.7598,277719.0,5766.7823,3056.3136
20110627_4,47,1,discocyte,1682.0,34.926,0.2864,148900.0,3091.8802,1638.6531
20110627_4,47,2,echinocyte,1695.0,35.196,0.8012,202836.0,4211.851,2232.2219
20110627_4,47,2,echinocyte,1682.0,34.926,0.7303,210729.0,4375.7476,2319.0848
20110627_4,47,2,echinocyte,1516.0,31.479,0.7999,212170.0,4405.6697,2334.9431
20110627_4,47,2,echinocyte,1726.0,35.84,0.7639,215789.0,4480.8176,2374.7704
20110627_4,47,2,echinocyte,1306.0,27.119,0.7932,176423.0,3663.3901,1941.5453
20110627_4,47,2,echinocyte,1306.0,27.119,0.747,159783.0,3317.8636,1758.4211
20110627_4,47,2,echinocyte,1602.0,33.265,0.6864,212848.0,4419.7483,2342.4045
20110627_4,47,2,echinocyte,1309.0,27.181,0.5366,194973.0,4048.5773,2145.6891
20110627_4,47,2,echinocyte,1368.0,28.406,0.7667,210115.0,4362.9981,2312.3277
20110627_4,47,2,echinocyte,1743.0,36.193,0.8495,217409.0,4514.4566,2392.5986
20110627_4,47,2,echinocyte,1641.0,34.075,0.7646,211270.0,4386.9814,2325.0386
20110627_4,47,2,echinocyte,1416.0,29.403,0.6403,191914.0,3985.0577,2112.0247
20110627_4,47,2,echinocyte,1505.0,31.251,0.7611,217719.0,4520.8937,2396.0102
20110627_4,47,2,echinocyte,1294.0,26.87,0.4161,198299.0,4117.6411,2182.292
20110627_4,47,2,echinocyte,1573.0,32.663,0.4994,225811.0,4688.9225,2485.0631
20110627_4,47,2,echinocyte,793.0,16.466,0.5362,110589.0,2296.3596,1217.0383
20110627_4,47,2,echinocyte,1590.0,33.016,0.7365,232750.0,4833.0095,2561.4272
20110627_4,47,2,echinocyte,1171.0,24.316,0.4304,161005.0,3343.2382,1771.8693
20110627_4,47,2,echinocyte,1519.0,31.542,0.8,252611.0,5245.4194,2779.9986
20110627_4,47,2,echinocyte,1816.0,37.709,0.477,219766.0,4563.3992,2418.5375
20110627_4,47,2,echinocyte,1196.0,24.835,0.6987,176956.0,3674.4577,1947.411
20110627_4,47,2,echinocyte,1636.0,33.971,0.8102,228360.0,4741.852,2513.115
20110627_4,47,3,spherocyte,1253.0,26.018,0.7448,169139.0,3512.1392,1861.3845
20110627_4,47,3,spherocyte,1033.0,21.45,0.8003,153600.0,3189.4748,1690.3769
20110627_4,47,3,spherocyte,2708.0,56.231,0.6681,288518.0,5991.0215,3175.1573
20110627_4,47,3,spherocyte,1463.0,30.379,0.8714,184227.0,3825.4387,2027.4288
20110627_4,47,3,spherocyte,3049.0,63.312,0.7684,281863.0,5852.8316,3101.9186
20110627_4,47,3,spherocyte,1625.0,33.743,0.8217,215376.0,4472.2417,2370.2253
20110627_4,47,3,spherocyte,1505.0,31.251,0.7715,168510.0,3499.0781,1854.4623
20110627_4,47,3,spherocyte,1678.0,34.843,0.8325,207872.0,4316.4226,2287.6434
20110627_4,47,3,spherocyte,749.0,15.553,0.6023,86838.0,1803.1746,955.6572
20110627_4,47,3,spherocyte,5496.0,114.123,0.4221,584622.0,12139.5648,6433.7989
20110627_4,47,3,spherocyte,1712.0,35.549,0.8048,200688.0,4167.2482,2208.583
20110627_4,47,3,spherocyte,1729.0,35.902,0.8242,229603.0,4767.6627,2526.7943
20110627_4,47,3,spherocyte,1469.0,30.504,0.7905,175981.0,3654.212,1936.6811
20110627_4,47,3,spherocyte,2727.0,56.626,0.3988,353127.0,7332.6151,3886.183
20110627_4,47,3,spherocyte,3031.0,62.938,0.7717,286817.0,5955.7005,3156.4377
20110627_4,47,3,spherocyte,1511.0,31.376,0.8364,223547.0,4641.911,2460.1476
20110627_4,47,3,spherocyte,1768.0,36.712,0.8514,237306.0,4927.614,2611.5662
20110627_4,47,4,stomatocyte,1556.0,32.31,0.6452,219053.0,4548.5939,2410.6909
20110627_5,47,1,discocyte,1872.0,38.872,0.6783,127883.0,2655.4662,1407.3598
20110627_5,47,1,discocyte,3022.0,62.751,0.7728,223289.0,4636.5537,2457.3083
20110627_5,47,1,discocyte,1808.0,37.543,0.7892,124847.0,2592.4242,1373.9484
20110627_5,47,1,discocyte,1793.0,37.231,0.6869,129270.0,2684.267,1422.6238
20110627_5,47,1,discocyte,2731.0,56.709,0.5745,196264.0,4075.3847,2159.8967
20110627_5,47,1,discocyte,3628.0,75.335,0.7348,243352.0,5053.158,2678.1028
20110627_5,47,1,discocyte,7729.0,160.491,0.4089,524463.0,10890.3745,5771.7456
20110627_5,47,1,discocyte,3802.0,78.948,0.7418,271425.0,5636.0886,2987.0478
20110627_5,47,1,discocyte,2085.0,43.295,0.7147,166267.0,3452.5027,1829.7779
20110627_5,47,2,echinocyte,796.0,16.529,0.4672,95566.0,1984.4098,1051.7094
20110627_5,47,2,echinocyte,1089.0,22.613,0.7562,165513.0,3436.846,1821.4801
20110627_5,47,2,echinocyte,1652.0,34.303,0.7855,180931.0,3756.9978,1991.1561
20110627_5,47,2,echinocyte,1732.0,35.965,0.8305,189319.0,3931.1731,2083.4665
20110627_5,47,2,echinocyte,1940.0,40.284,0.7237,225541.0,4683.316,2482.0917
20110627_5,47,2,echinocyte,1470.0,30.524,0.7388,183875.0,3818.1294,2023.555
20110627_5,47,2,echinocyte,1656.0,34.387,0.7509,177173.0,3678.9637,1949.7991
20110627_5,47,2,echinocyte,2031.0,42.173,0.587,209037.0,4340.6136,2300.4643
20110627_5,47,2,echinocyte,1906.0,39.578,0.8429,238984.0,4962.4574,2630.0327
20110627_5,47,2,echinocyte,1785.0,37.065,0.7629,211174.0,4384.988,2323.9821
20110627_5,47,2,echinocyte,1609.0,33.411,0.7979,199098.0,4134.2321,2191.085
20110627_5,47,2,echinocyte,1767.0,36.691,0.8209,212535.0,4413.2489,2338.96
20110627_5,47,2,echinocyte,1808.0,37.543,0.8257,211339.0,4388.4142,2325.7979
20110627_5,47,2,echinocyte,1803.0,37.439,0.7669,202073.0,4196.0075,2223.825
20110627_5,47,2,echinocyte,1637.0,33.992,0.7938,196187.0,4073.7858,2159.0493
20110627_5,47,2,echinocyte,1566.0,32.518,0.7968,200604.0,4165.5039,2207.6586
20110627_5,47,2,echinocyte,1940.0,40.284,0.8229,255087.0,5296.8331,2807.2472
20110627_5,47,2,echinocyte,1736.0,36.048,0.7975,205967.0,4276.8656,2266.6787
20110627_5,47,2,echinocyte,1751.0,36.359,0.2727,199779.0,4148.373,2198.5794
20110627_5,47,2,echinocyte,1827.0,37.937,0.7787,222934.0,4629.1822,2453.4015
20110627_5,47,2,echinocyte,1803.0,37.439,0.7828,212644.0,4415.5123,2340.1595
20110627_5,47,2,echinocyte,1749.0,36.318,0.8344,188576.0,3915.7448,2075.2898
20110627_5,47,2,echinocyte,1666.0,34.594,0.6111,204894.0,4254.585,2254.8703
20110627_5,47,2,echinocyte,1082.0,22.468,0.2253,127351.0,2644.4193,1401.5051
20110627_5,47,2,echinocyte,1670.0,34.677,0.7498,173543.0,3603.5874,1909.8507
20110627_5,47,2,echinocyte,1499.0,31.126,0.6546,184019.0,3821.1196,2025.1397
20110627_5,47,2,echinocyte,1499.0,31.126,0.3556,181165.0,3761.8568,1993.7313
20110627_5,47,3,spherocyte,2647.0,54.964,0.5047,265517.0,5513.4101,2922.0299
20110627_5,47,3,spherocyte,1610.0,33.431,0.779,194483.0,4038.4025,2140.2967
20110627_5,47,3,spherocyte,2926.0,60.758,0.8374,239225.0,4967.4617,2632.6849
20110627_5,47,3,spherocyte,2077.0,43.129,0.7318,259076.0,5379.6639,2851.1463
20110627_5,47,3,spherocyte,1774.0,36.837,0.8068,217538.0,4517.1352,2394.0183
20110627_5,47,3,spherocyte,1785.0,37.065,0.8282,230827.0,4793.0788,2540.2645
20110627_5,47,3,spherocyte,3194.0,66.323,0.415,406500.0,8440.8953,4473.556
20110627_5,47,3,spherocyte,2287.0,47.489,0.8214,252790.0,5249.1363,2781.9686
20110627_6,47,1,discocyte,3101.0,64.392,0.7708,253529.0,5264.4815,2790.1013
20110627_6,47,1,discocyte,3104.0,64.454,0.7468,268200.0,5569.122,2951.5565
20110627_6,47,1,discocyte,3489.0,72.448,0.7996,306667.0,6367.882,3374.8881
20110627_6,47,2,echinocyte,1545.0,32.082,0.7517,186950.0,3881.9812,2057.3956
20110627_6,47,2,echinocyte,1601.0,33.244,0.7661,207559.0,4309.9232,2284.1988
20110627_6,47,2,echinocyte,1451.0,30.13,0.226,197768.0,4106.6149,2176.4483
20110627_6,47,2,echinocyte,1598.0,33.182,0.711,241592.0,5016.612,2658.7339
20110627_6,47,2,echinocyte,1668.0,34.636,0.7992,229279.0,4760.9349,2523.2286
20110627_6,47,2,echinocyte,1600.0,33.224,0.719,205724.0,4271.8198,2264.0045
20110627_6,47,2,echinocyte,1808.0,37.543,0.7931,213227.0,4427.6181,2346.5755
20110627_6,47,2,echinocyte,1640.0,34.054,0.7888,222266.0,4615.3113,2446.0502
20110627_6,47,2,echinocyte,1690.0,35.093,0.7291,204527.0,4246.9643,2250.8315
20110627_6,47,2,echinocyte,1609.0,33.411,0.7165,248529.0,5160.6575,2735.076
20110627_6,47,2,echinocyte,1880.0,39.038,0.7279,260952.0,5418.6187,2871.7918
20110627_6,47,2,echinocyte,1838.0,38.166,0.7229,227516.0,4724.3265,2503.8267
20110627_6,47,2,echinocyte,1773.0,36.816,0.7511,278439.0,5781.7329,3064.2373
20110627_6,47,2,echinocyte,1108.0,23.007,0.535,163745.0,3400.1338,1802.0232
20110627_6,47,2,echinocyte,1368.0,28.406,0.6474,201948.0,4193.4118,2222.4494
20110627_6,47,2,echinocyte,1330.0,27.617,0.7903,191712.0,3980.8633,2109.8016
20110627_6,47,2,echinocyte,1417.0,29.424,0.5589,223318.0,4637.1558,2457.6275
20110627_6,47,2,echinocyte,1480.0,30.732,0.8276,199179.0,4135.9141,2191.9764
20110627_6,47,2,echinocyte,1558.0,32.352,0.7879,239323.0,4969.4966,2633.7634
20110627_6,47,2,echinocyte,1679.0,34.864,0.7903,242770.0,5041.0729,2671.6979
20110627_6,47,3,spherocyte,2094.0,43.482,0.8208,212326.0,4408.909,2336.6599
20110627_6,47,3,spherocyte,2413.0,50.105,0.8286,215703.0,4479.0318,2373.824
20110627_6,47,3,spherocyte,1811.0,37.605,0.5398,218209.0,4531.0684,2401.4027
20110627_6,47,3,spherocyte,2059.0,42.755,0.7984,231331.0,4803.5443,2545.811
20110627_6,47,3,spherocyte,2663.0,55.297,0.7889,218397.0,4534.9722,2403.4716
20110627_6,47,3,spherocyte,1663.0,34.532,0.8435,221218.0,4593.5497,2434.5169
20110627_6,47,3,spherocyte,1671.0,34.698,0.7326,208766.0,4334.9863,2297.4819
20110627_6,47,3,spherocyte,2464.0,51.164,0.7492,239919.0,4981.8725,2640.3225
20110627_6,47,3,spherocyte,2305.0,47.863,0.7173,248477.0,5159.5777,2734.5037
20110627_6,47,3,spherocyte,2290.0,47.551,0.7419,282642.0,5869.0074,3110.4915
20110627_6,47,3,spherocyte,1483.0,30.794,0.7756,215733.0,4479.6548,2374.1541
20110627_6,47,3,spherocyte,2043.0,42.423,0.8167,272380.0,5655.9189,2997.5576
20110627_6,47,3,spherocyte,2509.0,52.099,0.7611,276513.0,5741.7399,3043.0415
