stem,storage_day,pred_class,area_um2,circularity,sum_I,npix,I_bg,dry_mass_pg
20110511_1,0,1,90.161,0.5328,332835.0,4342.0,49.0,50.360998539866195
20110511_1,0,1,32.746,0.793,108684.0,1577.0,49.0,16.444889405581797
20110511_1,0,1,54.508,0.9056,222323.0,2625.0,49.0,33.639515911423594
20110511_1,0,1,53.407,0.8552,182385.0,2572.0,49.0,27.596528966885984
20110511_1,0,1,50.583,0.8335,171509.0,2436.0,49.0,25.95089007638593
20110511_1,0,1,43.648,0.8901,165996.0,2102.0,49.0,25.116722440920064
20110511_1,0,1,48.818,0.8883,173963.0,2351.0,49.0,26.3222028602483
20110511_1,0,1,53.719,0.8934,179500.0,2587.0,49.0,27.160001916583237
20110511_1,0,1,66.011,0.8842,208043.0,3179.0,49.0,31.47882049432717
20110511_1,0,1,49.275,0.8736,157934.0,2373.0,49.0,23.896867647318427
20110511_1,0,1,44.312,0.89,141426.0,2134.0,49.0,21.399055326210036
20110511_1,0,1,46.825,0.8951,172967.0,2255.0,49.0,26.171498894181912
20110511_1,0,4,41.675,0.8785,154713.0,2007.0,49.0,23.409500704848707
20110511_1,0,4,153.66,0.3144,504604.0,7400.0,49.0,76.35122900900038
20110511_1,0,4,128.223,0.4283,496135.0,6175.0,49.0,75.06979136982744
20110511_1,0,3,48.361,0.7102,162440.0,2329.0,49.0,24.57866691548625
20110511_1,0,1,65.908,0.8696,197091.0,3174.0,49.0,29.821682104408396
20110511_1,0,1,53.116,0.8674,176091.0,2558.0,49.0,26.644188843972476
20110511_1,0,4,43.212,0.8862,164159.0,2081.0,49.0,24.83876743523336
20110511_1,0,1,55.982,0.9096,188142.0,2696.0,49.0,28.467616047854058
20110511_1,0,1,52.701,0.8554,162935.0,2538.0,49.0,24.65356497091081
20110511_1,0,1,28.261,0.7913,122777.0,1361.0,49.0,18.577290001740057
20110511_1,0,1,53.615,0.8411,189089.0,2582.0,49.0,28.610905862979433
20110511_1,0,1,48.382,0.8655,149293.0,2330.0,49.0,22.58940482525048
20110511_1,0,1,46.617,0.8926,124086.0,2245.0,49.0,18.77535374830723
20110511_1,0,1,53.822,0.8714,139217.0,2592.0,49.0,21.06481329705275
20110511_1,0,1,41.197,0.8551,154087.0,1984.0,49.0,23.31478114384714
20110511_1,0,1,59.657,0.8885,148222.0,2873.0,49.0,22.42735266896825
20110511_1,0,4,37.065,0.8802,153111.0,1785.0,49.0,23.167103361838308
20110511_1,0,1,53.158,0.8864,150300.0,2560.0,49.0,22.74177319254853
20110511_1,0,1,44.478,0.8984,136826.0,2142.0,49.0,20.70303299297169
20110511_1,0,1,54.632,0.8867,119188.0,2631.0,49.0,18.03424127261127
20110511_1,0,4,75.169,0.5039,257642.0,3620.0,49.0,38.98360564786818
20110511_1,0,1,59.657,0.9126,129247.0,2873.0,49.0,19.556260544360075
20110511_1,0,1,36.92,0.7352,146073.0,1778.0,49.0,22.10218919198364
20110511_1,0,1,52.556,0.8365,167569.0,2531.0,49.0,25.354731817047
20110511_1,0,1,56.646,0.8843,143536.0,2728.0,49.0,21.718317744282405
20110511_1,0,1,51.372,0.8749,160870.0,2474.0,49.0,24.34111146696794
20110511_1,0,1,59.678,0.8586,139664.0,2874.0,49.0,21.132448510739174
20110511_1,0,1,59.99,0.8668,161102.0,2889.0,49.0,24.376215202035617
20110511_1,0,1,49.026,0.866,172496.0,2361.0,49.0,26.100232259626416
20110511_1,0,1,55.837,0.8931,145831.0,2689.0,49.0,22.06557236488719
20110511_1,0,1,58.038,0.8682,113882.0,2795.0,49.0,17.23139464214113
20110511_1,0,1,51.227,0.887,131159.0,2467.0,49.0,19.845563740262623
20110511_2,0,1,76.02,0.8936,263462.0,3661.0,44.0,39.86422520861756
20110511_2,0,1,148.551,0.4383,479678.0,7154.0,44.0,72.57969581806582
20110511_2,0,1,69.354,0.9011,281766.0,3340.0,44.0,42.63378885809467
20110511_2,0,1,63.935,0.8474,230432.0,3079.0,44.0,34.8664822375605
20110511_2,0,1,65.368,0.872,215315.0,3148.0,44.0,32.57914101765527
20110511_2,0,1,65.139,0.914,254939.0,3137.0,44.0,38.574616872489216
20110511_2,0,1,70.31,0.8833,232562.0,3386.0,44.0,35.18877083969043
20110511_2,0,4,56.916,0.905,237608.0,2741.0,44.0,35.95227707741231
20110511_2,0,1,72.511,0.8993,242715.0,3492.0,44.0,36.725013176509755
20110511_2,0,1,73.715,0.8326,224182.0,3550.0,44.0,33.920799719573616
20110511_2,0,1,78.636,0.8953,265256.0,3787.0,44.0,40.13567391858052
20110511_2,0,1,76.851,0.8672,249802.0,3701.0,44.0,37.79734149730544
20110511_2,0,1,67.444,0.9026,214998.0,3248.0,44.0,32.53117600034297
20110511_2,0,1,68.607,0.9011,217039.0,3304.0,44.0,32.839998083416766
20110511_2,0,4,43.689,0.8477,222645.0,2104.0,44.0,33.68823747475028
20110511_2,0,1,51.414,0.9139,183161.0,2476.0,44.0,27.713944908319238
20110511_2,0,1,66.8,0.901,207706.0,3217.0,44.0,31.427829292957316
20110511_2,0,3,53.386,0.6709,209332.0,2571.0,44.0,31.673858056836785
20110511_2,0,1,67.34,0.8616,216262.0,3243.0,44.0,32.72243083278064
20110511_2,0,1,72.199,0.8756,240554.0,3477.0,44.0,36.398033989090614
20110511_2,0,1,66.364,0.8756,185209.0,3196.0,44.0,28.023826155813175
20110511_2,0,1,61.921,0.9042,164911.0,2982.0,44.0,24.95255195579754
20110511_2,0,1,45.371,0.8313,150205.0,2185.0,44.0,22.727398818275127
20110511_2,0,1,73.757,0.8871,218009.0,3552.0,44.0,32.98676801020833
20110511_2,0,4,118.11,0.4746,366650.0,5688.0,44.0,55.47751923518242
20110511_2,0,1,71.597,0.833,205149.0,3448.0,44.0,31.040931661198524
20110511_2,0,1,66.614,0.8973,169152.0,3208.0,44.0,25.594254285202716
20110511_2,0,4,60.529,0.8569,195958.0,2915.0,44.0,29.65024877754773
20110511_2,0,1,73.445,0.89,228411.0,3537.0,44.0,34.56068633854426
20110511_2,0,1,72.635,0.8859,223889.0,3498.0,44.0,33.876466123130385
20110511_2,0,1,25.022,0.7016,77149.0,1205.0,44.0,11.67335369282719
20110511_2,0,1,70.434,0.8849,237563.0,3392.0,44.0,35.945468163282804
20110511_2,0,1,67.756,0.9038,144294.0,3263.0,44.0,21.833010120063854
20110511_2,0,1,43.793,0.7445,136246.0,2109.0,44.0,20.61527365530251
20110511_3,0,1,60.301,0.8303,211617.0,2904.0,61.0,32.019599585412784
20110511_3,0,1,59.097,0.8303,247211.0,2846.0,61.0,37.4052993526488
20110511_3,0,1,69.479,0.9167,228451.0,3346.0,61.0,34.56673870665937
20110511_3,0,1,160.72,0.5639,562154.0,7740.0,61.0,85.05907363462359
20110511_3,0,1,76.124,0.8616,276632.0,3666.0,61.0,41.85696741051952
20110511_3,0,1,71.265,0.8327,250198.0,3432.0,61.0,37.85725994164509
20110511_3,0,1,81.087,0.9338,275451.0,3905.0,61.0,41.67827124192072
20110511_3,0,1,68.295,0.8719,251799.0,3289.0,61.0,38.09950597545261
20110511_3,0,1,129.614,0.5029,466421.0,6242.0,61.0,70.57378971551348
20110511_3,0,1,145.914,0.4648,501317.0,7027.0,61.0,75.85387565914073
20110511_3,0,1,92.279,0.8729,291925.0,4444.0,61.0,44.17093905013127
20110511_3,0,1,90.015,0.8685,258222.0,4335.0,61.0,39.071364985537365
20110511_3,0,1,147.326,0.5834,524464.0,7095.0,61.0,79.3562297781555
20110511_3,0,1,71.41,0.8971,225917.0,3439.0,61.0,34.18332118656677
20110511_3,0,1,76.165,0.8851,252974.0,3668.0,61.0,38.27729428883414
20110511_3,0,1,76.082,0.8681,222783.0,3664.0,61.0,33.70911814474743
20110511_3,0,1,84.534,0.8564,222015.0,4071.0,61.0,33.5929126769372
20110511_3,0,1,74.13,0.9134,244972.0,3570.0,61.0,37.066518047405175
20110511_3,0,1,79.633,0.8938,248034.0,3835.0,61.0,37.52982682661731
20110511_3,0,1,77.951,0.8778,225277.0,3754.0,61.0,34.086483296724914
20110511_3,0,1,59.844,0.9039,188293.0,2882.0,61.0,28.49046373748862
20110511_3,0,1,87.897,0.8601,255637.0,4233.0,61.0,38.68023069609799
20110511_3,0,1,71.909,0.8825,217005.0,3463.0,61.0,32.834853570518916
20110511_3,0,1,83.454,0.8661,231584.0,4019.0,61.0,35.04079043927584
20110511_3,0,1,84.949,0.8806,255259.0,4091.0,61.0,38.62303581741014
20110511_3,0,1,72.76,0.8535,242632.0,3504.0,61.0,36.71245451267089
20110511_3,0,1,82.769,0.8845,230762.0,3986.0,61.0,34.9164142745102
20110511_3,0,1,66.406,0.8193,209752.0,3198.0,61.0,31.737407922045502
20110511_3,0,1,71.41,0.8571,229141.0,3439.0,61.0,34.671142056645124
20110511_3,0,1,73.217,0.8761,199634.0,3526.0,61.0,30.2064614073269
20110511_3,0,1,70.102,0.8283,191540.0,3376.0,61.0,28.98176471923317
20110511_3,0,1,80.879,0.8987,223139.0,3895.0,61.0,33.762984220971965
20110511_3,0,1,78.989,0.8921,177592.0,3804.0,61.0,26.871303957492206
20110511_3,0,1,59.99,0.8113,182052.0,2889.0,61.0,27.546143002327643
20110511_4,0,1,156.421,0.4168,578610.0,7533.0,70.0,87.54901787718232
20110511_4,0,1,50.189,0.8654,173565.0,2417.0,70.0,26.261981797502894
20110511_4,0,1,53.656,0.8825,164505.0,2584.0,70.0,24.89112041942911
20110511_4,0,1,46.368,0.8705,143026.0,2233.0,70.0,21.641150050814677
20110511_4,0,1,65.118,0.834,220963.0,3136.0,70.0,33.43373539550965
20110511_4,0,4,44.852,0.8938,174247.0,2160.0,70.0,26.365174673865624
20110511_4,0,1,57.269,0.9025,193731.0,2758.0,70.0,29.31328318273865
20110511_4,0,1,48.071,0.9011,163606.0,2315.0,70.0,24.75509344604188
20110511_4,0,1,50.542,0.9242,223889.0,2434.0,70.0,33.876466123130385
20110511_4,0,1,52.016,0.9049,189399.0,2505.0,70.0,28.657811715871585
20110511_4,0,1,45.163,0.8866,183255.0,2175.0,70.0,27.72816797338976
20110511_4,0,1,67.859,0.8409,212103.0,3268.0,70.0,32.09313585801145
20110511_4,0,1,56.356,0.9069,200429.0,2714.0,70.0,30.326752223614832
20110511_4,0,1,43.336,0.8959,199652.0,2087.0,70.0,30.2091849729787
20110511_4,0,1,63.893,0.8762,212591.0,3077.0,70.0,32.166974749015864
20110511_4,0,1,42.589,0.8769,155005.0,2051.0,70.0,23.453682992089053
20110511_4,0,1,55.504,0.8384,191050.0,2673.0,70.0,28.907623209822997
20110511_4,0,1,62.274,0.8685,199448.0,2999.0,70.0,30.178317895591608
20110511_4,0,1,62.772,0.8447,167313.0,3023.0,70.0,25.315996661110262
20110511_4,0,1,83.038,0.5159,268501.0,3999.0,70.0,40.62667228191931
20110511_4,0,1,52.307,0.8468,171590.0,2519.0,70.0,25.963146121819044
20110511_4,0,1,120.124,0.4655,374576.0,5785.0,70.0,56.67679597719266
20110511_4,0,1,59.927,0.8843,195295.0,2886.0,70.0,29.549930776039684
20110511_4,0,1,122.762,0.5144,402916.0,5912.0,70.0,60.964898786752386
20110511_4,0,1,52.971,0.8576,176957.0,2551.0,70.0,26.775222613664738
20110511_4,0,1,59.657,0.8682,169385.0,2873.0,70.0,25.62950932947327
20110511_4,0,1,52.037,0.9226,164454.0,2506.0,70.0,24.88340365008234
20110511_4,0,1,101.021,0.4674,323150.0,4865.0,70.0,48.89556890999373
20110511_4,0,4,36.588,0.8763,130939.0,1762.0,70.0,19.812275715629486
20110511_4,0,1,58.889,0.8599,145571.0,2836.0,70.0,22.026231972138934
20110511_4,0,1,51.268,0.9114,136185.0,2469.0,70.0,20.606043793926954
20110511_4,0,1,55.193,0.8736,200827.0,2658.0,70.0,30.386973286360234
20110511_4,0,1,48.361,0.8948,132513.0,2329.0,70.0,20.050436400959303
20110511_4,0,1,53.552,0.8875,193122.0,2579.0,70.0,29.221135878186008
20110511_4,0,1,60.509,0.9108,157236.0,2914.0,70.0,23.791253823709653
20110511_4,0,1,59.367,0.9051,178946.0,2859.0,70.0,27.076176618188885
20110511_4,0,1,57.643,0.874,187118.0,2776.0,70.0,28.312675424107088
20110511_4,0,1,32.954,0.7839,68316.0,1587.0,70.0,10.336839503806688
20110511_5,0,1,65.222,0.8067,204743.0,3141.0,65.0,30.979500124830093
20110511_5,0,1,54.57,0.7292,176803.0,2628.0,65.0,26.75192099642154
20110511_5,0,1,70.455,0.859,215595.0,3393.0,65.0,32.62150759446108
20110511_5,0,4,152.684,0.4856,492443.0,7353.0,65.0,74.51115779280222
20110511_5,0,1,78.159,0.8428,212959.0,3764.0,65.0,32.22265653567493
20110511_5,0,1,80.131,0.848,220542.0,3859.0,65.0,33.37003422109805
20110511_5,0,1,79.052,0.8891,211445.0,3807.0,65.0,31.99357440251779
20110511_5,0,1,68.69,0.8884,200148.0,3308.0,65.0,30.28423433760614
20110511_5,0,1,88.458,0.8782,225312.0,4260.0,65.0,34.09177911882564
20110511_5,0,1,148.676,0.4591,349753.0,7160.0,65.0,52.920847634154526
20110511_5,0,1,82.021,0.8478,210456.0,3950.0,65.0,31.843929600871547
20110511_5,0,1,71.95,0.9003,164435.0,3465.0,65.0,24.88052877522766
20110511_5,0,1,72.656,0.8731,169942.0,3499.0,65.0,25.71378855547626
20110511_5,0,1,68.586,0.8919,191156.0,3303.0,65.0,28.923661985328053
20110511_5,0,3,76.311,0.8422,154027.0,3675.0,65.0,23.305702591674468
20110511_5,0,1,65.555,0.8444,178112.0,3157.0,65.0,26.94998474298871
20110511_5,0,1,93.566,0.861,209448.0,4506.0,65.0,31.69140992437062
20110511_5,0,1,83.308,0.8947,217639.0,4012.0,65.0,32.9307836051435
20110511_5,0,1,70.268,0.8426,154465.0,3384.0,65.0,23.371976022534987
20110511_5,0,1,86.527,0.8134,208496.0,4167.0,65.0,31.547363563230856
20110511_5,0,1,82.582,0.8957,219855.0,3977.0,65.0,33.26608479872093
20110511_5,0,1,79.425,0.8565,226149.0,3825.0,65.0,34.218424921634444
20110511_5,0,1,87.98,0.8885,214461.0,4237.0,65.0,32.449922958397536
20110511_5,0,1,96.349,0.8703,191282.0,4640.0,65.0,28.942726944890666
20110511_6,0,1,92.258,0.4536,397381.0,4443.0,52.0,60.127402348823196
20110511_6,0,1,19.332,0.6756,83301.0,931.0,52.0,12.604207908932036
20110511_6,0,1,63.81,0.8862,239780.0,3073.0,52.0,36.28092066606312
20110511_6,0,1,55.504,0.8964,174297.0,2673.0,52.0,26.372740134009522
20110511_6,0,1,69.874,0.8892,264811.0,3365.0,52.0,40.068341323299855
20110511_6,0,4,48.278,0.8967,204115.0,2325.0,52.0,30.884477945422773
20110511_6,0,1,104.094,0.6555,464715.0,5013.0,52.0,70.31565621540378
20110511_6,0,1,59.221,0.8841,259618.0,2852.0,52.0,39.28259263275491
20110511_6,0,1,31.438,0.7348,120328.0,1514.0,52.0,18.20673376389208
20110511_6,0,1,54.819,0.9197,199991.0,2640.0,52.0,30.26047879275431
20110511_6,0,3,47.24,0.7958,179826.0,2275.0,52.0,27.209328716721433
20110511_6,0,1,57.996,0.9044,203962.0,2793.0,52.0,30.861327637382452
20110511_6,0,1,52.182,0.9021,186538.0,2513.0,52.0,28.224916086437908
20110511_6,0,1,58.017,0.8897,195466.0,2794.0,52.0,29.575804649731808
20110511_6,0,1,63.229,0.9075,221916.0,3045.0,52.0,33.577933065852285
20110511_6,0,1,63.499,0.9041,206805.0,3058.0,52.0,31.291499701164327
20110511_6,0,1,60.841,0.8791,171083.0,2930.0,52.0,25.886432355959947
20110511_6,0,1,58.183,0.8831,185530.0,2802.0,52.0,28.07239640993698
20110511_6,0,1,67.589,0.8722,174999.0,3255.0,52.0,26.478959194429805
20110511_6,0,1,43.253,0.8896,141695.0,2083.0,52.0,21.43975750178419
20110511_6,0,1,59.325,0.9187,170761.0,2857.0,52.0,25.83771079263326
20110511_6,0,1,53.49,0.8526,134267.0,2576.0,52.0,20.315832742807142
20110511_6,0,1,53.137,0.8668,139683.0,2559.0,52.0,21.13532338559385
20110511_6,0,1,106.067,0.5117,338014.0,5108.0,52.0,51.14462890157085
20110511_6,0,1,107.063,0.4646,341617.0,5156.0,52.0,51.68979595953993
20110511_6,0,1,50.604,0.8827,141375.0,2437.0,52.0,21.39133855686326
20110511_6,0,1,50.811,0.873,139021.0,2447.0,52.0,21.03515669328868
20110511_6,0,1,52.099,0.9097,171594.0,2509.0,52.0,25.963751358630553
20110511_6,0,1,57.788,0.8927,152725.0,2783.0,52.0,23.108698009527437
20110511_6,0,1,61.755,0.9048,148649.0,2974.0,52.0,22.491961698597116
20110511_6,0,1,103.492,0.5932,355529.0,4984.0,52.0,53.794809589977284
20110511_6,0,1,36.629,0.8127,91672.0,1764.0,52.0,13.870817246222945
20110516_1,5,1,85.738,0.876,251103.0,4129.0,50.0,37.99419477024959
20110516_1,5,1,73.819,0.876,251281.0,3555.0,50.0,38.021127808361854
20110516_1,5,1,74.504,0.8785,240893.0,3588.0,50.0,36.449327808866215
20110516_1,5,1,81.626,0.8698,201953.0,3931.0,50.0,30.55734744880075
20110516_1,5,1,88.479,0.8903,274052.0,4261.0,50.0,41.46658966709454
20110516_1,5,1,85.821,0.8228,240026.0,4133.0,50.0,36.31814272997108
20110516_1,5,4,57.664,0.9104,244551.0,2777.0,50.0,37.002816872993584
20110516_1,5,1,85.759,0.8644,229804.0,4130.0,50.0,34.771460058153174
20110516_1,5,1,72.843,0.8807,239769.0,3508.0,50.0,36.27925626483146
20110516_1,5,1,55.629,0.9038,212368.0,2679.0,50.0,32.13323279677409
20110516_1,5,1,79.82,0.8959,268680.0,3844.0,50.0,40.65375662923446
20110516_1,5,1,86.61,0.8363,264237.0,4171.0,50.0,39.98148984084794
20110516_1,5,1,85.842,0.8669,269685.0,4134.0,50.0,40.80582237812674
20110516_1,5,1,79.612,0.8853,258900.0,3834.0,50.0,39.17395262508858
20110516_1,5,1,71.784,0.8672,204995.0,3457.0,50.0,31.017630043955325
20110516_1,5,1,196.29,0.4692,605030.0,9453.0,50.0,91.54660701721649
20110516_1,5,1,72.615,0.8837,206880.0,3497.0,50.0,31.30284789138017
20110516_1,5,1,76.311,0.8655,249508.0,3675.0,50.0,37.75285659165934
20110516_1,5,1,76.248,0.855,218522.0,3672.0,50.0,33.06438963128469
20110516_1,5,4,76.747,0.8873,287252.0,3696.0,50.0,43.463871145082834
20110516_1,5,1,73.694,0.8469,205865.0,3549.0,50.0,31.149269050459104
20110516_1,5,1,95.227,0.8345,273690.0,4586.0,50.0,41.41181573565274
20110516_1,5,1,62.73,0.8953,204453.0,3021.0,50.0,30.935620455995505
20110516_1,5,1,129.24,0.5548,404274.0,6224.0,50.0,61.17037668426057
20110516_1,5,1,68.337,0.8859,226298.0,3291.0,50.0,34.240969992863256
20110516_1,5,4,63.063,0.9134,229948.0,3037.0,50.0,34.79324858336759
20110516_1,5,4,56.646,0.8962,236881.0,2728.0,50.0,35.84227528692008
20110516_1,5,1,55.234,0.8699,169628.0,2660.0,50.0,25.666277465772602
20110516_1,5,1,56.854,0.874,220401.0,2738.0,50.0,33.34869962349227
20110516_1,5,1,71.265,0.936,199085.0,3432.0,50.0,30.12339265494693
20110516_1,5,1,66.323,0.8827,164610.0,3194.0,50.0,24.907007885731293
20110516_1,5,1,133.954,0.456,340235.0,6451.0,50.0,51.48068664116267
20110516_1,5,1,69.583,0.9325,160478.0,3351.0,50.0,24.281798259439807
20110516_1,5,1,45.101,0.83,113607.0,2172.0,50.0,17.189784611349705
20110516_2,5,3,31.064,0.5268,98194.0,1496.0,52.0,14.857655867392616
20110516_2,5,1,64.142,0.8887,220001.0,3089.0,52.0,33.288175942341105
20110516_2,5,1,72.926,0.8798,228590.0,3512.0,52.0,34.587770685859404
20110516_2,5,1,67.735,0.8974,183095.0,3262.0,52.0,27.703958500929293
20110516_2,5,3,65.783,0.7358,230892.0,3168.0,52.0,34.93608447088433
20110516_2,5,1,156.733,0.4456,506406.0,7548.0,52.0,76.62388819258636
20110516_2,5,1,78.657,0.8884,218085.0,3788.0,52.0,32.99826750962705
20110516_2,5,1,72.781,0.8885,236073.0,3505.0,52.0,35.72001745099473
20110516_2,5,1,58.058,0.8803,209826.0,2796.0,52.0,31.748604803058466
20110516_2,5,1,79.052,0.9027,242491.0,3807.0,52.0,36.6911199150651
20110516_2,5,1,79.508,0.8853,223413.0,3829.0,52.0,33.804442942560506
20110516_2,5,1,86.153,0.8949,268812.0,4149.0,52.0,40.673729444014334
20110516_2,5,1,125.835,0.559,430394.0,6060.0,52.0,65.12257306343135
20110516_2,5,1,63.063,0.8807,200778.0,3037.0,52.0,30.379559135419218
20110516_2,5,1,38.124,0.811,111023.0,1836.0,52.0,16.798801631113207
20110516_2,5,1,69.417,0.901,235678.0,3343.0,52.0,35.660250315857965
20110516_2,5,1,74.774,0.8611,221389.0,3601.0,52.0,33.498193115935635
20110516_2,5,1,69.396,0.8899,213200.0,3342.0,52.0,32.259122053568504
20110516_2,5,1,77.017,0.8888,244294.0,3709.0,52.0,36.96393040785396
20110516_2,5,1,21.035,0.6529,57394.0,1013.0,52.0,8.684240389974253
20110516_2,5,1,134.577,0.5036,427337.0,6481.0,52.0,64.6600208302336
20110516_2,5,1,69.479,0.885,197893.0,3346.0,52.0,29.94303208511647
20110516_2,5,1,69.687,0.8869,250163.0,3356.0,52.0,37.85196411954436
20110516_2,5,1,77.183,0.8725,207547.0,3717.0,52.0,31.403771129699727
20110516_2,5,4,60.529,0.9006,240929.0,2915.0,52.0,36.45477494016982
20110516_2,5,1,72.677,0.8853,206468.0,3500.0,52.0,31.240508499794473
20110516_2,5,1,55.92,0.8712,210553.0,2693.0,52.0,31.8586065935507
20110516_2,5,1,189.5,0.4267,546893.0,9126.0,52.0,82.74994388950394
20110516_2,5,1,39.266,0.7522,102143.0,1891.0,52.0,15.455175909557445
20110516_2,5,4,62.793,0.8781,262032.0,3024.0,52.0,39.64785304850217
20110516_2,5,1,132.729,0.5269,378958.0,6392.0,52.0,57.339832904203625
20110516_2,5,3,58.038,0.5757,169889.0,2795.0,52.0,25.70576916772373
20110516_2,5,4,62.274,0.8648,206574.0,2999.0,52.0,31.25654727529953
20110516_2,5,1,186.966,0.3556,540063.0,9004.0,52.0,81.71650203384787
20110516_2,5,1,62.377,0.881,209389.0,3004.0,52.0,31.68248268140082
20110516_2,5,4,46.534,0.8713,157137.0,2241.0,52.0,23.776274212624735
20110516_2,5,1,53.428,0.7869,127424.0,2573.0,52.0,19.28042386751366
20110516_2,5,1,34.387,0.6829,91866.0,1656.0,52.0,13.900171231581258
20110516_2,5,1,25.811,0.6051,78580.0,1243.0,52.0,11.889877162145464
20110516_3,5,1,73.071,0.8383,196948.0,3519.0,57.0,29.800044888396855
20110516_3,5,1,148.967,0.4843,492917.0,7174.0,57.0,74.58287835496635
20110516_3,5,1,128.43,0.4629,359497.0,6185.0,57.0,54.3952045069968
20110516_3,5,1,64.433,0.8848,205108.0,3103.0,57.0,31.03472798388053
20110516_3,5,1,59.865,0.8592,192239.0,2883.0,57.0,29.08752985204482
20110516_3,5,1,76.851,0.875,230680.0,3701.0,57.0,34.90400691987421
20110516_3,5,1,77.266,0.8745,221637.0,3721.0,57.0,33.53571779824936
20110516_3,5,1,72.054,0.8881,225221.0,3470.0,57.0,34.07800998136375
20110516_3,5,4,58.723,0.8965,195732.0,2828.0,57.0,29.61605289769733
20110516_3,5,1,82.332,0.8817,235038.0,3965.0,57.0,35.56341242601611
20110516_3,5,1,62.876,0.8851,219071.0,3028.0,57.0,33.14745838366466
20110516_3,5,1,61.63,0.8775,188052.0,2968.0,57.0,28.453998219595046
20110516_3,5,1,116.781,0.7736,431021.0,5624.0,57.0,65.21744393363579
20110516_3,5,1,82.332,0.8923,238396.0,3965.0,57.0,36.0715087292801
20110516_3,5,1,123.551,0.5536,377582.0,5950.0,57.0,57.13163144104364
20110516_3,5,1,82.187,0.8863,221888.0,3958.0,57.0,33.573696408171706
20110516_3,5,1,154.116,0.5359,422113.0,7422.0,57.0,63.86958155439945
20110516_3,5,1,60.343,0.9313,196271.0,2906.0,57.0,29.69760855804852
20110516_3,5,1,62.71,0.8737,183989.0,3020.0,57.0,27.839228928302134
20110516_3,5,1,81.564,0.8735,205444.0,3928.0,57.0,31.085567876047502
20110516_3,5,1,87.358,0.8865,246289.0,4207.0,57.0,37.26579226759537
20110516_3,5,1,71.348,0.8841,193605.0,3436.0,57.0,29.29421822317603
20110516_3,5,4,123.031,0.611,389293.0,5925.0,57.0,58.90361351594674
20110516_3,5,1,74.67,0.8973,224336.0,3596.0,57.0,33.944101336816814
20110516_3,5,1,41.53,0.7609,97873.0,2000.0,57.0,14.80908561326881
20110516_3,5,1,72.739,0.864,219534.0,3503.0,57.0,33.21751454459713
20110516_3,5,1,138.647,0.4542,358292.0,6677.0,57.0,54.212876917528924
20110516_3,5,1,62.855,0.832,159607.0,3027.0,57.0,24.150007943733154
20110516_3,5,1,70.725,0.9058,180847.0,3406.0,57.0,27.36381541285977
20110516_3,5,1,28.095,0.7272,75230.0,1353.0,57.0,11.382991332504497
20110516_3,5,1,77.619,0.8581,175153.0,3738.0,57.0,26.502260811673004
20110516_3,5,1,56.356,0.897,186898.0,2714.0,57.0,28.279387399473954
20110516_3,5,1,65.804,0.8904,182504.0,3169.0,57.0,27.614534762028452
20110516_3,5,1,60.405,0.8492,150799.0,2909.0,57.0,22.8172764847846
20110516_3,5,1,67.922,0.8533,163528.0,3271.0,57.0,24.743291328217403
20110516_3,5,1,81.004,0.8848,184687.0,3901.0,57.0,27.94484275191091
20110516_3,5,4,61.132,0.8926,193456.0,2944.0,57.0,29.271673151947226
20110516_3,5,1,65.887,0.8838,207131.0,3173.0,57.0,31.340826501302523
20110516_3,5,1,60.612,0.8679,147669.0,2919.0,57.0,22.34367867977677
20110516_3,5,1,84.762,0.8553,132633.0,4082.0,57.0,20.068593505304648
20110516_3,5,1,128.015,0.4376,308697.0,6165.0,57.0,46.708697000799425
20110516_3,5,1,125.752,0.5421,313048.0,6056.0,57.0,47.367043342521164
20110516_3,5,1,62.315,0.8881,156643.0,3001.0,57.0,23.701527466403054
20110516_3,5,1,128.41,0.4795,286485.0,6184.0,57.0,43.347816986475486
20110516_3,5,1,71.348,0.8756,163816.0,3436.0,57.0,24.78686837864624
20110516_3,5,1,74.566,0.8953,170538.0,3591.0,57.0,25.80396884039149
20110516_3,5,1,41.28,0.7865,109997.0,1988.0,57.0,16.643558388960482
20110516_3,5,1,34.096,0.7578,75285.0,1642.0,57.0,11.391313338662782
20110516_5,5,1,44.063,0.7426,143841.0,2122.0,67.0,21.764467051160167
20110516_5,5,1,70.704,0.8874,270112.0,3405.0,67.0,40.87043140775561
20110516_5,5,1,71.722,0.8755,200594.0,3454.0,67.0,30.35171824208968
20110516_5,5,1,70.434,0.8671,204890.0,3392.0,67.0,31.001742577653147
20110516_5,5,1,68.005,0.903,200666.0,3275.0,67.0,30.362612504696894
20110516_5,5,1,35.446,0.7394,118328.0,1707.0,67.0,17.904115358136274
20110516_5,5,1,81.543,0.8679,232665.0,3927.0,67.0,35.20435568758685
20110516_5,5,1,153.867,0.4774,435393.0,7410.0,67.0,65.87896776861797
20110516_5,5,1,62.959,0.8694,169001.0,3032.0,67.0,25.571406595568153
20110516_5,5,1,76.788,0.855,215050.0,3698.0,67.0,32.53904407889262
20110516_5,5,1,65.596,0.8666,202746.0,3159.0,67.0,30.67733564668293
20110516_5,5,1,64.932,0.8835,179385.0,3127.0,67.0,27.14260135825228
20110516_5,5,1,75.978,0.8702,204449.0,3659.0,67.0,30.935015219183988
20110516_5,5,1,57.788,0.8557,133904.0,2783.0,67.0,20.26090750216246
20110516_5,5,1,32.663,0.7876,106351.0,1573.0,67.0,16.091885035267655
20110516_5,5,1,81.398,0.8523,178640.0,3920.0,67.0,27.029876002108242
20110516_5,5,1,69.334,0.8776,183223.0,3339.0,67.0,27.723326078897667
20110516_5,5,1,70.372,0.8928,186923.0,3389.0,67.0,28.283170129545898
20110516_5,5,1,69.271,0.8844,204333.0,3336.0,67.0,30.917463351650156
20110516_5,5,4,48.216,0.8807,197322.0,2322.0,67.0,29.856634530273194
20110516_5,5,1,74.359,0.8704,198359.0,3581.0,67.0,30.013542173657573
20110516_5,5,1,64.329,0.8843,150512.0,3098.0,67.0,22.773850743558643
20110516_5,5,1,72.428,0.8803,194090.0,3488.0,67.0,29.367603186571817
20110516_5,5,4,55.961,0.9129,205259.0,2695.0,67.0,31.05757567351509
20110516_5,5,1,48.673,0.7992,137257.0,2344.0,67.0,20.768247259412064
20110516_5,5,1,77.764,0.8764,166554.0,3745.0,67.0,25.201152976125933
20110516_5,5,1,122.99,0.5085,381994.0,5923.0,67.0,57.799207644140935
20110516_5,5,1,74.836,0.8644,144528.0,3604.0,67.0,21.868416473537284
20110516_5,5,1,65.305,0.8644,178289.0,3145.0,67.0,26.976766471898102
20110516_5,5,1,69.894,0.868,212216.0,3366.0,67.0,32.11023379793665
20110516_5,5,1,101.145,0.537,269626.0,4871.0,67.0,40.79689513515695
20110516_5,5,1,76.186,0.8945,143539.0,3669.0,67.0,21.718771671891037
20110516_5,5,1,66.364,0.8804,140271.0,3196.0,67.0,21.22429319688606
20110516_5,5,1,72.905,0.8241,157267.0,3511.0,67.0,23.795944408998864
20110516_5,5,1,34.553,0.7634,64907.0,1664.0,67.0,9.821026431195923
20110516_5,5,1,68.524,0.8931,165395.0,3300.0,67.0,25.025785609990447
20110516_5,5,1,64.018,0.8501,122318.0,3083.0,67.0,18.5078390776191
20110516_5,5,1,74.068,0.8726,142316.0,3567.0,67.0,21.533720516771364
20110516_5,5,1,118.214,0.5041,259033.0,5693.0,67.0,39.19407674907134
20110516_5,5,1,81.626,0.8784,158242.0,3931.0,67.0,23.94347088180482
20110516_5,5,1,62.897,0.9313,169073.0,3029.0,67.0,25.582300858175362
20110516_5,5,1,77.93,0.8846,150561.0,3753.0,67.0,22.781264894499664
20110516_5,5,1,42.526,0.8124,107040.0,2048.0,67.0,16.19613707605053
20110516_5,5,1,62.772,0.8377,128383.0,3023.0,67.0,19.42552939307357
20110516_5,5,1,46.306,0.7538,73536.0,2230.0,67.0,11.126673542829332
20110516_6,5,1,75.792,0.8875,196288.0,3650.0,70.0,29.700180814497443
20110516_6,5,4,50.334,0.867,159253.0,2424.0,70.0,24.096444485914375
20110516_6,5,1,77.723,0.8661,171595.0,3743.0,70.0,25.963902667833434
20110516_6,5,4,120.913,0.6107,314916.0,5823.0,70.0,47.64968893349708
20110516_6,5,1,70.538,0.8957,163428.0,3397.0,70.0,24.728160407929614
20110516_6,5,1,72.531,0.8634,172800.0,3493.0,70.0,26.1462302573013
20110516_6,5,1,57.83,0.8684,135502.0,2785.0,70.0,20.502699608361347
20110516_6,5,1,73.964,0.8777,152390.0,3562.0,70.0,23.05800942656334
20110516_6,5,4,121.059,0.5863,286855.0,5830.0,70.0,43.403801391540306
20110516_6,5,4,52.992,0.8728,214878.0,2552.0,70.0,32.513018895997625
20110516_6,5,1,77.806,0.8627,153748.0,3747.0,70.0,23.26348732407153
20110516_6,5,1,64.89,0.9135,127656.0,3125.0,70.0,19.315527602581337
20110516_6,5,1,79.488,0.9276,149730.0,3828.0,70.0,22.65552694690812
20110516_6,5,4,43.544,0.6404,150261.0,2097.0,70.0,22.735872133636292
20110516_6,5,1,75.854,0.8963,180194.0,3653.0,70.0,27.265010503380505
20110516_6,5,1,70.372,0.8841,147285.0,3389.0,70.0,22.285575945871656
20110516_6,5,4,54.695,0.7806,187726.0,2634.0,70.0,28.40467141945685
20110516_6,5,1,139.249,0.4989,286529.0,6706.0,70.0,43.35447459140211
20110516_6,5,1,71.452,0.8454,112910.0,3441.0,70.0,17.084322096943808
20110516_6,5,1,61.277,0.8766,135195.0,2951.0,70.0,20.456247683077834
20110516_6,5,1,68.067,0.8662,121809.0,3278.0,70.0,18.43082269335425
20110516_6,5,1,82.582,0.8588,136957.0,3977.0,70.0,20.722854498548696
20110516_6,5,1,77.474,0.8713,144783.0,3731.0,70.0,21.90700032027115
20110516_6,5,1,73.715,0.8874,132214.0,3550.0,70.0,20.00519494929881
20110516_6,5,1,68.545,0.9135,150975.0,3301.0,70.0,22.843906904491114
20110516_6,5,4,56.584,0.8833,133618.0,2725.0,70.0,20.21763307013938
20110516_6,5,1,78.512,0.8716,88357.0,3781.0,70.0,13.369227238682704
20110516_6,5,1,143.796,0.586,216733.0,6925.0,70.0,32.79369746733613
20110516_6,5,1,61.443,0.8533,119468.0,2959.0,70.0,18.076607849417083
20110516_6,5,4,47.51,0.8472,126986.0,2288.0,70.0,19.214150436653142
20110516_6,5,3,66.551,0.8335,155060.0,3205.0,70.0,23.462004998247338
20110516_6,5,4,49.545,0.7993,127093.0,2386.0,70.0,19.23034052136108
20110516_6,5,1,73.86,0.8857,130579.0,3557.0,70.0,19.75780440259344
20110516_7,5,1,27.098,0.6258,92494.0,1305.0,73.0,13.995193410988579
20110516_7,5,1,53.926,0.7638,203249.0,2597.0,73.0,30.75344417573051
20110516_7,5,1,33.888,0.6348,123075.0,1632.0,73.0,18.62238014419767
20110516_7,5,1,70.497,0.8697,234258.0,3395.0,73.0,35.44539124777135
20110516_7,5,1,68.399,0.8972,233352.0,3294.0,73.0,35.30830510996397
20110516_7,5,1,70.912,0.8415,238336.0,3415.0,73.0,36.06243017710742
20110516_7,5,1,67.756,0.8899,224312.0,3263.0,73.0,33.94046991594774
20110516_7,5,1,66.447,0.9012,284105.0,3200.0,73.0,42.98770108362608
20110516_7,5,1,72.178,0.8885,227800.0,3476.0,73.0,34.46823641558586
20110516_7,5,1,131.234,0.4688,538432.0,6320.0,73.0,81.46971672395402
20110516_7,5,1,55.567,0.8739,276471.0,2676.0,73.0,41.83260662885618
20110516_7,5,1,52.016,0.9016,187730.0,2505.0,73.0,28.405276656268367
20110516_7,5,1,75.086,0.9051,214854.0,3616.0,73.0,32.509387475128555
20110516_7,5,1,45.039,0.7713,174354.0,2169.0,73.0,26.38136475857356
20110516_7,5,1,55.94,0.8724,187281.0,2694.0,73.0,28.337338824176186
20110516_7,5,1,69.541,0.9196,234229.0,3349.0,73.0,35.441003280887884
20110516_7,5,1,76.892,0.8728,198546.0,3703.0,73.0,30.041836994595744
20110516_7,5,1,59.782,0.8688,178035.0,2879.0,73.0,26.938333934367115
20110516_7,5,1,62.377,0.8881,180886.0,3004.0,73.0,27.36971647177201
20110516_7,5,1,68.441,0.892,183213.0,3296.0,73.0,27.721812986868883
20110516_7,5,1,68.192,0.8753,201949.0,3284.0,73.0,30.55674221198924
20110516_7,5,1,75.459,0.8889,230063.0,3634.0,73.0,34.810649141698555
20110516_7,5,1,72.718,0.9019,207624.0,3502.0,73.0,31.41542193832133
20110516_7,5,1,70.144,0.8975,238291.0,3378.0,73.0,36.05562126297792
20110516_7,5,1,69.313,0.8774,218518.0,3338.0,73.0,33.06378439447318
20110516_7,5,1,69.562,0.8825,189287.0,3350.0,73.0,28.640865085149255
20110516_7,5,1,37.397,0.7955,126592.0,1801.0,73.0,19.15453461071925
20110516_7,5,1,61.505,0.8938,189647.0,2962.0,73.0,28.695336398185297
20110516_7,5,1,66.074,0.9082,217279.0,3182.0,73.0,32.87631229210746
20110516_7,5,1,73.964,0.8658,193711.0,3562.0,73.0,29.31025699868109
20110516_7,5,1,66.177,0.8664,224992.0,3187.0,73.0,34.043360173904716
20110516_7,5,1,78.2,0.8426,205034.0,3766.0,73.0,31.02353110286756
20110516_7,5,1,35.238,0.7841,110641.0,1697.0,73.0,16.74100151561385
20110516_7,5,1,74.878,0.8848,200212.0,3606.0,73.0,30.293918126590324
20110516_7,5,1,85.655,0.8793,250297.0,4125.0,73.0,37.87223955273
20110516_7,5,1,197.162,0.353,490686.0,9495.0,73.0,74.24530752334576
20110516_7,5,1,69.687,0.8908,217158.0,3356.0,73.0,32.85800387855924
20110516_7,5,1,79.446,0.8703,179560.0,3826.0,73.0,27.16908046875591
20110516_7,5,1,66.842,0.8676,115627.0,3219.0,73.0,17.495429201163066
20110516_7,5,1,61.443,0.9249,168839.0,2959.0,73.0,25.546894504701935
20110516_7,5,1,87.544,0.8542,189831.0,4216.0,73.0,28.723177291514837
20110516_7,5,1,56.999,0.8711,150501.0,2745.0,73.0,22.772186342326986
20110516_7,5,1,76.954,0.8648,165285.0,3706.0,73.0,25.009141597673874
20110516_7,5,1,55.214,0.8757,106340.0,2659.0,73.0,16.090220634035997
20110516_7,5,1,80.817,0.9108,156905.0,3892.0,73.0,23.741170477557066
20110516_7,5,1,54.964,0.8644,138811.0,2647.0,73.0,21.003381760684324
20110516_7,5,1,57.145,0.8272,162791.0,2752.0,73.0,24.63177644569639
20110516_7,5,4,24.606,0.7088,84962.0,1185.0,73.0,12.855532494912229
20110519_1,8,1,28.302,0.647,89494.0,1363.0,36.0,13.541265802354877
20110519_1,8,1,60.633,0.8385,179585.0,2920.0,36.0,27.172863198827862
20110519_1,8,1,40.907,0.6937,115558.0,1970.0,36.0,17.48498886616449
20110519_1,8,1,73.362,0.8797,198723.0,3533.0,36.0,30.06861872350513
20110519_1,8,1,72.448,0.8852,209037.0,3489.0,36.0,31.629221841987803
20110519_1,8,1,52.493,0.9075,188744.0,2528.0,36.0,28.558704187986557
20110519_1,8,1,75.355,0.8565,216849.0,3629.0,36.0,32.81124933486996
20110519_1,8,1,138.667,0.4899,473761.0,6678.0,36.0,71.68439926463728
20110519_1,8,1,70.268,0.8669,184855.0,3384.0,36.0,27.9702626979944
20110519_1,8,1,68.815,0.8825,224190.0,3314.0,36.0,33.92201019319664
20110519_1,8,1,69.707,0.8528,202027.0,3357.0,36.0,30.568544329813715
20110519_1,8,1,64.869,0.8958,207839.0,3124.0,36.0,31.447953416940077
20110519_1,8,1,68.379,0.8876,218379.0,3293.0,36.0,33.042752415273156
20110519_1,8,1,140.349,0.4348,478106.0,6759.0,36.0,72.34183775114177
20110519_1,8,1,142.592,0.5494,520293.0,6867.0,36.0,78.72511909295177
20110519_1,8,1,36.193,0.7753,130731.0,1743.0,36.0,19.78080340143088
20110519_1,8,1,68.316,0.8567,218109.0,3290.0,36.0,33.00189893049612
20110519_1,8,1,67.714,0.875,223471.0,3261.0,36.0,33.813218876327426
20110519_1,8,1,68.794,0.9065,254680.0,3313.0,36.0,38.53542778894384
20110519_1,8,1,67.693,0.8681,239197.0,3260.0,36.0,36.192707400785295
20110519_1,8,1,73.653,0.865,257350.0,3547.0,36.0,38.939423360627835
20110519_1,8,1,68.981,0.8563,231105.0,3322.0,36.0,34.96831333109732
20110519_1,8,1,81.419,0.902,258231.0,3921.0,36.0,39.07272676836327
20110519_1,8,4,55.525,0.8776,272756.0,2674.0,36.0,41.27049294016478
20110519_1,8,1,57.435,0.9155,226345.0,2766.0,36.0,34.24808152539851
20110519_1,8,1,80.36,0.8814,278573.0,3870.0,36.0,42.150658573305535
20110519_1,8,1,63.499,0.8835,223406.0,3058.0,36.0,33.803383778140365
20110519_1,8,1,50.625,0.8679,181507.0,2438.0,36.0,27.463679486759187
20110519_1,8,1,48.071,0.8986,208171.0,2315.0,36.0,31.498188072295537
20110519_1,8,1,78.782,0.8684,311447.0,3794.0,36.0,47.12479730871365
20110519_1,8,1,59.055,0.8718,228941.0,2844.0,36.0,34.64088021606954
20110519_1,8,1,68.275,0.9078,254765.0,3288.0,36.0,38.548289071188464
20110519_1,8,1,61.526,0.886,284014.0,2963.0,36.0,42.973931946164186
20110519_1,8,1,72.095,0.8645,210940.0,3472.0,36.0,31.917163255064445
20110519_1,8,1,54.425,0.7346,250964.0,2621.0,36.0,37.97316279104956
20110519_1,8,1,67.091,0.8921,214169.0,3231.0,36.0,32.40574067115719
20110519_1,8,1,71.68,0.8957,281439.0,3452.0,36.0,42.584310748753595
20110519_1,8,1,67.527,0.8959,269880.0,3252.0,36.0,40.83532767268793
20110519_1,8,1,79.259,0.8711,254600.0,3817.0,36.0,38.52332305271361
20110519_1,8,1,30.192,0.7366,119770.0,1454.0,36.0,18.12230322868621
20110519_1,8,1,68.773,0.8811,254466.0,3312.0,36.0,38.50304761952797
20110519_1,8,1,68.524,0.876,297847.0,3300.0,36.0,45.0669921495742
20110519_1,8,1,54.051,0.8676,219995.0,2603.0,36.0,33.28726808712384
20110519_1,8,1,60.467,0.8758,222353.0,2912.0,36.0,33.644055187509935
20110519_1,8,1,56.543,0.8774,244209.0,2723.0,36.0,36.95106912560934
20110519_1,8,1,71.722,0.8574,243540.0,3454.0,36.0,36.84984326888402
20110519_1,8,1,53.324,0.7907,220608.0,2568.0,36.0,33.380020628488
20110519_10,8,1,30.358,0.7014,61071.0,1462.0,55.0,9.240604328956294
20110519_10,8,1,56.231,0.8639,127806.0,2708.0,55.0,19.33822398301302
20110519_10,8,4,106.793,0.5425,265039.0,5143.0,55.0,40.10283982155602
20110519_10,8,1,70.6,0.8702,153257.0,3400.0,55.0,23.18919450545848
20110519_10,8,1,61.443,0.8819,134872.0,2959.0,55.0,20.407374810548273
20110519_10,8,1,120.311,0.7162,300847.0,5794.0,55.0,45.520919758207896
20110519_10,8,4,108.268,0.8031,307057.0,5214.0,55.0,46.460549908079656
20110519_10,8,1,72.095,0.8832,163273.0,3472.0,55.0,24.704707481483542
20110519_10,8,1,73.341,0.8802,160557.0,3532.0,55.0,24.29375168646716
20110519_10,8,1,73.757,0.8929,174234.0,3552.0,55.0,26.363207654228212
20110519_10,8,1,186.032,0.4054,475684.0,8959.0,55.0,71.97536686177148
20110519_10,8,1,68.835,0.8895,144698.0,3315.0,55.0,21.894139038026527
20110519_10,8,1,135.615,0.5209,288594.0,6531.0,55.0,43.66692809534497
20110519_10,8,1,23.007,0.6874,67001.0,1108.0,55.0,10.137867902022249
20110519_10,8,4,173.885,0.3722,475424.0,8374.0,55.0,71.93602646902323
20110519_10,8,1,70.953,0.8925,176012.0,3417.0,55.0,26.63223541694512
20110519_10,8,1,68.088,0.8798,141567.0,3279.0,55.0,21.42038992381582
20110519_10,8,1,61.713,0.8778,156081.0,2972.0,55.0,23.616491694385672
20110519_10,8,1,62.024,0.8546,154359.0,2987.0,55.0,23.35593724702993
20110519_10,8,1,83.038,0.8973,215316.0,3999.0,55.0,32.579292326858145
20110519_10,8,1,74.234,0.8956,181170.0,3575.0,55.0,27.412688285389333
20110519_10,8,1,65.804,0.8818,146936.0,3169.0,55.0,22.232769034067267
20110519_10,8,1,79.093,0.8554,154937.0,3809.0,55.0,23.443393966293357
20110519_10,8,1,67.88,0.8859,153726.0,3269.0,55.0,23.260158521608215
20110519_10,8,1,71.784,0.8801,150076.0,3457.0,55.0,22.70787993110388
20110519_10,8,3,64.973,0.6789,160888.0,3129.0,55.0,24.343835032619744
20110519_10,8,1,75.169,0.8947,190735.0,3620.0,55.0,28.85996081091646
20110519_10,8,1,55.899,0.8973,161593.0,2692.0,55.0,24.450508020648662
20110519_10,8,1,67.486,0.8982,198622.0,3250.0,55.0,30.05333649401446
20110519_10,8,1,57.851,0.9089,160758.0,2786.0,55.0,24.324164836245618
20110519_10,8,1,63.374,0.8627,154097.0,3052.0,55.0,23.316294235875915
20110519_10,8,1,149.32,0.5489,369691.0,7191.0,55.0,55.93765052113412
20110519_10,8,1,139.726,0.566,325385.0,6729.0,55.0,49.23374497842583
20110519_10,8,1,175.94,0.3167,439163.0,8473.0,55.0,66.44940346346766
20110519_10,8,1,76.394,0.8798,204565.0,3679.0,55.0,30.952567086717828
20110519_10,8,1,133.019,0.4408,350287.0,6406.0,55.0,53.001646748491325
20110519_10,8,1,61.318,0.8632,170039.0,2953.0,55.0,25.72846554815542
20110519_10,8,1,66.468,0.86,134560.0,3201.0,55.0,20.360166339250366
20110519_10,8,1,44.79,0.7978,103975.0,2157.0,55.0,15.732374369229763
20110519_10,8,1,31.396,0.6167,67469.0,1512.0,55.0,10.208680608969106
20110519_4,8,1,41.862,0.6908,76182.0,2016.0,57.0,11.527037693644258
20110519_4,8,1,59.761,0.803,134757.0,2878.0,57.0,20.389974252217314
20110519_4,8,1,67.88,0.7975,139800.0,3269.0,57.0,21.153026562330567
20110519_4,8,1,145.312,0.4925,311790.0,6998.0,57.0,47.176696365300764
20110519_4,8,1,76.02,0.8345,171418.0,3661.0,57.0,25.937120938924043
20110519_4,8,1,71.016,0.849,162282.0,3420.0,57.0,24.55476006143154
20110519_4,8,3,63.873,0.887,149130.0,3076.0,57.0,22.56474142518138
20110519_4,8,1,71.223,0.8948,160762.0,3430.0,57.0,24.324770073057127
20110519_4,8,1,67.361,0.8693,181276.0,3244.0,57.0,27.428727060894392
20110519_4,8,1,133.31,0.5072,301859.0,6420.0,57.0,45.674044671520335
20110519_4,8,1,69.168,0.8898,167558.0,3331.0,57.0,25.353067415815346
20110519_4,8,1,55.11,0.8753,116709.0,2654.0,57.0,17.659145758676956
20110519_4,8,1,73.134,0.8835,187080.0,3522.0,57.0,28.30692567439773
20110519_4,8,3,48.61,0.8444,133117.0,2341.0,57.0,20.141827159497552
20110519_4,8,1,36.359,0.746,82217.0,1751.0,57.0,12.440188733012391
20110519_4,8,1,73.923,0.9209,160807.0,3560.0,57.0,24.33157898718663
20110519_4,8,1,82.955,0.8761,178803.0,3995.0,57.0,27.05453940217734
20110519_4,8,1,75.169,0.9014,190542.0,3620.0,57.0,28.830758134761023
20110519_4,8,1,126.686,0.4194,280249.0,6101.0,57.0,42.40425279732889
20110519_4,8,1,60.903,0.8975,166362.0,2933.0,57.0,25.172101609173374
20110519_4,8,1,108.662,0.7493,296449.0,5233.0,57.0,44.85546188395089
20110519_4,8,1,72.822,0.9198,159532.0,3507.0,57.0,24.13865975351731
20110519_4,8,3,40.076,0.8458,176872.0,1930.0,57.0,26.762361331420117
20110519_4,8,1,120.187,0.5942,278297.0,5788.0,57.0,42.10889723331123
20110519_4,8,1,60.696,0.8884,148041.0,2923.0,57.0,22.39996570324735
20110519_4,8,1,72.781,0.8663,167732.0,3505.0,57.0,25.379395217116098
20110519_4,8,3,42.132,0.8344,170409.0,2029.0,57.0,25.784449953220243
20110519_4,8,1,70.247,0.8872,149162.0,3383.0,57.0,22.569583319673473
20110519_4,8,1,57.103,0.8504,127374.0,2750.0,57.0,19.272858407369768
20110519_4,8,1,56.792,0.8909,137910.0,2735.0,57.0,20.867052168891334
20110519_4,8,1,76.394,0.8592,177158.0,3679.0,57.0,26.805635763443195
20110519_4,8,1,71.618,0.8724,166007.0,3449.0,57.0,25.11838684215172
20110519_4,8,1,81.128,0.8792,205320.0,3907.0,57.0,31.066805534890648
20110519_4,8,1,73.964,0.8804,174694.0,3562.0,57.0,26.432809887552047
20110519_4,8,3,39.827,0.8547,148518.0,1918.0,57.0,22.47214019302011
20110519_4,8,1,86.942,0.8738,226597.0,4187.0,57.0,34.286211444523744
20110519_4,8,1,78.387,0.8702,183668.0,3775.0,57.0,27.790658674178328
20110519_4,8,1,64.703,0.8986,155893.0,3116.0,57.0,23.58804556424463
20110519_4,8,1,83.412,0.8587,221444.0,4017.0,57.0,33.506515122093916
20110519_4,8,1,65.326,0.8369,134389.0,3146.0,57.0,20.334292465558246
20110519_4,8,1,82.125,0.9061,177276.0,3955.0,57.0,26.82349024938279
20110519_4,8,1,76.934,0.929,174153.0,3705.0,57.0,26.3509516087951
20110519_4,8,1,50.874,0.7996,131195.0,2450.0,57.0,19.851010871566228
20110519_4,8,1,62.17,0.886,142020.0,2994.0,57.0,21.48893299271951
20110519_4,8,1,81.502,0.872,194650.0,3925.0,57.0,29.45233634018344
20110519_4,8,1,72.968,0.875,162531.0,3514.0,57.0,24.592436052948138
20110519_4,8,4,55.401,0.8359,166390.0,2668.0,57.0,25.176338266853957
20110519_5,8,1,43.544,0.7885,144260.0,2097.0,19.0,21.827865607166007
20110519_5,8,1,46.783,0.7486,130872.0,2253.0,19.0,19.802137999036667
20110519_5,8,1,68.96,0.8683,217137.0,3321.0,19.0,32.8548263852988
20110519_5,8,4,51.684,0.8903,198811.0,2489.0,19.0,30.08193393335839
20110519_5,8,1,58.411,0.8608,178696.0,2813.0,19.0,27.038349317469407
20110519_5,8,1,69.23,0.8763,214583.0,3334.0,19.0,32.46838268114864
20110519_5,8,1,60.529,0.8898,193809.0,2915.0,19.0,29.325085300563124
20110519_5,8,1,64.163,0.8961,209104.0,3090.0,19.0,31.639359558580622
20110519_5,8,4,114.123,0.6128,392003.0,5496.0,19.0,59.31366145574585
20110519_5,8,1,69.251,0.8616,193153.0,3335.0,19.0,29.225826463475226
20110519_5,8,1,132.666,0.4614,448461.0,6389.0,19.0,67.85627643182637
20110519_5,8,1,64.329,0.8696,198215.0,3098.0,19.0,29.991753648443158
20110519_5,8,1,53.407,0.8699,197112.0,2572.0,19.0,29.824859597668834
20110519_5,8,1,69.894,0.8707,229358.0,3366.0,19.0,34.70397615366963
20110519_5,8,1,69.562,0.8739,247598.0,3350.0,19.0,37.463856014162545
20110519_5,8,1,68.648,0.8775,217380.0,3306.0,19.0,32.89159452159813
20110519_5,8,1,38.02,0.8436,121348.0,1831.0,19.0,18.36106915082754
20110519_5,8,1,117.28,0.5535,424619.0,5648.0,19.0,64.24876241681147
20110519_5,8,3,112.275,0.5699,375011.0,5407.0,19.0,56.74261548044455
20110519_5,8,1,54.84,0.8825,224838.0,2641.0,19.0,34.02005855666152
20110519_5,8,1,68.669,0.8922,196549.0,3307.0,19.0,29.73967251644857
20110519_5,8,1,69.832,0.8831,237286.0,3363.0,19.0,35.903555514085625
20110519_5,8,1,65.721,0.8856,237201.0,3165.0,19.0,35.890694231841
20110519_5,8,1,76.145,0.8951,310013.0,3667.0,19.0,46.90781991178673
20110519_5,8,1,165.475,0.5375,666292.0,7969.0,19.0,100.81611140392245
20110519_5,8,4,102.64,0.5056,394474.0,4943.0,19.0,59.68754649605714
20110519_5,8,1,102.786,0.6352,384138.0,4950.0,19.0,58.12361457511115
20110519_5,8,1,44.644,0.8496,173643.0,2150.0,19.0,26.27378391532737
20110519_5,8,1,68.669,0.8712,241047.0,3307.0,19.0,36.472629426109414
20110519_5,8,1,76.041,0.8813,272806.0,3662.0,19.0,41.27805840030867
20110519_5,8,1,123.717,0.5616,423864.0,5958.0,19.0,64.13452396863865
20110519_5,8,1,57.872,0.8918,168066.0,2787.0,19.0,25.42993249087732
20110519_5,8,1,76.29,0.8922,236866.0,3674.0,19.0,35.84000564887691
20110519_5,8,1,71.389,0.8969,258940.0,3438.0,19.0,39.180004993203696
20110519_5,8,1,108.683,0.6725,405401.0,5234.0,19.0,61.34090215590397
20110519_5,8,1,77.66,0.8842,253101.0,3740.0,19.0,38.29651055759963
20110519_5,8,1,62.315,0.876,223541.0,3001.0,19.0,33.82381052052888
20110519_5,8,1,69.479,0.8834,231411.0,3346.0,19.0,35.01461394717796
20110519_7,8,1,41.841,0.8455,146198.0,2015.0,25.0,22.12110284234338
20110519_7,8,1,57.456,0.8373,125825.0,2767.0,25.0,19.038480452111898
20110519_7,8,1,36.338,0.6531,98625.0,1750.0,25.0,14.922870133832992
20110519_7,8,1,82.935,0.779,205309.0,3994.0,25.0,31.065141133658983
20110519_7,8,1,63.125,0.8534,153387.0,3040.0,25.0,23.20886470183261
20110519_7,8,4,50.936,0.8997,176038.0,2453.0,25.0,26.636169456219946
20110519_7,8,1,71.14,0.889,214461.0,3426.0,25.0,32.449922958397536
20110519_7,8,1,78.429,0.8802,181095.0,3777.0,25.0,27.40134009517349
20110519_7,8,1,53.885,0.8644,127994.0,2595.0,25.0,19.366670113154065
20110519_7,8,1,71.119,0.884,190630.0,3425.0,25.0,28.84407334461428
20110519_7,8,1,122.658,0.5304,321306.0,5907.0,25.0,48.61655473988688
20110519_7,8,1,59.325,0.8835,165370.0,2857.0,25.0,25.022002879918496
20110519_7,8,1,58.661,0.8686,146260.0,2825.0,25.0,22.13048401292181
20110519_7,8,1,56.729,0.924,149544.0,2732.0,25.0,22.62738343517284
20110519_7,8,1,31.853,0.7578,84662.0,1534.0,25.0,12.810139734048859
20110519_7,8,1,67.05,0.8875,197244.0,3229.0,25.0,29.844832412448717
20110519_7,8,1,71.597,0.8649,231251.0,3448.0,25.0,34.990404474717494
20110519_7,8,3,49.42,0.6584,181056.0,2380.0,25.0,27.39543903626125
20110519_7,8,1,127.787,0.5764,374973.0,6154.0,25.0,56.73686573073519
20110519_7,8,1,34.594,0.7484,102572.0,1666.0,25.0,15.520087557592067
20110519_7,8,3,51.995,0.7744,188915.0,2504.0,25.0,28.58457806167868
20110519_7,8,1,72.739,0.8927,221830.0,3503.0,25.0,33.56492047440479
20110519_7,8,1,43.565,0.8055,119031.0,2098.0,25.0,18.01048572775944
20110519_7,8,1,51.767,0.8739,160663.0,2493.0,25.0,24.309790461972216
20110519_7,8,1,74.857,0.8699,227726.0,3605.0,25.0,34.45703953457289
20110519_7,8,1,70.04,0.901,215147.0,3373.0,25.0,32.55372107157178
20110519_7,8,1,30.877,0.7931,107488.0,1487.0,25.0,16.263923598939826
20110519_7,8,4,44.79,0.8925,243324.0,2157.0,25.0,36.817160481062395
20110519_7,8,4,169.399,0.4054,667650.0,8158.0,25.0,101.02158930143064
20110519_7,8,1,62.855,0.897,178175.0,3027.0,25.0,26.95951722277002
20110519_7,8,1,63.395,0.8862,219120.0,3053.0,25.0,33.15487253460568
20110519_7,8,1,148.572,0.6133,678457.0,7155.0,25.0,102.65678785693213
20110519_7,8,1,38.124,0.7726,141760.0,1836.0,25.0,21.449592599971254
20110519_7,8,1,75.106,0.9045,230556.0,3617.0,25.0,34.885244578717355
20110519_7,8,1,69.707,0.8816,239768.0,3357.0,25.0,36.27910495562858
20110519_7,8,1,81.17,0.8822,495811.0,3909.0,25.0,75.02076718809501
20110519_7,8,1,71.929,0.8607,271440.0,3464.0,25.0,41.071370029177466
20110519_7,8,1,143.589,0.609,475078.0,6915.0,25.0,71.88367348482747
20110519_7,8,1,75.48,0.8911,261612.0,3635.0,25.0,39.58430318329345
20110519_7,8,1,79.965,0.8922,323198.0,3851.0,25.0,48.90283175173186
20110519_7,8,1,54.404,0.8711,206669.0,2620.0,25.0,31.27092164957293
20110519_7,8,1,75.688,0.8841,287701.0,3645.0,25.0,43.53180897717501
20110519_7,8,1,24.814,0.7037,87259.0,1195.0,25.0,13.203089733922768
20110519_7,8,1,68.815,0.8711,270465.0,3314.0,25.0,40.92384355637151
20110519_7,8,1,84.077,0.8993,234847.0,4049.0,25.0,35.53451236826643
20110519_7,8,1,109.41,0.4568,461278.0,5269.0,25.0,69.79560648511244
20110519_7,8,1,86.714,0.8551,274454.0,4176.0,25.0,41.52741596665146
20110519_7,8,1,47.884,0.8213,182793.0,2306.0,25.0,27.658263121660166
20110519_8,8,1,54.923,0.7455,124886.0,2645.0,25.0,18.896401110609553
20110519_8,8,4,51.746,0.8717,247746.0,2492.0,25.0,37.48624977618847
20110519_8,8,1,67.465,0.8841,208184.0,3249.0,25.0,31.500155091932953
20110519_8,8,1,115.598,0.458,342263.0,5567.0,25.0,51.78754170459904
20110519_8,8,1,61.402,0.8957,182581.0,2957.0,25.0,27.626185570650055
20110519_8,8,1,67.839,0.8951,207513.0,3267.0,25.0,31.39862661680188
20110519_8,8,1,74.899,0.8935,215473.0,3607.0,25.0,32.603047871709975
20110519_8,8,4,109.306,0.5725,373281.0,5264.0,25.0,56.48085055946578
20110519_8,8,1,67.901,0.889,156884.0,3270.0,25.0,23.737992984296625
20110519_8,8,1,183.852,0.3045,590172.0,8854.0,25.0,89.29845488085662
20110519_8,8,1,133.061,0.4417,428894.0,6408.0,25.0,64.8956092591145
20110519_8,8,1,60.239,0.8877,191538.0,2901.0,25.0,28.98146210082741
20110519_8,8,1,36.276,0.762,96074.0,1747.0,25.0,14.536880357291464
20110519_8,8,1,81.024,0.8806,230614.0,3902.0,25.0,34.894020512484275
20110519_8,8,1,74.027,0.8736,212509.0,3565.0,25.0,32.154567394379875
20110519_8,8,4,107.022,0.572,434797.0,5154.0,25.0,65.78878748370275
20110519_8,8,1,71.929,0.8808,224555.0,3464.0,25.0,33.977238052247074
20110519_8,8,1,67.839,0.8488,224855.0,3267.0,25.0,34.02263081311044
20110519_8,8,1,69.77,0.9044,259443.0,3360.0,25.0,39.25611352225128
20110519_8,8,1,66.883,0.8825,193470.0,3221.0,25.0,29.273791480787516
20110519_8,8,1,38.747,0.7821,122345.0,1866.0,25.0,18.511924426096805
20110519_8,8,1,44.914,0.889,199240.0,2163.0,25.0,30.146845581393002
20110519_8,8,1,62.647,0.8787,230248.0,3017.0,25.0,34.838641344230965
20110519_8,8,1,74.566,0.8957,243723.0,3591.0,25.0,36.87753285301068
20110519_8,8,1,66.925,0.877,193491.0,3223.0,25.0,29.27696897404795
20110519_8,8,1,76.145,0.9064,276841.0,3667.0,25.0,41.888591033921
20110519_8,8,1,63.478,0.8844,195866.0,3057.0,25.0,29.636328330882968
20110519_8,8,1,60.737,0.8706,222757.0,2925.0,25.0,33.705184105472604
20110519_8,8,1,141.118,0.4409,478323.0,6796.0,25.0,72.37467184816627
20110519_8,8,1,66.551,0.8488,214638.0,3205.0,25.0,32.47670468730692
20110519_8,8,1,81.626,0.8784,280264.0,3931.0,25.0,42.40652243537206
20110519_8,8,1,43.232,0.8581,162821.0,2082.0,25.0,24.636315721782726
20110519_8,8,1,64.475,0.8716,193019.0,3105.0,25.0,29.20555103028958
20110519_8,8,1,77.598,0.8872,278205.0,3737.0,25.0,42.09497678664646
20110519_8,8,1,61.09,0.889,207785.0,2942.0,25.0,31.43978271998467
20110519_8,8,1,61.775,0.87,257350.0,2975.0,25.0,38.939423360627835
20110519_8,8,1,59.823,0.9036,211799.0,2881.0,25.0,32.04713786033657
20110519_8,8,1,66.157,0.8576,219438.0,3186.0,25.0,33.20298886112085
20110519_8,8,1,61.235,0.8911,220463.0,2949.0,25.0,33.3580807940707
20110519_8,8,4,48.984,0.8598,237030.0,2359.0,25.0,35.86482035814889
20110519_8,8,1,62.876,0.8547,232986.0,3028.0,25.0,35.25292594171065
20110519_8,8,1,82.187,0.8809,272915.0,3958.0,25.0,41.294551103422364
20110519_8,8,1,100.73,0.5267,343109.0,4851.0,25.0,51.915549290233756
20110519_8,8,1,30.192,0.6643,104913.0,1454.0,25.0,15.874302401529233
20110523_2,12,1,28.116,0.6125,67820.0,1354.0,49.0,10.261790139179249
20110523_2,12,1,181.194,0.4363,532977.0,8726.0,49.0,80.64432502225507
20110523_2,12,1,75.978,0.9005,190313.0,3659.0,49.0,28.796108327301983
20110523_2,12,1,77.681,0.8916,185171.0,3741.0,49.0,28.018076406103816
20110523_2,12,1,80.858,0.8702,201606.0,3894.0,49.0,30.504843155402117
20110523_2,12,1,53.262,0.8719,150303.0,2565.0,49.0,22.74222712015716
20110523_2,12,1,82.727,0.8841,210389.0,3984.0,49.0,31.833791884278728
20110523_2,12,1,72.552,0.8935,139685.0,3494.0,49.0,21.135626003999608
20110523_2,12,1,40.948,0.76,104100.0,1972.0,49.0,15.751288019589499
20110523_2,12,1,64.703,0.8807,151988.0,3116.0,49.0,22.997183127006426
20110523_2,12,1,83.246,0.8827,221923.0,4009.0,49.0,33.57899223027243
20110523_2,12,1,67.091,0.8832,168293.0,3231.0,49.0,25.464279679930602
20110523_2,12,1,67.423,0.8819,162435.0,3247.0,49.0,24.57791036947186
20110523_2,12,1,122.824,0.7669,320428.0,5915.0,49.0,48.48370525976008
20110523_2,12,1,78.678,0.8753,194725.0,3789.0,49.0,29.463684530399284
20110523_2,12,1,176.792,0.3189,476437.0,8514.0,49.0,72.08930269153853
20110523_2,12,1,148.365,0.5138,332219.0,7145.0,49.0,50.267792070893414
20110523_2,12,1,68.524,0.8923,160610.0,3300.0,49.0,24.301771074219687
20110523_2,12,1,23.049,0.6503,54665.0,1110.0,49.0,8.271317575320461
20110523_2,12,1,67.299,0.9048,143656.0,3241.0,49.0,21.736474848627754
20110523_2,12,1,65.679,0.8928,160066.0,3163.0,49.0,24.219458867854108
20110523_2,12,1,70.891,0.9014,166511.0,3414.0,49.0,25.19464668040218
20110523_2,12,1,67.257,0.8951,147806.0,3239.0,49.0,22.364408040571043
20110523_2,12,1,67.091,0.8493,179918.0,3231.0,49.0,27.223249163386203
20110523_2,12,4,44.271,0.8477,150109.0,2132.0,49.0,22.712873134798848
20110523_2,12,4,40.616,0.8236,138152.0,1956.0,49.0,20.903668995987786
20110523_2,12,1,65.928,0.8492,189965.0,3175.0,49.0,28.743452724700475
20110523_2,12,1,79.155,0.8858,203722.0,3812.0,49.0,30.825013428691758
20110523_2,12,4,52.68,0.8427,167397.0,2537.0,49.0,25.328706634152002
20110523_2,12,1,36.733,0.7868,99759.0,1769.0,49.0,15.094454769896531
20110523_2,12,1,197.723,0.3423,561032.0,9522.0,49.0,84.88930470899459
20110523_2,12,3,39.142,0.6795,161678.0,1885.0,49.0,24.463369302893284
20110523_2,12,1,73.321,0.8846,185736.0,3531.0,49.0,28.10356610572983
20110523_2,12,1,81.938,0.8924,228173.0,3946.0,49.0,34.524674748259315
20110523_2,12,1,66.281,0.8611,129589.0,3192.0,49.0,19.60800829174432
20110523_2,12,1,68.711,0.8764,137997.0,3309.0,49.0,20.88021606954171
20110523_2,12,1,77.204,0.8983,208077.0,3718.0,49.0,31.483965007225017
20110523_2,12,1,62.087,0.8671,153534.0,2990.0,49.0,23.231107154655664
20110523_2,12,1,61.069,0.8866,180070.0,2941.0,49.0,27.246248162223644
20110523_2,12,1,47.219,0.8528,118868.0,2274.0,49.0,17.985822327690343
20110523_2,12,1,67.112,0.8863,187383.0,3232.0,49.0,28.352772362869732
20110523_2,12,1,64.599,0.893,119012.0,3111.0,49.0,18.00761085290476
20110523_2,12,3,59.408,0.6664,191826.0,2861.0,49.0,29.025039151256248
20110523_2,12,1,70.995,0.8694,149414.0,3419.0,49.0,22.60771323879871
20110523_2,12,1,38.623,0.808,89735.0,1860.0,49.0,13.57773132024845
20110523_2,12,1,56.086,0.8737,179773.0,2701.0,49.0,27.201309328968904
20110523_2,12,1,59.865,0.8251,123023.0,2883.0,49.0,18.61451206564802
20110523_3,12,1,52.514,0.7017,125721.0,2529.0,54.0,19.022744295012597
20110523_3,12,1,70.019,0.8695,174674.0,3372.0,54.0,26.42978370349449
20110523_3,12,1,79.135,0.8882,197612.0,3811.0,54.0,29.900514199107782
20110523_3,12,4,96.349,0.7123,329036.0,4640.0,54.0,49.78617487813305
20110523_3,12,3,56.937,0.6263,175301.0,2742.0,54.0,26.524654573698932
20110523_3,12,1,67.05,0.8739,137618.0,3229.0,54.0,20.822869881650988
20110523_3,12,1,75.625,0.8709,157728.0,3642.0,54.0,23.865697951525576
20110523_3,12,1,129.199,0.5968,291683.0,6222.0,54.0,44.134322223034815
20110523_3,12,4,41.218,0.7871,146299.0,1985.0,54.0,22.136385071834045
20110523_3,12,1,46.928,0.8159,101179.0,2260.0,54.0,15.30931383798315
20110523_3,12,1,69.604,0.8667,136646.0,3352.0,54.0,20.675797336453666
20110523_3,12,1,78.159,0.8861,183925.0,3764.0,54.0,27.829545139317954
20110523_3,12,1,53.013,0.9132,116534.0,2553.0,54.0,17.63266664817332
20110523_3,12,1,70.766,0.8723,151933.0,3408.0,54.0,22.98886112084814
20110523_3,12,1,70.787,0.8612,173971.0,3409.0,54.0,26.323413333871326
20110523_3,12,1,66.219,0.8833,161372.0,3189.0,54.0,24.417068686812648
20110523_3,12,1,124.838,0.48,306726.0,6012.0,54.0,46.41046656192708
20110523_3,12,1,74.795,0.8658,181081.0,3602.0,54.0,27.399221766333202
20110523_3,12,1,51.434,0.8519,106912.0,2477.0,54.0,16.176769498082155
20110523_3,12,1,126.915,0.4584,292887.0,6112.0,54.0,44.316498503299805
20110523_3,12,1,106.233,0.7924,325521.0,5116.0,54.0,49.25432303001723
20110523_3,12,1,64.495,0.8837,143092.0,3106.0,54.0,21.65113645820462
20110523_3,12,1,133.206,0.451,270413.0,6415.0,54.0,40.91597547782186
20110523_3,12,1,59.325,0.8683,138730.0,2857.0,54.0,20.991125715251215
20110523_3,12,1,64.246,0.8893,153255.0,3094.0,54.0,23.188891887052726
20110523_3,12,1,73.902,0.8778,175695.0,3559.0,54.0,26.584270399632825
20110523_3,12,1,143.381,0.5189,293113.0,6905.0,54.0,44.35069438315021
20110523_3,12,1,70.081,0.8967,133096.0,3375.0,54.0,20.138649666237118
20110523_3,12,1,65.202,0.8863,148171.0,3140.0,54.0,22.41963589962148
20110523_3,12,2,38.02,0.9067,173530.0,1831.0,54.0,26.256685975402167
20110523_3,12,3,39.868,0.6628,136221.0,1920.0,54.0,20.61149092523056
20110523_3,12,1,63.623,0.8414,149130.0,3064.0,54.0,22.56474142518138
20110523_3,12,1,65.264,0.8627,141465.0,3143.0,54.0,21.404956385122272
20110523_3,12,1,74.753,0.8898,177292.0,3600.0,54.0,26.825911196628834
20110523_3,12,1,179.782,0.3391,342068.0,8658.0,54.0,51.75803641003785
20110523_3,12,1,40.035,0.8214,105329.0,1928.0,54.0,15.937247029926441
20110523_3,12,1,68.524,0.8807,142847.0,3300.0,54.0,21.61406570349953
20110523_3,12,1,104.758,0.8217,307420.0,5045.0,54.0,46.51547514872434
20110523_3,12,1,77.39,0.8848,160423.0,3727.0,54.0,24.273476253281522
20110523_3,12,1,83.329,0.8555,192689.0,4013.0,54.0,29.155618993339875
20110523_3,12,3,38.311,0.6964,150042.0,1845.0,54.0,22.70273541820603
20110523_3,12,1,73.487,0.8823,156632.0,3539.0,54.0,23.699863065171396
20110523_3,12,1,69.396,0.884,148387.0,3342.0,54.0,22.452318687443103
20110523_3,12,4,158.934,0.5014,421614.0,7654.0,54.0,63.794078262163374
20110523_3,12,1,66.074,0.8883,100400.0,3182.0,54.0,15.191443968941266
20110523_3,12,1,56.896,0.8547,116736.0,2740.0,54.0,17.663231107154658
20110523_3,12,1,82.499,0.8713,163513.0,3973.0,54.0,24.741021690174236
20110523_3,12,4,39.391,0.7871,137826.0,1897.0,54.0,20.85434219584959
20110523_3,12,1,70.434,0.5444,185031.0,3392.0,54.0,27.99689311770091
20110523_3,12,4,32.538,0.6175,134496.0,1567.0,54.0,20.35048255026618
20110523_3,12,1,25.852,0.5616,47337.0,1245.0,54.0,7.1625237366312025
20110523_4,12,1,20.765,0.5379,59533.0,1000.0,63.0,9.007890774930084
20110523_4,12,1,49.441,0.7515,142511.0,2381.0,63.0,21.563225811332558
20110523_4,12,1,110.759,0.5226,298350.0,5334.0,63.0,45.14310067862178
20110523_4,12,1,69.271,0.8757,175548.0,3336.0,63.0,26.562027946809774
20110523_4,12,1,65.866,0.8838,188551.0,3172.0,63.0,28.529501511831118
20110523_4,12,1,64.952,0.887,195988.0,3128.0,63.0,29.65478805363407
20110523_4,12,1,70.683,0.8701,205984.0,3404.0,63.0,31.16727484560157
20110523_4,12,1,80.92,0.8876,215884.0,3897.0,63.0,32.66523595409279
20110523_4,12,1,51.455,0.884,170729.0,2478.0,63.0,25.83286889814117
20110523_4,12,1,67.008,0.8801,204608.0,3227.0,63.0,30.959073382441577
20110523_4,12,1,58.723,0.8944,192120.0,2828.0,63.0,29.06952405690235
20110523_4,12,1,67.486,0.8701,210055.0,3250.0,63.0,31.783254610517506
20110523_4,12,1,74.047,0.8634,197536.0,3566.0,63.0,29.889014699689064
20110523_4,12,1,75.023,0.8957,247782.0,3613.0,63.0,37.49169690749208
20110523_4,12,1,73.881,0.9047,186036.0,3558.0,63.0,28.1489588665932
20110523_4,12,1,128.534,0.6989,357032.0,6190.0,63.0,54.02222732190277
20110523_4,12,1,52.701,0.8823,154692.0,2538.0,63.0,23.406323211588266
20110523_4,12,1,62.668,0.8752,160189.0,3018.0,63.0,24.23806989980809
20110523_4,12,1,45.143,0.8062,119990.0,2174.0,63.0,18.155591253319347
20110523_4,12,1,138.771,0.4676,394158.0,6683.0,63.0,59.63973278794772
20110523_4,12,1,76.269,0.8817,186974.0,3673.0,63.0,28.290886898892673
20110523_4,12,1,52.888,0.8671,138695.0,2547.0,63.0,20.985829893150488
20110523_4,12,1,72.324,0.8745,205006.0,3483.0,63.0,31.019294445186983
20110523_4,12,1,55.401,0.8799,195217.0,2668.0,63.0,29.538128658215207
20110523_4,12,1,74.421,0.8847,189456.0,3584.0,63.0,28.66643634043562
20110523_4,12,1,44.104,0.7978,132126.0,2124.0,63.0,19.991879739445555
20110523_4,12,1,73.964,0.8751,202507.0,3562.0,63.0,30.641172747195107
20110523_4,12,1,124.527,0.5143,315934.0,5997.0,63.0,47.80372170202679
20110523_4,12,1,148.988,0.4486,339058.0,7175.0,63.0,51.302595709375375
20110523_4,12,1,79.654,0.8737,201206.0,3836.0,63.0,30.44431947425096
20110523_4,12,1,135.843,0.5531,414516.0,6542.0,63.0,62.72008554013603
20110523_4,12,1,73.736,0.8777,219938.0,3551.0,63.0,33.2786434625598
20110523_4,12,1,58.494,0.8909,168357.0,2817.0,63.0,25.47396346891479
20110523_4,12,1,68.856,0.885,181201.0,3316.0,63.0,27.417378870678547
20110523_4,12,1,70.247,0.824,164407.0,3383.0,63.0,24.87629211754708
20110523_4,12,1,22.218,0.6298,55547.0,1070.0,63.0,8.40477229225877
20110523_4,12,1,69.874,0.8825,215177.0,3365.0,63.0,32.55826034765812
20110523_6,12,1,31.106,0.6617,81852.0,1498.0,59.0,12.384960873961957
20110523_6,12,4,41.592,0.8118,126279.0,2003.0,59.0,19.10717483021847
20110523_6,12,1,56.813,0.8885,130640.0,2736.0,59.0,19.767034263968995
20110523_6,12,1,58.121,0.9023,152229.0,2799.0,59.0,23.0336486449
20110523_6,12,1,70.912,0.8861,172185.0,3415.0,59.0,26.053175097531394
20110523_6,12,1,59.242,0.8654,153177.0,2853.0,59.0,23.17708976922825
20110523_6,12,1,68.316,0.88,155290.0,3290.0,59.0,23.496806114909255
20110523_6,12,1,93.691,0.6386,288137.0,4512.0,59.0,43.597779789629776
20110523_6,12,1,125.918,0.4388,296355.0,6064.0,59.0,44.84123881888036
20110523_6,12,1,62.419,0.8677,189955.0,3006.0,59.0,28.741939632671695
20110523_6,12,1,57.892,0.8774,160148.0,2788.0,59.0,24.2318662224901
20110523_6,12,1,68.711,0.8811,157535.0,3309.0,59.0,23.836495275370144
20110523_6,12,4,46.575,0.8977,172879.0,2243.0,59.0,26.158183684328655
20110523_6,12,1,54.819,0.8835,136639.0,2640.0,59.0,20.67473817203352
20110523_6,12,1,55.401,0.9135,144624.0,2668.0,59.0,21.882942157013563
20110523_6,12,1,115.328,0.5447,298637.0,5554.0,59.0,45.18652641984774
20110523_6,12,1,58.411,0.8741,161706.0,2813.0,59.0,24.467605960573866
20110523_6,12,1,71.41,0.8717,164921.0,3439.0,59.0,24.95406504782632
20110523_6,12,1,61.256,0.8813,133149.0,2950.0,59.0,20.146669053989648
20110523_6,12,1,65.056,0.8815,151290.0,3133.0,59.0,22.891569303397652
20110523_6,12,3,105.153,0.3812,281965.0,5064.0,59.0,42.66389938946737
20110523_6,12,1,69.687,0.9005,167967.0,3356.0,59.0,25.414952879792406
20110523_6,12,4,39.536,0.8772,176753.0,1904.0,59.0,26.744355536277645
20110523_6,12,1,68.669,0.891,142183.0,3307.0,59.0,21.513596392788607
20110523_6,12,1,61.007,0.8674,149811.0,2938.0,59.0,22.667782992341234
20110523_6,12,1,62.128,0.8726,166392.0,2992.0,59.0,25.176640885259715
20110523_6,12,1,75.48,0.8862,178734.0,3635.0,59.0,27.044099067178767
20110523_6,12,1,79.176,0.8486,168097.0,3813.0,59.0,25.43462307616653
20110523_6,12,1,121.848,0.6364,282416.0,5868.0,59.0,42.732139839965306
20110523_6,12,1,64.433,0.871,149862.0,3103.0,59.0,22.67549976168801
20110523_6,12,1,180.446,0.4532,411154.0,8690.0,59.0,62.211384000060534
20110523_6,12,1,72.718,0.853,155547.0,3502.0,59.0,23.535692580048874
20110523_6,12,1,63.353,0.9063,151376.0,3051.0,59.0,22.90458189484515
20110523_6,12,1,121.391,0.5546,324905.0,5846.0,59.0,49.161116561044444
20110523_6,12,1,64.869,0.8801,167343.0,3124.0,59.0,25.320535937196595
20110523_6,12,1,64.765,0.8874,161314.0,3119.0,59.0,24.40829275304573
20110523_6,12,1,23.132,0.6878,42754.0,1114.0,59.0,6.469073659841782
20110523_6,12,1,67.652,0.8946,116410.0,3258.0,59.0,17.613904307016462
20110523_6,12,1,77.474,0.8802,149022.0,3731.0,59.0,22.548400031270567
20110523_6,12,1,62.253,0.8923,113000.0,2998.0,59.0,17.09793992520282
20110523_6,12,1,22.177,0.6863,52812.0,1068.0,59.0,7.9909416223877106
20110523_6,12,1,103.886,0.5424,260973.0,5003.0,59.0,39.48761660265447
20110523_6,12,1,58.121,0.8957,161591.0,2799.0,59.0,24.45020540224291
20110523_6,12,1,27.887,0.7297,52529.0,1343.0,59.0,7.9481211179732645
20110523_6,12,1,26.537,0.7304,55297.0,1278.0,59.0,8.366944991539295
20110523_7,12,1,67.112,0.8952,146006.0,3232.0,61.0,22.09205147539082
20110523_7,12,1,158.622,0.644,462784.0,7639.0,61.0,70.02347814464656
20110523_7,12,1,75.625,0.8799,166367.0,3642.0,61.0,25.172858155187765
20110523_7,12,1,82.955,0.8595,189752.0,3995.0,61.0,28.711223864487483
20110523_7,12,1,169.15,0.5284,510684.0,8146.0,61.0,77.27118896249802
20110523_7,12,4,54.944,0.7878,191877.0,2646.0,61.0,29.032755920603023
20110523_7,12,1,67.008,0.8717,165194.0,3227.0,61.0,24.99537246021199
20110523_7,12,1,81.004,0.8885,170890.0,3901.0,61.0,25.85722967980451
20110523_7,12,1,67.506,0.8858,164859.0,3251.0,61.0,24.944683877247886
20110523_7,12,1,63.229,0.8931,180291.0,3045.0,61.0,27.27968749605966
20110523_7,12,4,39.64,0.8816,141754.0,1909.0,61.0,21.448684744753983
20110523_7,12,1,82.457,0.8881,191136.0,3971.0,61.0,28.920635801270492
20110523_7,12,1,119.792,0.6628,319234.0,5769.0,61.0,48.30304207152386
20110523_7,12,1,83.828,0.8473,171323.0,4037.0,61.0,25.92274656465064
20110523_7,12,1,62.17,0.8479,171249.0,2994.0,61.0,25.911549683637677
20110523_7,12,1,47.344,0.8579,152064.0,2280.0,61.0,23.008682626425145
20110523_7,12,1,64.35,0.8671,166519.0,3099.0,61.0,25.195857154025205
20110523_7,12,1,122.035,0.4663,320617.0,5877.0,61.0,48.512302699104
20110523_7,12,1,73.694,0.8969,166996.0,3549.0,61.0,25.268031643797965
20110523_7,12,4,198.719,0.3519,713214.0,9570.0,61.0,107.91584182135932
20110523_7,12,1,49.379,0.8318,107620.0,2378.0,61.0,16.28389641371971
20110523_7,12,1,119.605,0.7151,257180.0,5760.0,61.0,38.91370079613859
20110523_7,12,1,54.279,0.8832,127560.0,2614.0,61.0,19.301001919105058
20110523_7,12,1,68.815,0.8932,144244.0,3314.0,61.0,21.82544465991996
20110523_7,12,4,45.579,0.8785,173109.0,2195.0,61.0,26.192984800990573
20110523_7,12,1,64.682,0.8833,148768.0,3115.0,61.0,22.509967493739584
20110523_7,12,1,65.471,0.89,161706.0,3153.0,61.0,24.467605960573866
20110523_7,12,1,62.938,0.891,119126.0,3031.0,61.0,18.02486010203284
20110523_7,12,1,135.615,0.5843,280144.0,6531.0,61.0,42.38836533102671
20110523_7,12,1,138.314,0.4865,326604.0,6661.0,61.0,49.41819089673399
20110523_7,12,4,48.548,0.8371,143859.0,2338.0,61.0,21.767190616811966
20110523_7,12,1,73.985,0.8608,162031.0,3563.0,61.0,24.51678145150919
20110523_7,12,4,187.216,0.4189,430227.0,9016.0,61.0,65.09730442655074
20110523_7,12,1,74.691,0.8807,182131.0,3597.0,61.0,27.558096429354997
20110523_7,12,1,86.485,0.8836,182541.0,4165.0,61.0,27.620133202534937
20110523_7,12,1,31.293,0.739,80198.0,1507.0,61.0,12.134695452401907
20110523_7,12,1,81.44,0.8826,147483.0,3922.0,61.0,22.31553516804148
20110523_7,12,4,115.868,0.6168,330060.0,5580.0,61.0,49.94111550188002
20110523_7,12,1,55.795,0.8778,106758.0,2687.0,61.0,16.15346788083896
20110523_7,12,1,61.422,0.8675,88957.0,2958.0,61.0,13.460012760409443
20110523_7,12,1,73.009,0.8793,137194.0,3516.0,61.0,20.758714779630758
20110523_7,12,1,60.239,0.8889,124677.0,2901.0,61.0,18.86477748720807
20110523_7,12,1,68.088,0.8668,118793.0,3279.0,61.0,17.9744741374745
20110523_7,12,1,59.886,0.8434,78051.0,2884.0,61.0,11.809834593823057
20110523_9,12,1,66.302,0.8732,179399.0,3193.0,55.0,27.14471968709257
20110523_9,12,1,65.243,0.8388,158164.0,3142.0,55.0,23.931668763980344
20110523_9,12,1,64.226,0.8869,169293.0,3093.0,55.0,25.615588882808503
20110523_9,12,1,63.935,0.876,173264.0,3079.0,55.0,26.21643772743665
20110523_9,12,1,72.594,0.8901,158885.0,3496.0,55.0,24.040762699255307
20110523_9,12,4,62.938,0.891,197294.0,3031.0,55.0,29.85239787259261
20110523_9,12,1,73.549,0.894,168400.0,3542.0,55.0,25.480469764638535
20110523_9,12,1,65.721,0.8844,133890.0,3165.0,55.0,20.25878917332217
20110523_9,12,1,72.303,0.8901,142862.0,3482.0,55.0,21.6163353415427
20110523_9,12,1,109.431,0.7978,321514.0,5270.0,55.0,48.648027054085475
20110523_9,12,1,45.932,0.8647,131667.0,2212.0,55.0,19.922428815324597
20110523_9,12,1,57.269,0.8641,141006.0,2758.0,55.0,21.33550546100132
20110523_9,12,1,65.7,0.8756,178723.0,3164.0,55.0,27.04243466594711
20110523_9,12,4,48.091,0.8737,160200.0,2316.0,55.0,24.239734301039746
20110523_9,12,1,19.872,0.6251,41728.0,957.0,55.0,6.313830417689055
20110523_9,12,1,71.576,0.883,172359.0,3447.0,55.0,26.07950289883215
20110523_9,12,1,182.751,0.3526,477755.0,8801.0,55.0,72.28872822093162
20110523_9,12,1,67.257,0.8826,148793.0,3239.0,55.0,22.51375022381153
20110523_9,12,1,59.117,0.8899,139543.0,2847.0,55.0,21.114140097190944
20110523_9,12,1,59.803,0.8753,162772.0,2880.0,55.0,24.628901570841712
20110523_9,12,3,58.266,0.8711,162715.0,2806.0,55.0,24.62027694627767
20110523_9,12,1,135.968,0.5974,285658.0,6548.0,55.0,43.22268427569546
20110523_9,12,1,144.585,0.453,336049.0,6963.0,55.0,50.84730631791577
20110523_9,12,1,62.232,0.9035,116957.0,2997.0,55.0,17.696670440990673
20110523_9,12,1,23.09,0.6548,49331.0,1112.0,55.0,7.464234287169736
20110523_9,12,1,129.739,0.4943,288342.0,6248.0,55.0,43.628798176219746
20110523_9,12,4,170.977,0.3175,517325.0,8234.0,55.0,78.27603337881017
20110523_9,12,3,53.968,0.8387,126980.0,2599.0,55.0,19.213242581435875
20110523_9,12,1,52.701,0.9021,118715.0,2538.0,55.0,17.962672019650025
20110523_9,12,1,70.351,0.8803,179727.0,3388.0,55.0,27.194349105636523
20110523_9,12,1,64.142,0.8809,149056.0,3089.0,55.0,22.553544544168417
20110523_9,12,2,40.408,0.8773,172418.0,1946.0,55.0,26.088430141801943
20110523_9,12,1,130.839,0.4663,283613.0,6301.0,55.0,42.913256955810155
20110523_9,12,1,50.355,0.8774,132226.0,2425.0,55.0,20.007010659733343
20110523_9,12,1,54.175,0.8856,132356.0,2609.0,55.0,20.026680856107472
20110523_9,12,1,85.219,0.8834,139987.0,4104.0,55.0,21.181321383268735
20110523_9,12,1,63.146,0.8604,141580.0,3041.0,55.0,21.42235694345323
20110523_9,12,1,107.915,0.5788,294655.0,5197.0,55.0,44.584013173987934
20110523_9,12,1,68.586,0.8544,137818.0,3303.0,55.0,20.853131722226568
20110523_9,12,1,83.412,0.8522,191431.0,4017.0,55.0,28.965272016119478
20110523_9,12,1,70.6,0.8957,163454.0,3400.0,55.0,24.732094447204435
20110523_9,12,1,74.982,0.8363,137864.0,3611.0,55.0,20.860091945558953
20110523_9,12,1,121.412,0.6949,230429.0,5847.0,55.0,34.86602830995186
20110523_9,12,1,65.596,0.8967,142871.0,3159.0,55.0,21.6176971243686
20110523_9,12,1,59.117,0.8847,100309.0,2847.0,55.0,15.177674831479376
20110523_9,12,1,63.478,0.8915,106662.0,3057.0,55.0,16.13894219736268
20110523_9,12,1,69.749,0.8782,123078.0,3359.0,55.0,18.622834071806306
20110523_9,12,1,72.531,0.8988,135573.0,3493.0,55.0,20.51344256176568
20110523_9,12,1,64.433,0.9058,140530.0,3103.0,55.0,21.263482280431436
20110523_9,12,1,63.769,0.8159,93728.0,3071.0,55.0,14.18190896733991
20110526_2,15,1,66.78,0.4821,287849.0,3216.0,16.0,43.55420273920094
20110526_2,15,1,110.531,0.6752,427344.0,5323.0,16.0,64.66107999465375
20110526_2,15,1,156.691,0.7128,624137.0,7546.0,16.0,94.43767195660453
20110526_2,15,1,91.573,0.8436,281191.0,4410.0,16.0,42.54678606643988
20110526_2,15,1,77.411,0.8851,263686.0,3728.0,16.0,39.89811847006222
20110526_2,15,1,80.214,0.865,231239.0,3863.0,16.0,34.98858876428296
20110526_2,15,1,72.864,0.8981,272147.0,3509.0,16.0,41.17834563561214
20110526_2,15,1,80.671,0.8682,280647.0,3885.0,16.0,42.46447386007429
20110526_2,15,1,79.446,0.8901,323066.0,3826.0,16.0,48.88285893695198
20110526_2,15,1,166.908,0.7485,620518.0,8038.0,16.0,93.89008395138941
20110526_2,15,1,71.203,0.8925,241629.0,3429.0,16.0,36.56069138218436
20110526_2,15,1,73.819,0.8527,276699.0,3555.0,16.0,41.867105127112346
20110526_2,15,1,161.862,0.454,535891.0,7795.0,16.0,81.08524003944127
20110526_2,15,1,85.738,0.8812,278065.0,4129.0,16.0,42.07379349824355
20110526_2,15,1,100.813,0.9028,344337.0,4855.0,16.0,52.101356991367815
20110526_2,15,1,90.846,0.8941,312043.0,4375.0,16.0,47.21497759362888
20110526_2,15,1,45.454,0.7463,144632.0,2189.0,16.0,21.884152630636585
20110526_2,15,1,76.747,0.8838,284171.0,3696.0,16.0,42.997687491016016
20110526_2,15,2,53.386,0.8625,286898.0,2571.0,16.0,43.41030768726406
20110526_2,15,1,136.674,0.7804,526753.0,6582.0,16.0,79.70257654354302
20110526_2,15,1,82.478,0.8964,330314.0,3972.0,16.0,49.97954803941101
20110526_2,15,1,33.016,0.7551,108039.0,1590.0,16.0,16.347294969725553
20110526_2,15,1,157.999,0.46,626420.0,7609.0,16.0,94.78311086677478
20110526_2,15,1,85.364,0.8849,265625.0,4111.0,16.0,40.19150701444247
20110526_2,15,1,83.828,0.8977,300323.0,4037.0,16.0,45.441633735899885
20110526_2,15,1,77.121,0.871,278027.0,3714.0,16.0,42.068043748534194
20110526_2,15,1,111.756,0.8925,368271.0,5382.0,16.0,55.7227914530475
20110526_2,15,1,73.881,0.8443,232775.0,3558.0,16.0,35.220999699903416
20110526_2,15,1,69.749,0.9042,280505.0,3359.0,16.0,42.442987953265636
20110526_2,15,1,92.86,0.8617,261516.0,4472.0,16.0,39.56977749981717
20110526_2,15,1,84.845,0.9034,315994.0,4086.0,16.0,47.81280025419946
20110526_2,15,4,62.772,0.8746,302647.0,3023.0,16.0,45.79327632338812
20110526_2,15,1,81.273,0.9049,336239.0,3914.0,16.0,50.87605506646257
20110526_2,15,1,96.889,0.9025,343975.0,4666.0,16.0,52.046583059926014
20110526_2,15,1,74.836,0.8689,258321.0,3604.0,16.0,39.086344596622276
20110526_2,15,1,84.284,0.8772,310331.0,4059.0,16.0,46.95593623830191
20110526_2,15,1,133.891,0.6402,536274.0,6448.0,16.0,81.14319146414351
20110526_2,15,1,39.536,0.7358,136924.0,1904.0,16.0,20.717861294853723
20110526_2,15,1,81.087,0.8172,505923.0,3905.0,16.0,76.55080584759634
20110526_2,15,1,72.531,0.8435,227882.0,3493.0,16.0,34.480643770221846
20110526_2,15,1,49.109,0.6939,182329.0,2365.0,16.0,27.588055651524822
20110526_2,15,1,39.951,0.652,136776.0,1924.0,16.0,20.695467532827795
20110526_3,15,4,36.421,0.7414,164328.0,1754.0,43.0,24.864338690519727
20110526_3,15,1,94.874,0.8637,202509.0,4569.0,43.0,30.641475365600865
20110526_3,15,1,167.883,0.485,395146.0,8085.0,43.0,59.78922628039109
20110526_3,15,1,169.254,0.5486,456802.0,8151.0,43.0,69.11834649303096
20110526_3,15,1,98.114,0.849,211458.0,4725.0,43.0,31.9955414221552
20110526_3,15,1,73.362,0.8401,172279.0,3533.0,43.0,26.067398162601915
20110526_3,15,1,136.674,0.6308,401417.0,6582.0,43.0,60.7380862916384
20110526_3,15,1,102.059,0.8747,236262.0,4915.0,43.0,35.74861489033866
20110526_3,15,1,99.879,0.8984,181031.0,4810.0,43.0,27.391656306189308
20110526_3,15,1,83.744,0.8733,181439.0,4033.0,43.0,27.45339046096349
20110526_3,15,1,101.415,0.8808,256831.0,4884.0,43.0,38.8608938843342
20110526_3,15,1,165.101,0.4449,650119.0,7951.0,43.0,98.36898766577815
20110526_3,15,1,88.915,0.8469,265201.0,4282.0,43.0,40.127351912422235
20110526_3,15,1,47.572,0.7451,109891.0,2291.0,43.0,16.627519613455423
20110526_3,15,1,184.205,0.583,425964.0,8871.0,43.0,64.45227329468224
20110526_3,15,1,82.602,0.8908,239116.0,3978.0,43.0,36.18045135535219
20110526_3,15,1,77.598,0.8529,207925.0,3737.0,43.0,31.460966008387576
20110526_3,15,1,93.836,0.8886,228476.0,4519.0,43.0,34.57052143673132
20110526_3,15,1,98.882,0.8626,292838.0,4762.0,43.0,44.30908435235879
20110526_3,15,1,90.472,0.8544,237192.0,4357.0,43.0,35.88933244901511
20110526_3,15,1,172.473,0.3771,496352.0,8306.0,43.0,75.10262546685195
20110526_3,15,1,82.249,0.8851,259206.0,3961.0,43.0,39.22025324116922
20110526_3,15,1,85.385,0.8836,203414.0,4112.0,43.0,30.778410194205367
20110526_3,15,1,90.991,0.9059,209785.0,4382.0,43.0,31.74240112574047
20110526_3,15,1,91.469,0.8753,223562.0,4405.0,43.0,33.82698801378931
20110526_3,15,1,177.747,0.4719,516380.0,8560.0,43.0,78.13304618209055
20110526_3,15,1,96.66,0.8976,227569.0,4655.0,43.0,34.43328398972106
20110526_3,15,1,95.975,0.8751,212723.0,4622.0,43.0,32.18694756379575
20110526_3,15,1,99.983,0.8716,251576.0,4815.0,43.0,38.06576402321084
20110526_3,15,1,151.5,0.7859,486234.0,7296.0,43.0,73.57167895213334
20110526_3,15,1,106.316,0.5454,319246.0,5120.0,43.0,48.3048577819584
20110526_3,15,1,103.284,0.8804,243929.0,4974.0,43.0,36.908702548803525
20110526_3,15,3,40.927,0.7923,231901.0,1971.0,43.0,35.08875545658813
20110526_3,15,1,100.792,0.8661,269041.0,4854.0,43.0,40.70837925147338
20110526_3,15,1,88.417,0.8729,243536.0,4258.0,43.0,36.849238032072506
20110526_3,15,1,112.088,0.8845,278117.0,5398.0,43.0,42.08166157679321
20110526_3,15,1,100.564,0.8891,274898.0,4843.0,43.0,41.594597252729244
20110526_3,15,1,65.721,0.6898,205240.0,3165.0,43.0,31.054700798660413
20110526_5,15,1,98.633,0.8669,187020.0,4750.0,43.0,28.297847122225054
20110526_5,15,1,174.217,0.6646,376681.0,8390.0,43.0,56.995301849250644
20110526_5,15,1,181.962,0.5554,603694.0,8763.0,43.0,91.3444579221716
20110526_5,15,1,86.029,0.8814,164472.0,4143.0,43.0,24.88612721573414
20110526_5,15,1,81.128,0.877,166893.0,3907.0,43.0,25.252446795901538
20110526_5,15,1,92.383,0.8789,162756.0,4449.0,43.0,24.626480623595665
20110526_5,15,1,97.927,0.8939,207619.0,4716.0,43.0,31.414665392306937
20110526_5,15,1,149.32,0.732,352143.0,7191.0,43.0,53.28247662903271
20110526_5,15,1,105.361,0.8832,204153.0,5074.0,43.0,30.890227695132133
20110526_5,15,1,197.743,0.6429,546736.0,9523.0,43.0,82.72618834465212
20110526_5,15,1,106.191,0.8793,236569.0,5114.0,43.0,35.79506681562217
20110526_5,15,1,77.411,0.8961,221671.0,3728.0,43.0,33.5408623111472
20110526_5,15,1,93.192,0.8856,203533.0,4488.0,43.0,30.79641598934783
20110526_5,15,1,62.294,0.8351,120952.0,3000.0,43.0,18.30115070648789
20110526_5,15,3,56.086,0.817,191253.0,2701.0,43.0,28.938338978007213
20110526_5,15,1,134.39,0.7038,314331.0,6472.0,43.0,47.56117304981351
20110526_5,15,1,122.035,0.768,353087.0,5877.0,43.0,53.42531251654945
20110526_5,15,3,65.015,0.8168,187854.0,3131.0,43.0,28.42403899742522
20110526_5,15,1,98.591,0.7115,240950.0,4748.0,43.0,36.45795243343026
20110526_5,15,1,177.705,0.5984,424063.0,8558.0,43.0,64.16463450001135
20110526_5,15,1,77.058,0.8966,181086.0,3711.0,43.0,27.399978312347592
20110526_5,15,1,89.683,0.8662,228141.0,4319.0,43.0,34.51983285376723
20110526_5,15,1,97.948,0.8683,175290.0,4717.0,43.0,26.522990172467274
20110526_5,15,1,150.379,0.7402,440846.0,7242.0,43.0,66.70405685191116
20110526_5,15,1,46.015,0.7555,127682.0,2216.0,43.0,19.31946164185616
20110526_5,15,1,74.359,0.8644,180317.0,3581.0,43.0,27.283621535334486
20110526_5,15,1,36.359,0.7038,87082.0,1751.0,43.0,13.17630800501338
20110526_5,15,3,150.379,0.4403,420183.0,7242.0,43.0,63.57755479284509
20110526_5,15,3,53.283,0.679,249967.0,2566.0,43.0,37.822307515780295
20110526_5,15,1,147.555,0.6604,424821.0,7106.0,43.0,64.2793268757928
20110526_5,15,1,88.645,0.8626,198002.0,4269.0,43.0,29.959524788230166
20110526_5,15,1,91.677,0.8981,222219.0,4415.0,43.0,33.62377975432429
20110526_5,15,1,181.817,0.4492,467488.0,8756.0,43.0,70.7352366349842
20110526_5,15,1,65.056,0.8872,177211.0,3133.0,43.0,26.81365515119572
20110526_5,15,1,97.387,0.888,224173.0,4690.0,43.0,33.91943793674771
20110526_5,15,3,155.528,0.5172,485053.0,7490.0,43.0,73.39298278353453
20110526_5,15,4,62.087,0.9215,240539.0,2990.0,43.0,36.39576435104744
20110526_5,15,1,92.03,0.8792,249799.0,4432.0,43.0,37.79688756969681
20110526_5,15,3,65.887,0.6826,228110.0,3173.0,43.0,34.51514226847801
20110526_5,15,1,88.271,0.8805,228094.0,4251.0,43.0,34.512721321231965
20110526_5,15,1,100.792,0.8888,270687.0,4854.0,43.0,40.9574341994104
20110526_5,15,1,92.59,0.8819,293166.0,4459.0,43.0,44.35871377090274
20110526_5,15,1,84.554,0.8825,227542.0,4072.0,43.0,34.42919864124336
20110526_5,15,1,71.535,0.89,185990.0,3445.0,43.0,28.141998643260816
20110526_5,15,2,45.537,0.9125,209737.0,2193.0,43.0,31.735138284002335
20110526_6,15,1,53.49,0.7125,108490.0,2576.0,52.0,16.415535420223485
20110526_6,15,4,72.303,0.8644,196514.0,3482.0,52.0,29.734376694347844
20110526_6,15,1,80.962,0.8734,145601.0,3899.0,52.0,22.03077124822527
20110526_6,15,1,62.814,0.8215,156334.0,3025.0,52.0,23.654772922713782
20110526_6,15,1,84.554,0.8758,159018.0,4072.0,52.0,24.06088682323807
20110526_6,15,1,105.049,0.8819,169901.0,5059.0,52.0,25.707584878158265
20110526_6,15,1,35.03,0.7023,73048.0,1687.0,52.0,11.052834651824917
20110526_6,15,4,60.135,0.8652,142711.0,2896.0,52.0,21.593487651908138
20110526_6,15,1,86.423,0.8951,160409.0,4162.0,52.0,24.27135792444123
20110526_6,15,1,25.956,0.7084,56605.0,1250.0,52.0,8.56485742890359
20110526_6,15,1,90.14,0.8879,153286.0,4341.0,52.0,23.19358247234194
20110526_6,15,1,94.916,0.8865,161117.0,4571.0,52.0,24.378484840078784
20110526_6,15,1,93.442,0.9015,173992.0,4500.0,52.0,26.32659082713176
20110526_6,15,1,90.472,0.8887,185653.0,4357.0,52.0,28.091007441890962
20110526_6,15,1,100.19,0.8654,166737.0,4825.0,52.0,25.228842560252588
20110526_6,15,1,176.169,0.4376,424534.0,8484.0,52.0,64.23590113456684
20110526_6,15,1,84.7,0.8876,193463.0,4079.0,52.0,29.27273231636737
20110526_6,15,1,195.667,0.4774,444534.0,9423.0,52.0,67.26208519212487
20110526_6,15,1,100.149,0.8918,222508.0,4823.0,52.0,33.66750811395601
20110526_6,15,1,104.343,0.8762,219239.0,5025.0,52.0,33.17287832974815
20110526_6,15,1,92.549,0.8898,389562.0,4457.0,52.0,58.94431569152089
20110526_6,15,1,61.734,0.8279,139644.0,2973.0,52.0,21.129422326681613
20110526_6,15,1,94.563,0.797,202557.0,4554.0,52.0,30.648738207339
20110526_6,15,1,91.427,0.8897,223359.0,4403.0,52.0,33.7962722456051
20110526_6,15,1,95.788,0.8936,184630.0,4613.0,52.0,27.93621812734687
20110526_6,15,1,31.895,0.6616,85403.0,1536.0,52.0,12.922259853381384
20110526_6,15,1,85.281,0.8765,186232.0,4107.0,52.0,28.17861547035727
20110526_6,15,1,85.489,0.9003,222706.0,4117.0,52.0,33.69746733612583
20110526_6,15,1,179.865,0.5081,647887.0,8662.0,52.0,98.03126552495469
20110526_6,15,1,83.848,0.8884,178082.0,4038.0,52.0,26.945445466902374
20110526_6,15,1,151.749,0.7867,487883.0,7308.0,52.0,73.821187827679
20110526_6,15,1,79.218,0.871,179016.0,3815.0,52.0,27.086768262390333
20110526_6,15,1,93.774,0.8981,238554.0,4516.0,52.0,36.09541558333481
20110526_6,15,1,191.721,0.5032,481161.0,9233.0,52.0,72.80408736593375
20110526_6,15,1,93.795,0.9007,260031.0,4517.0,52.0,39.345083333543485
20110526_6,15,1,90.493,0.9027,251075.0,4358.0,52.0,37.989958112569006
20110526_6,15,1,150.877,0.7321,475244.0,7266.0,52.0,71.90879081250522
20110526_6,15,4,48.714,0.8431,220432.0,2346.0,52.0,33.353390208781484
20110526_6,15,2,41.177,0.8977,205117.0,1983.0,52.0,31.036089766706432
20110526_6,15,1,77.079,0.9006,196030.0,3712.0,52.0,29.661143040154947
20110526_6,15,1,103.409,0.9062,285085.0,4980.0,52.0,43.13598410244642
20110526_6,15,1,51.019,0.7638,124028.0,2457.0,52.0,18.766577814540312
20110526_7,15,1,88.043,0.8514,160188.0,4240.0,49.0,24.23791859060521
20110526_7,15,4,34.885,0.6836,90627.0,1680.0,49.0,13.712699129215538
20110526_7,15,1,86.838,0.8918,166598.0,4182.0,49.0,25.20781058105256
20110526_7,15,1,81.44,0.9087,153114.0,3922.0,49.0,23.16755728944694
20110526_7,15,1,94.708,0.8845,179723.0,4561.0,49.0,27.19374386882501
20110526_7,15,1,52.784,0.7597,76547.0,2542.0,49.0,11.582265552694693
20110526_7,15,1,139.581,0.5649,266929.0,6722.0,49.0,40.38881421499525
20110526_7,15,1,151.209,0.4747,351244.0,7282.0,49.0,53.146449655645476
20110526_7,15,1,128.763,0.5722,241884.0,6201.0,49.0,36.599275228918216
20110526_7,15,1,88.52,0.8712,170381.0,4263.0,49.0,25.78021329553966
20110526_7,15,1,197.889,0.4448,429787.0,9530.0,49.0,65.03072837728446
20110526_7,15,1,75.127,0.8741,147810.0,3618.0,49.0,22.365013277382555
20110526_7,15,1,88.25,0.871,167750.0,4250.0,49.0,25.3821187827679
20110526_7,15,1,69.791,0.899,152387.0,3361.0,49.0,23.05755549895471
20110526_7,15,1,104.136,0.8616,217286.0,5015.0,49.0,32.877371456527605
20110526_7,15,1,97.719,0.8519,209386.0,4706.0,49.0,31.68202875379219
20110526_7,15,1,98.321,0.8726,217067.0,4735.0,49.0,32.844234741097345
20110526_7,15,1,49.379,0.7827,93639.0,2378.0,49.0,14.168442448283777
20110526_7,15,1,77.328,0.8879,175701.0,3724.0,49.0,26.585178254850092
20110526_7,15,1,94.314,0.8921,204415.0,4542.0,49.0,30.929870706286145
20110526_7,15,1,111.59,0.8799,238678.0,5374.0,49.0,36.11417792449167
20110526_7,15,1,68.005,0.8816,176404.0,3275.0,49.0,26.691548624473256
20110526_7,15,1,84.181,0.8829,172604.0,4054.0,49.0,26.116573653537234
20110526_7,15,1,91.074,0.8595,208330.0,4386.0,49.0,31.522246235553126
20110526_7,15,1,26.205,0.651,65444.0,1262.0,49.0,9.902279473141355
20110526_7,15,1,157.896,0.7251,394700.0,7604.0,49.0,59.721742375907546
20110526_7,15,4,80.111,0.8689,196290.0,3858.0,49.0,29.700483432903194
20110526_7,15,1,105.485,0.8858,213087.0,5080.0,49.0,32.242024113643296
20110526_7,15,1,96.951,0.8744,233345.0,4669.0,49.0,35.307245945543826
20110526_7,15,4,80.214,0.8133,196786.0,3863.0,49.0,29.775532797530637
20110526_7,15,1,91.261,0.8888,207380.0,4395.0,49.0,31.37850249281912
20110526_7,15,1,102.91,0.8995,263791.0,4956.0,49.0,39.9140059363644
20110526_7,15,1,85.447,0.8991,212992.0,4115.0,49.0,32.2276497393699
20110526_7,15,1,91.926,0.8963,218368.0,4427.0,49.0,33.0410880140415
20110526_7,15,1,97.968,0.8845,257525.0,4718.0,49.0,38.96590247113147
20110526_7,15,1,182.606,0.5345,444110.0,8794.0,49.0,67.19793009010463
20110526_7,15,3,47.967,0.8432,182020.0,2310.0,49.0,27.54130110783555
20110526_7,15,1,106.96,0.8982,276021.0,5151.0,49.0,41.76451748756113
20110526_7,15,1,90.493,0.8823,238244.0,4358.0,49.0,36.04850973044266
20110526_7,15,1,92.985,0.8888,247061.0,4478.0,49.0,37.382602972217114
20110526_7,15,1,80.422,0.877,216840.0,3873.0,49.0,32.80988755204407
20110526_7,15,1,93.961,0.8864,237185.0,4525.0,49.0,35.88827328459496
20110526_7,15,1,75.522,0.8935,204275.0,3637.0,49.0,30.908687417883236
20110526_7,15,1,92.05,0.8933,261367.0,4433.0,49.0,39.547232428588366
20110526_7,15,1,69.894,0.8421,156805.0,3366.0,49.0,23.72603955726927
20110526_7,15,1,91.012,0.8652,223218.0,4383.0,49.0,33.774937647999316
20110526_7,15,1,82.229,0.8798,231693.0,3960.0,49.0,35.05728314238953
20110526_7,15,1,84.077,0.6029,256722.0,4049.0,49.0,38.84440118122051
20110526_7,15,1,104.842,0.5996,351004.0,5049.0,49.0,53.11013544695478
20110526_7,15,4,42.796,0.5111,192966.0,2061.0,49.0,29.197531642537054
20110526_8,15,2,16.113,0.7543,80123.0,776.0,43.0,12.123347262186066
20110526_8,15,1,149.694,0.397,307202.0,7209.0,43.0,46.482489742496966
20110526_8,15,1,31.916,0.7081,69310.0,1537.0,43.0,10.487240851467321
20110526_8,15,1,55.546,0.8259,95739.0,2675.0,43.0,14.48619177432737
20110526_8,15,1,68.69,0.7556,119796.0,3308.0,43.0,18.126237267961034
20110526_8,15,1,115.328,0.7724,304042.0,5554.0,43.0,46.00435266140279
20110526_8,15,1,134.431,0.5005,284353.0,6474.0,43.0,43.025225765939794
20110526_8,15,1,117.363,0.7505,266793.0,5652.0,43.0,40.36823616340386
20110526_8,15,1,69.977,0.8897,147183.0,3370.0,43.0,22.27014240717811
20110526_8,15,1,124.132,0.6847,264393.0,5978.0,43.0,40.005094076496896
20110526_8,15,1,74.068,0.8836,139194.0,3567.0,43.0,21.06133318538656
20110526_8,15,1,58.619,0.9141,134018.0,2823.0,43.0,20.278156751290545
20110526_8,15,1,63.831,0.8935,111958.0,3074.0,43.0,16.940275735804043
20110526_8,15,1,136.757,0.5736,344594.0,6586.0,43.0,52.140243456507434
20110526_8,15,1,52.327,0.9127,125740.0,2520.0,43.0,19.02561916986728
20110526_8,15,1,67.07,0.9168,141477.0,3230.0,43.0,21.406772095556807
20110526_8,15,1,55.733,0.918,117544.0,2684.0,43.0,17.78548894308
20110526_8,15,1,145.831,0.6633,358703.0,7023.0,43.0,54.275064999911734
20110526_8,15,1,79.861,0.9001,189029.0,3846.0,43.0,28.601827310806755
20110526_8,15,1,66.697,0.9016,155478.0,3212.0,43.0,23.5252522450503
20110526_8,15,4,63.852,0.8867,204717.0,3075.0,43.0,30.975566085555272
20110526_8,15,1,73.321,0.8951,168840.0,3531.0,43.0,25.547045813904813
20110526_8,15,1,106.565,0.7924,327557.0,5132.0,43.0,49.56238856707664
20110526_8,15,1,71.888,0.9051,156050.0,3462.0,43.0,23.61180110909646
20110526_8,15,1,117.176,0.7631,403679.0,5643.0,43.0,61.08034770854822
20110526_8,15,1,66.78,0.8937,170870.0,3216.0,43.0,25.854203495746955
20110526_8,15,1,60.322,0.8838,161126.0,2905.0,43.0,24.379846622904687
20110526_8,15,4,112.441,0.5617,393324.0,5415.0,43.0,59.51354091274755
20110526_8,15,1,64.682,0.8637,162823.0,3115.0,43.0,24.636618340188484
20110526_8,15,1,76.331,0.9039,199195.0,3676.0,43.0,30.140036667263498
20110526_8,15,1,26.101,0.6777,66422.0,1257.0,43.0,10.050259873555943
20110526_8,15,1,58.245,0.8525,159684.0,2805.0,43.0,24.16165875235475
20110526_8,15,1,82.831,0.887,200389.0,3989.0,43.0,30.320699855499715
20110526_8,15,1,134.099,0.4647,350378.0,6458.0,43.0,53.01541588595321
20110526_8,15,1,65.804,0.8635,178651.0,3169.0,43.0,27.0315404033399
20110526_8,15,1,65.617,0.8725,166507.0,3160.0,43.0,25.19404144359067
20110526_8,15,1,70.31,0.8968,183720.0,3386.0,43.0,27.79852675272798
20110526_8,15,1,64.911,0.8873,175232.0,3126.0,43.0,26.514214238700355
20110526_8,15,4,50.957,0.8777,161599.0,2454.0,43.0,24.45141587586593
20110526_8,15,3,38.228,0.7169,136826.0,1841.0,43.0,20.70303299297169
20110526_8,15,3,40.637,0.6717,206180.0,1957.0,43.0,31.196931449365636
20110526_8,15,1,67.942,0.874,169836.0,3272.0,43.0,25.697749779971204
20110526_8,15,1,141.429,0.551,398087.0,6811.0,43.0,60.23422664605499
20110526_8,15,1,115.785,0.453,357665.0,5576.0,43.0,54.118006047324485
20110526_8,15,4,98.986,0.3983,387181.0,4767.0,43.0,58.58404847946861
20110526_8,15,1,58.494,0.8635,132412.0,2817.0,43.0,20.035154171468633
20110526_8,15,1,69.292,0.8886,209945.0,3337.0,43.0,31.766610598200938
20110526_8,15,1,68.358,0.8893,187606.0,3292.0,43.0,28.38651431511151
20110526_8,15,1,63.25,0.8887,177574.0,3046.0,43.0,26.868580391840403
20110526_8,15,3,37.273,0.6889,174781.0,1795.0,43.0,26.445973788202426
20110526_8,15,1,35.861,0.7349,90806.0,1727.0,43.0,13.739783476530683
20110530_4,19,1,82.54,0.899,216068.0,3975.0,75.0,32.693076847422326
20110530_4,19,3,56.667,0.4673,196479.0,2729.0,75.0,29.72908087224712
20110530_4,19,3,72.926,0.7094,150462.0,3512.0,75.0,22.766285283414746
20110530_4,19,1,67.486,0.8673,171242.0,3250.0,75.0,25.91049051921753
20110530_4,19,1,67.32,0.898,151327.0,3242.0,75.0,22.89716774390413
20110530_4,19,3,134.037,0.6046,296780.0,6455.0,75.0,44.90554523010348
20110530_4,19,1,91.199,0.8751,181615.0,4392.0,75.0,27.48002088067
20110530_4,19,1,64.142,0.8866,142068.0,3089.0,75.0,21.496195834457648
20110530_4,19,1,75.625,0.8754,167123.0,3642.0,75.0,25.287247912563455
20110530_4,19,1,70.538,0.9074,141605.0,3397.0,75.0,21.426139673525178
20110530_4,19,3,60.405,0.729,113909.0,2909.0,75.0,17.23547999061883
20110530_4,19,3,76.622,0.7784,118650.0,3690.0,75.0,17.95283692146296
20110530_4,19,1,70.808,0.8963,126081.0,3410.0,75.0,19.077215608048643
20110530_4,19,1,72.386,0.9045,124779.0,3486.0,75.0,18.880211025901616
20110530_4,19,1,133.476,0.5816,236986.0,6428.0,75.0,35.85816275322226
20110530_4,19,1,80.63,0.9023,104905.0,3883.0,75.0,15.873091927906211
20110530_4,19,1,70.85,0.894,152889.0,3412.0,75.0,23.133512718799413
20110530_4,19,1,62.357,0.8899,112823.0,3003.0,75.0,17.071158196293432
20110530_4,19,1,68.835,0.9224,106556.0,3315.0,75.0,16.122903421857625
20110530_4,19,1,73.3,0.8968,120060.0,3530.0,75.0,18.1661828975208
20110530_4,19,1,70.87,0.8923,87618.0,3413.0,75.0,13.257409737755935
20110530_4,19,1,67.652,0.8591,103551.0,3258.0,75.0,15.668219267209532
20110530_4,19,4,47.157,0.8839,123707.0,2271.0,75.0,18.718007560416506
20110530_4,19,1,63.27,0.8845,57331.0,3047.0,75.0,8.674707910192945
20110530_4,19,4,36.982,0.8006,98482.0,1781.0,75.0,14.901232917821451
20110530_4,19,1,187.693,0.383,200693.0,9039.0,75.0,30.366697853174596
20110530_4,19,1,64.745,0.89,81805.0,3118.0,75.0,12.377849341426696
20110530_4,19,1,121.599,0.6286,163345.0,5856.0,75.0,24.715601744090748
20110530_4,19,1,110.739,0.689,175657.0,5333.0,75.0,26.578520649923465
20110530_4,19,1,62.17,0.872,71868.0,2994.0,75.0,10.874289792428993
20110530_4,19,1,64.932,0.9068,46095.0,3127.0,75.0,6.97459770665685
20110530_5,19,1,37.854,0.6936,97800.0,1823.0,81.0,14.798040041458723
20110530_5,19,1,52.576,0.831,165057.0,2532.0,81.0,24.974643099417715
20110530_5,19,1,72.531,0.8968,168167.0,3493.0,81.0,25.44521472036799
20110530_5,19,4,41.779,0.8771,172389.0,2012.0,81.0,26.084042174918483
20110530_5,19,1,73.383,0.8846,159070.0,3534.0,81.0,24.068754901787717
20110530_5,19,1,58.64,0.8909,156335.0,2824.0,81.0,23.65492423191666
20110530_5,19,1,63.686,0.911,186038.0,3067.0,81.0,28.14926148499896
20110530_5,19,2,40.325,0.8858,103247.0,1942.0,81.0,15.62222126953465
20110530_5,19,4,47.801,0.8403,176206.0,2302.0,81.0,26.66158940230343
20110530_5,19,1,70.766,0.8796,136033.0,3408.0,81.0,20.583044795089513
20110530_5,19,4,43.523,0.8558,140374.0,2096.0,81.0,21.239878044782483
20110530_5,19,2,117.57,0.5692,214195.0,5662.0,81.0,32.409674710432014
20110530_5,19,1,65.824,0.8939,123672.0,3170.0,81.0,18.71271173831578
20110530_5,19,1,68.628,0.8378,152603.0,3305.0,81.0,23.090238286776334
20110530_5,19,4,52.743,0.8634,131115.0,2540.0,81.0,19.838906135335996
20110530_5,19,3,40.097,0.8466,140408.0,1931.0,81.0,21.24502255768033
20110530_5,19,1,58.308,0.8986,94402.0,2808.0,81.0,14.283891370079614
20110530_5,19,4,50.375,0.8979,140888.0,2426.0,81.0,21.317650975061724
20110530_5,19,1,78.844,0.8684,117152.0,3797.0,81.0,17.726175735551863
20110530_5,19,3,42.277,0.6099,154801.0,2036.0,81.0,23.42281591470196
20110530_5,19,4,47.115,0.8615,145935.0,2269.0,81.0,22.08130852198649
20110530_5,19,1,57.124,0.9193,121911.0,2751.0,81.0,18.446256232047794
20110530_5,19,1,61.879,0.8852,82852.0,2980.0,81.0,12.536270076839859
20110530_5,19,1,53.386,0.9139,67613.0,2571.0,81.0,10.230469134183524
20110530_5,19,1,63.208,0.8857,69545.0,3044.0,81.0,10.522798514143629
20110530_5,19,1,68.856,0.8974,91857.0,3316.0,81.0,13.898809448755356
20110530_5,19,1,66.551,0.8789,66082.0,3205.0,81.0,9.998814744577457
20110530_5,19,1,63.374,0.8801,44078.0,3052.0,81.0,6.6694070444521225
20110530_5,19,4,44.997,0.873,111718.0,2167.0,81.0,16.90396152711335
20110530_5,19,1,73.051,0.8714,52581.0,3518.0,81.0,7.955989196522915
20110530_5,19,4,136.882,0.2909,158181.0,6592.0,81.0,23.93424102042927
20110530_5,19,4,57.311,0.8919,79877.0,2760.0,81.0,12.086125198278102
20110530_5,19,1,24.025,0.5755,8983.0,1157.0,81.0,1.3592105694521852
20110530_6,19,2,21.056,0.7942,92636.0,1014.0,73.0,14.016679317797243
20110530_6,19,1,69.77,0.8995,189002.0,3360.0,73.0,28.597741962329053
20110530_6,19,1,65.035,0.8952,201968.0,3132.0,73.0,30.559617086843918
20110530_6,19,1,88.749,0.5611,191167.0,4274.0,73.0,28.92532638655971
20110530_6,19,4,55.92,0.9267,187483.0,2693.0,73.0,28.36790328315752
20110530_6,19,4,61.028,0.8797,199550.0,2939.0,73.0,30.193751434285154
20110530_6,19,1,57.477,0.8967,144687.0,2768.0,73.0,21.89247463679487
20110530_6,19,1,61.028,0.8881,132564.0,2939.0,73.0,20.058153170306074
20110530_6,19,1,74.816,0.9066,156382.0,3603.0,73.0,23.662035764451925
20110530_6,19,4,62.336,0.9133,154549.0,3002.0,73.0,23.38468599557673
20110530_6,19,1,56.875,0.8944,138676.0,2739.0,73.0,20.982955018295808
20110530_6,19,1,110.24,0.4617,197058.0,5309.0,73.0,29.816688900713427
20110530_6,19,1,64.641,0.8643,99463.0,3113.0,73.0,15.049667245844672
20110530_6,19,1,132.853,0.467,322732.0,6398.0,73.0,48.83232166319076
20110530_6,19,1,139.228,0.4592,298097.0,6705.0,73.0,45.104819450293675
20110530_6,19,1,70.663,0.9111,129285.0,3403.0,73.0,19.562010294069438
20110530_6,19,1,72.033,0.909,137437.0,3469.0,73.0,20.795482915930087
20110530_6,19,1,73.653,0.8999,135505.0,3547.0,73.0,20.503153535969982
20110530_6,19,1,55.733,0.8734,131403.0,2684.0,73.0,19.88248318576483
20110530_6,19,2,33.078,0.8785,122941.0,1593.0,73.0,18.602104711012036
20110530_6,19,4,57.498,0.8605,144861.0,2769.0,73.0,21.918802438095625
20110530_6,19,4,191.493,0.3982,372884.0,9222.0,73.0,56.42078080592326
20110530_6,19,4,56.252,0.8922,129857.0,2709.0,73.0,19.648559158115596
20110530_6,19,1,66.925,0.8989,83930.0,3223.0,73.0,12.699381397542234
20110530_6,19,1,72.843,0.8959,137992.0,3508.0,73.0,20.87945952352732
20110530_6,19,4,44.25,0.8867,109541.0,2131.0,73.0,16.57456139244816
20110530_6,19,1,197.598,0.3844,262069.0,9516.0,73.0,39.653451489008646
20110530_6,19,1,71.493,0.8867,124678.0,3443.0,73.0,18.864928796410947
20110530_6,19,1,64.599,0.8859,104924.0,3111.0,73.0,15.87596680276089
20110530_6,19,4,57.705,0.888,79299.0,2779.0,73.0,11.998668479014675
20110530_6,19,1,70.144,0.9204,85958.0,3378.0,73.0,13.00623646097862
20110530_6,19,1,69.396,0.8976,105571.0,3342.0,73.0,15.973863857022893
20110530_6,19,1,60.799,0.9108,101332.0,2928.0,73.0,15.332464146023469
20110530_6,19,1,68.939,0.9055,92971.0,3320.0,73.0,14.06736790076134
20110530_6,19,1,74.4,0.8675,56553.0,3583.0,73.0,8.556989350353938
20110530_6,19,1,56.065,0.8905,79471.0,2700.0,73.0,12.024693661909675
20110530_6,19,1,52.701,0.8738,111869.0,2538.0,73.0,16.926809216747913
20110530_7,19,1,82.166,0.5396,188746.0,3957.0,75.0,28.559006806392315
20110530_7,19,1,31.043,0.778,64342.0,1495.0,75.0,9.73553673156991
20110530_7,19,4,43.191,0.8908,137035.0,2080.0,75.0,20.734656616373172
20110530_7,19,2,32.372,0.9042,142152.0,1559.0,75.0,21.508905807499392
20110530_7,19,4,86.215,0.5248,290986.0,4152.0,75.0,44.028859708628914
20110530_7,19,1,56.314,0.8909,127299.0,2712.0,75.0,19.261510217153926
20110530_7,19,4,60.259,0.9005,192102.0,2902.0,75.0,29.06680049125055
20110530_7,19,1,62.128,0.8804,146332.0,2992.0,75.0,22.141378275529018
20110530_7,19,3,97.636,0.4319,253803.0,4702.0,75.0,38.40272961801992
20110530_7,19,4,47.157,0.8956,143655.0,2271.0,75.0,21.736323539424877
20110530_7,19,1,18.148,0.6282,27840.0,874.0,75.0,4.212448208120765
20110530_7,19,1,126.624,0.5415,249816.0,6098.0,75.0,37.79945982614573
20110530_7,19,4,36.774,0.8846,139562.0,1771.0,75.0,21.117014972045627
20110530_7,19,1,45.205,0.912,94360.0,2177.0,75.0,14.277536383558742
20110530_7,19,3,26.413,0.6699,108407.0,1272.0,75.0,16.402976756384618
20110530_7,19,1,52.161,0.8995,74534.0,2512.0,75.0,11.277680127301476
20110530_7,19,1,62.191,0.8977,145212.0,2995.0,75.0,21.97191196830577
20110530_7,19,1,47.759,0.8908,95777.0,2300.0,75.0,14.49194152403673
20110530_7,19,4,80.235,0.5754,201160.0,3864.0,75.0,30.437359250918576
20110530_7,19,4,44.582,0.8684,136103.0,2147.0,75.0,20.593636439290968
20110530_7,19,1,56.563,0.8993,92819.0,2724.0,75.0,14.044368901923898
20110530_7,19,1,63.374,0.8772,128065.0,3052.0,75.0,19.377413066558397
20110530_7,19,4,40.18,0.8847,114402.0,1935.0,75.0,17.31007542763764
20110530_7,19,1,58.37,0.8973,117019.0,2811.0,75.0,17.7060516115691
20110530_7,19,3,32.227,0.5875,77844.0,1552.0,75.0,11.778513588827328
20110530_7,19,1,54.632,0.9189,110623.0,2631.0,75.0,16.73827794996205
20110530_7,19,1,57.705,0.8958,120833.0,2779.0,75.0,18.283144911345417
20110530_7,19,1,44.831,0.8655,69241.0,2159.0,75.0,10.476800516468748
20110530_7,19,1,118.858,0.4994,194422.0,5724.0,75.0,29.41783784192728
20110530_7,19,1,57.975,0.9063,102497.0,2792.0,75.0,15.508739367376226
20110530_7,19,1,55.754,0.8613,85893.0,2685.0,75.0,12.996401362791556
20110530_7,19,1,58.536,0.9012,74157.0,2819.0,75.0,11.220636557816508
20110530_7,19,1,61.339,0.9082,79744.0,2954.0,75.0,12.066001074295341
20110530_7,19,1,45.994,0.9104,93598.0,2215.0,75.0,14.162238770965784
20110530_7,19,3,39.536,0.5233,107268.0,1904.0,75.0,16.230635574306692
20110530_7,19,1,26.392,0.6556,30708.0,1271.0,75.0,4.646403001974586
20110530_7,19,4,36.442,0.9076,113990.0,1755.0,75.0,17.24773603605194
20110530_7,19,1,114.684,0.4941,117326.0,5523.0,75.0,17.75250353685262
20110530_7,19,1,50.957,0.8768,68196.0,2454.0,75.0,10.318682399461341
20110530_7,19,1,55.421,0.9027,62900.0,2669.0,75.0,9.517348861019975
20110530_7,19,1,62.876,0.8761,63337.0,3028.0,75.0,9.58347098267762
20110530_7,19,1,60.301,0.9055,81350.0,2904.0,75.0,12.30900365411725
20110530_7,19,3,34.698,0.6527,111315.0,1671.0,75.0,16.842983918353553
20110530_7,19,1,77.411,0.59,86011.0,3728.0,75.0,13.014255848731148
20110530_7,19,1,61.007,0.8827,67499.0,2938.0,75.0,10.213219885055443
20110530_7,19,4,30.296,0.8109,77081.0,1459.0,75.0,11.663064667031492
20110530_7,19,3,31.791,0.7427,89124.0,1531.0,75.0,13.485281397290054
20110530_7,19,1,42.319,0.8576,43394.0,2038.0,75.0,6.565911549683638
20110530_8,19,1,38.103,0.6203,76386.0,1835.0,70.0,11.55790477103135
20110530_8,19,1,151.832,0.5201,383650.0,7312.0,70.0,58.04977568410674
20110530_8,19,1,64.309,0.8819,148445.0,3097.0,70.0,22.46109462121002
20110530_8,19,1,98.031,0.8762,232681.0,4721.0,70.0,35.2067766348329
20110530_8,19,4,42.381,0.9137,130556.0,2041.0,70.0,19.75432429092725
20110530_8,19,1,81.315,0.9027,176400.0,3916.0,70.0,26.690943387661747
20110530_8,19,1,163.398,0.5456,358920.0,7869.0,70.0,54.30789909693625
20110530_8,19,1,74.317,0.8919,179837.0,3579.0,70.0,27.21099311795309
20110530_8,19,2,31.334,0.838,118481.0,1509.0,70.0,17.927265666176595
20110530_8,19,2,30.13,0.8971,145747.0,1451.0,70.0,22.052862391845444
20110530_8,19,1,189.894,0.4427,442764.0,9145.0,70.0,66.99426790303097
20110530_8,19,1,72.345,0.8713,168706.0,3484.0,70.0,25.526770380719174
20110530_8,19,1,69.251,0.9128,130819.0,3335.0,70.0,19.794118611284137
20110530_8,19,1,69.874,0.877,129348.0,3365.0,70.0,19.571542773850748
20110530_8,19,1,127.974,0.5601,277509.0,6163.0,70.0,41.98966558144345
20110530_8,19,4,59.74,0.894,148833.0,2877.0,70.0,22.51980259192665
20110530_8,19,1,67.112,0.8787,124071.0,3232.0,70.0,18.77308411026406
20110530_8,19,4,51.081,0.8831,154241.0,2460.0,70.0,23.338082761090337
20110530_8,19,1,77.37,0.8891,143503.0,3726.0,70.0,21.713324540587436
20110530_8,19,1,61.755,0.8885,109060.0,2974.0,70.0,16.501781665863888
20110530_8,19,4,199.903,0.2949,455069.0,9627.0,70.0,68.85612764444356
20110530_8,19,3,72.615,0.6941,147709.0,3497.0,70.0,22.349731047891886
20110530_8,19,3,57.124,0.7046,167169.0,2751.0,70.0,25.29420813589584
20110530_8,19,4,125.482,0.5686,280714.0,6043.0,70.0,42.474611576667115
20110530_8,19,4,31.853,0.8308,96429.0,1534.0,70.0,14.59059512431312
20110530_8,19,1,70.351,0.8965,105166.0,3388.0,70.0,15.912583629857343
20110530_8,19,1,74.172,0.8757,124729.0,3572.0,70.0,18.87264556575772
20110530_8,19,2,40.035,0.8728,117004.0,1928.0,70.0,17.703781973525935
20110530_8,19,1,91.76,0.481,152512.0,4419.0,70.0,23.076469149314445
20110530_8,19,1,63.623,0.8593,127444.0,3064.0,70.0,19.283450051571222
20110530_8,19,1,62.751,0.9019,112730.0,3022.0,70.0,17.057086440425785
20110530_9,19,1,143.547,0.5676,356132.0,6913.0,74.0,53.88604903931265
20110530_9,19,1,52.743,0.87,171515.0,2540.0,74.0,25.9517979316032
20110530_9,19,3,48.237,0.6396,173207.0,2323.0,74.0,26.20781310287261
20110530_9,19,3,33.867,0.7573,88210.0,1631.0,74.0,13.346984785859652
20110530_9,19,1,62.772,0.904,162788.0,3023.0,74.0,24.631322518087757
20110530_9,19,1,49.046,0.8811,132684.0,2362.0,74.0,20.076310274651423
20110530_9,19,1,75.418,0.9016,195163.0,3632.0,74.0,29.529957961259804
20110530_9,19,1,74.047,0.8723,158058.0,3566.0,74.0,23.91562998847528
20110530_9,19,1,77.972,0.8788,177912.0,3755.0,74.0,26.919722902413135
20110530_9,19,1,71.639,0.8718,130544.0,3450.0,74.0,19.752508580492716
20110530_9,19,1,72.158,0.8608,168386.0,3475.0,74.0,25.47835143579825
20110530_9,19,1,63.416,0.8957,171088.0,3054.0,74.0,25.887188901974337
20110530_9,19,1,65.16,0.8978,147776.0,3138.0,74.0,22.359868764484705
20110530_9,19,1,61.817,0.8902,128354.0,2977.0,74.0,19.42114142619011
20110530_9,19,1,26.828,0.702,44272.0,1292.0,74.0,6.698761029810435
20110530_9,19,1,75.439,0.868,140988.0,3633.0,74.0,21.332781895349513
20110530_9,19,1,74.649,0.8722,106744.0,3595.0,74.0,16.15134955199867
20110530_9,19,1,66.011,0.8982,161807.0,3179.0,74.0,24.482888190064532
20110530_9,19,1,72.012,0.868,121578.0,3468.0,74.0,18.395870267489453
20110530_9,19,2,24.419,0.8353,115455.0,1176.0,74.0,17.469404018268065
20110530_9,19,1,73.424,0.8216,106865.0,3536.0,74.0,16.169657965546897
20110530_9,19,4,43.149,0.8824,119299.0,2078.0,74.0,18.051036594130718
20110530_9,19,4,130.881,0.4975,301237.0,6303.0,74.0,45.579930347330276
20110530_9,19,4,53.552,0.8443,129059.0,2579.0,74.0,19.52781441421903
20110530_9,19,1,94.314,0.8561,142139.0,4542.0,74.0,21.506938787861976
20110530_9,19,1,53.137,0.8915,84060.0,2559.0,74.0,12.719051593916362
20110530_9,19,1,88.022,0.8687,118658.0,4239.0,74.0,17.954047395085983
20110530_9,19,1,17.006,0.6696,26240.0,819.0,74.0,3.970353483516124
20110530_9,19,1,65.804,0.82,77032.0,3169.0,74.0,11.655650516090473
20110603_1,23,1,19.207,0.7438,34296.0,925.0,82.0,5.189300421900494
20110603_1,23,2,21.18,0.8817,62651.0,1020.0,82.0,9.479672869503379
20110603_1,23,1,40.99,0.89,77892.0,1974.0,82.0,11.785776430565468
20110603_1,23,1,26.89,0.8603,64828.0,1295.0,82.0,9.80907300416857
20110603_1,23,4,26.392,0.8744,68591.0,1271.0,82.0,10.378449534598111
20110603_1,23,1,35.529,0.8955,79358.0,1711.0,82.0,12.00759572198447
20110603_1,23,4,23.153,0.8476,62092.0,1115.0,82.0,9.395091025094631
20110603_1,23,1,27.763,0.9054,65095.0,1337.0,82.0,9.849472561336968
20110603_1,23,1,35.529,0.8652,76949.0,1711.0,82.0,11.643091852251608
20110603_1,23,1,33.307,0.8806,60156.0,1604.0,82.0,9.102156408323015
20110603_1,23,1,30.171,0.9177,61637.0,1453.0,82.0,9.326245337785187
20110603_1,23,1,29.195,0.9138,54468.0,1406.0,82.0,8.241509662353515
20110603_1,23,1,33.701,0.9049,75264.0,1623.0,82.0,11.388135845402344
20110603_1,23,1,26.454,0.9321,54735.0,1274.0,82.0,8.281909219521914
20110603_1,23,1,34.781,0.9095,71216.0,1675.0,82.0,10.775636192152602
20110603_1,23,1,32.559,0.8731,73654.0,1568.0,82.0,11.144528028768924
20110603_1,23,1,35.529,0.9149,71204.0,1711.0,82.0,10.773820481718067
20110603_1,23,1,33.909,0.8965,61650.0,1633.0,82.0,9.3282123574226
20110603_1,23,1,30.94,0.818,51148.0,1490.0,82.0,7.739163108798883
20110603_1,23,1,36.338,0.9119,58521.0,1750.0,82.0,8.854765861617647
20110603_1,23,1,31.168,0.9142,71309.0,1501.0,82.0,10.789707948020245
20110603_1,23,1,32.082,0.902,60336.0,1545.0,82.0,9.129392064841037
20110603_1,23,1,29.299,0.8986,45229.0,1411.0,82.0,6.843563936964586
20110603_1,23,1,26.62,0.9034,55058.0,1282.0,82.0,8.330782092051477
20110603_1,23,1,35.549,0.9126,66931.0,1712.0,82.0,10.127276257820796
20110603_1,23,1,31.126,0.9174,43008.0,1499.0,82.0,6.507506197372768
20110603_10,23,1,25.292,0.7009,38684.0,1218.0,108.0,5.853245204128725
20110603_10,23,1,21.554,0.6502,29762.0,1038.0,108.0,4.503264496052091
20110603_10,23,4,147.513,0.414,283731.0,7104.0,108.0,42.93111144174974
20110603_10,23,1,59.595,0.8949,91419.0,2870.0,108.0,13.832536017894837
20110603_10,23,1,56.418,0.8895,135979.0,2717.0,108.0,20.574874098134107
20110603_10,23,1,52.888,0.8974,114346.0,2547.0,108.0,17.301602112276473
20110603_10,23,3,26.101,0.5291,75133.0,1257.0,108.0,11.36831433982534
20110603_10,23,1,59.74,0.8803,80141.0,2877.0,108.0,12.126070827837868
20110603_10,23,1,42.817,0.7578,113860.0,2062.0,108.0,17.228065839677814
20110603_10,23,1,56.667,0.8988,155137.0,2729.0,108.0,23.473655806868933
20110603_10,23,2,37.584,0.903,94655.0,1810.0,108.0,14.322172598407723
20110603_10,23,2,29.071,0.8991,82770.0,1400.0,108.0,12.52386272220387
20110603_10,23,1,48.693,0.9103,144103.0,2345.0,108.0,21.804110062314173
20110603_10,23,1,107.333,0.5577,329119.0,5169.0,108.0,49.79873354197192
20110603_10,23,1,49.711,0.8907,134467.0,2394.0,108.0,20.346094583382722
20110603_10,23,3,43.129,0.7364,154933.0,2077.0,108.0,23.442788729481848
20110603_10,23,1,50.479,0.894,93259.0,2431.0,108.0,14.110944951190174
20110603_10,23,1,42.319,0.8753,149175.0,2038.0,108.0,22.57155033931089
20110603_10,23,1,59.678,0.8992,181822.0,2874.0,108.0,27.511341885665725
20110603_10,23,1,54.985,0.9034,139307.0,2648.0,108.0,21.078431125311763
20110603_10,23,1,62.357,0.9023,67469.0,3003.0,108.0,10.208680608969106
20110603_10,23,4,168.714,0.3936,422741.0,8125.0,108.0,63.96460373380677
20110603_10,23,1,58.827,0.8825,82003.0,2833.0,108.0,12.40780856359652
20110603_10,23,4,40.491,0.9086,141850.0,1950.0,108.0,21.463210428230262
20110603_10,23,1,38.768,0.79,106444.0,1867.0,108.0,16.1059567911353
20110603_3,23,1,59.782,0.8999,141342.0,2879.0,88.0,21.38634535316829
20110603_3,23,1,83.08,0.8792,177154.0,4001.0,88.0,26.80503052663168
20110603_3,23,4,55.567,0.8239,132806.0,2676.0,88.0,20.094769997402526
20110603_3,23,1,70.559,0.8923,176035.0,3398.0,88.0,26.635715528611314
20110603_3,23,3,42.589,0.6642,94269.0,2051.0,88.0,14.263767246096855
20110603_3,23,2,41.467,0.8842,164886.0,1997.0,88.0,24.94876922572559
20110603_3,23,3,39.889,0.7353,133851.0,1921.0,88.0,20.252888114409934
20110603_3,23,3,65.617,0.7068,156075.0,3160.0,88.0,23.615583839168405
20110603_3,23,3,120.207,0.5258,321781.0,5789.0,88.0,48.688426611253874
20110603_3,23,3,34.76,0.8305,133513.0,1674.0,88.0,20.201745603837203
20110603_3,23,1,81.273,0.8985,187388.0,3914.0,88.0,28.35352890888412
20110603_3,23,1,146.558,0.5874,324468.0,7058.0,88.0,49.094994439386795
20110603_3,23,1,67.942,0.8807,144757.0,3272.0,88.0,21.903066280996324
20110603_3,23,4,176.21,0.361,419060.0,8486.0,88.0,63.407634558013214
20110603_3,23,1,68.399,0.8724,150375.0,3294.0,88.0,22.753121382764373
20110603_3,23,1,58.681,0.9012,149286.0,2826.0,88.0,22.588345660830335
20110603_3,23,1,80.318,0.888,190571.0,3868.0,88.0,28.835146101644483
20110603_3,23,1,148.178,0.4677,360030.0,7136.0,88.0,54.47585231213071
20110603_3,23,1,73.777,0.8979,153939.0,3553.0,88.0,23.292387381821207
20110603_3,23,3,56.21,0.7027,130887.0,2707.0,88.0,19.804407637079834
20110603_3,23,2,37.065,0.8983,162322.0,1785.0,88.0,24.560812429546655
20110603_3,23,1,50.811,0.8102,136352.0,2447.0,88.0,20.631312430807565
20110603_3,23,1,69.438,0.8904,132106.0,3344.0,88.0,19.988853555387998
20110603_3,23,1,55.795,0.8766,158414.0,2687.0,88.0,23.969496064699815
20110603_5,23,1,57.249,0.8805,127370.0,2757.0,92.0,19.272253170558255
20110603_5,23,1,105.88,0.7007,235462.0,5099.0,92.0,35.62756752803634
20110603_5,23,1,35.57,0.7836,97981.0,1713.0,92.0,14.825427007179623
20110603_5,23,1,76.643,0.9267,120169.0,3691.0,92.0,18.18267560063449
20110603_5,23,3,51.185,0.6599,130073.0,2465.0,92.0,19.681241945937224
20110603_5,23,1,67.34,0.9062,116355.0,3243.0,92.0,17.605582300858178
20110603_5,23,1,70.476,0.8981,150566.0,3394.0,92.0,22.78202144051405
20110603_5,23,3,46.472,0.6314,116657.0,2238.0,92.0,17.651277680127304
20110603_5,23,3,35.009,0.654,127723.0,1686.0,92.0,19.325665319174156
20110603_5,23,1,69.251,0.8813,145363.0,3335.0,92.0,21.99475965794033
20110603_5,23,4,56.729,0.8189,184017.0,2732.0,92.0,27.843465585982717
20110603_5,23,1,79.612,0.8999,134443.0,3834.0,92.0,20.34246316251365
20110603_5,23,1,71.306,0.895,142788.0,3434.0,92.0,21.605138460529734
20110603_5,23,3,37.418,0.7427,130556.0,1802.0,92.0,19.75432429092725
20110603_5,23,1,76.331,0.878,131716.0,3676.0,92.0,19.929842966265614
20110603_5,23,1,73.237,0.8972,159920.0,3527.0,92.0,24.197367724233935
20110603_5,23,1,23.776,0.654,60440.0,1145.0,92.0,9.14512822194034
20110603_5,23,1,146.641,0.5547,315820.0,7062.0,92.0,47.786472452898714
20110603_5,23,4,52.535,0.8741,157303.0,2530.0,92.0,23.80139154030247
20110603_5,23,4,57.477,0.9008,200665.0,2768.0,92.0,30.362461195494017
20110603_5,23,1,83.329,0.8507,175737.0,4013.0,92.0,26.5906253861537
20110603_5,23,3,34.511,0.632,129126.0,1662.0,92.0,19.537952130811853
20110603_5,23,1,144.482,0.4807,314801.0,6958.0,92.0,47.63228837516613
20110603_5,23,3,41.01,0.5964,162032.0,1975.0,92.0,24.516932760712063
20110603_5,23,1,68.42,0.8918,132816.0,3295.0,92.0,20.096283089431306
20110603_5,23,4,45.06,0.8709,112829.0,2170.0,92.0,17.072066051510696
20110603_5,23,1,76.103,0.8306,101880.0,3665.0,92.0,15.415381589200559
20110603_5,23,3,136.363,0.521,217425.0,6567.0,92.0,32.89840343572764
20110603_5,23,1,69.645,0.8584,127111.0,3354.0,92.0,19.23306408701288
20110603_5,23,3,68.399,0.7206,166389.0,3294.0,92.0,25.176186957651076
20110603_5,23,1,88.23,0.9183,188507.0,4249.0,92.0,28.52284390690449
20110603_6,23,1,76.29,0.8759,169914.0,3674.0,100.0,25.70955189779568
20110603_6,23,1,66.302,0.8893,136857.0,3193.0,100.0,20.707723578260904
20110603_6,23,3,46.409,0.6938,156593.0,2235.0,100.0,23.69396200625916
20110603_6,23,1,78.117,0.8996,136511.0,3762.0,100.0,20.65537059406515
20110603_6,23,1,83.973,0.8985,159651.0,4044.0,100.0,24.15666554865978
20110603_6,23,1,60.446,0.8767,118956.0,2911.0,100.0,17.999137537543596
20110603_6,23,1,66.883,0.8963,109204.0,3221.0,100.0,16.523570191078306
20110603_6,23,1,80.754,0.8902,106955.0,3889.0,100.0,16.183275793805908
20110603_6,23,3,42.692,0.666,140711.0,2056.0,100.0,21.290869246152337
20110603_6,23,1,96.639,0.8967,204383.0,4654.0,100.0,30.92502881179405
20110603_6,23,1,69.126,0.9022,135863.0,3329.0,100.0,20.55732223060027
20110603_6,23,3,122.056,0.5387,307281.0,5878.0,100.0,46.49444316952432
20110603_6,23,1,60.882,0.8881,153911.0,2932.0,100.0,23.28815072414063
20110603_6,23,3,43.959,0.7007,138657.0,2117.0,100.0,20.98008014344113
20110603_6,23,1,66.987,0.8916,123158.0,3226.0,100.0,18.634938808036537
20110603_6,23,1,67.756,0.8417,79188.0,3263.0,100.0,11.98187315749523
20110603_6,23,1,72.905,0.89,130762.0,3511.0,100.0,19.7854939867201
20110603_6,23,3,125.98,0.4671,324530.0,6067.0,100.0,49.10437560996523
20110603_6,23,1,79.239,0.8949,145768.0,3816.0,100.0,22.056039885105882
20110603_6,23,1,63.81,0.9025,105164.0,3073.0,100.0,15.912281011451585
20110603_6,23,3,40.159,0.7318,150964.0,1934.0,100.0,22.842242503259456
20110603_6,23,1,70.538,0.8949,91573.0,3397.0,100.0,13.855837635138032
20110603_6,23,1,69.936,0.9009,170354.0,3368.0,100.0,25.776127947061955
20110603_6,23,3,120.976,0.5234,244422.0,5826.0,100.0,36.98329798582233
20110603_6,23,1,66.8,0.8981,155788.0,3217.0,100.0,23.572158097942445
20110603_9,23,4,87.877,0.356,205816.0,4232.0,91.0,31.14185489951808
20110603_9,23,1,37.335,0.6885,49919.0,1798.0,91.0,7.553204098461943
20110603_9,23,4,36.92,0.649,110101.0,1778.0,91.0,16.659294546059783
20110603_9,23,1,75.729,0.9042,158813.0,3647.0,91.0,24.029868436648098
20110603_9,23,1,63.956,0.9012,101809.0,3080.0,91.0,15.404638635796227
20110603_9,23,1,67.07,0.8686,91394.0,3230.0,91.0,13.828753287822888
20110603_9,23,1,71.016,0.8961,78129.0,3420.0,91.0,11.821636711647532
20110603_9,23,3,38.27,0.6728,130205.0,1843.0,91.0,19.701214760717107
20110603_9,23,1,20.017,0.6944,56147.0,964.0,91.0,8.49555781398551
20110603_9,23,1,80.443,0.87,140026.0,3874.0,91.0,21.18722244218097
20110603_9,23,1,81.813,0.8918,106816.0,3940.0,91.0,16.162243814605876
20110603_9,23,1,75.75,0.8897,157446.0,3648.0,91.0,23.823028756314006
20110603_9,23,3,46.285,0.4638,137636.0,2229.0,91.0,20.82559344730279
20110603_9,23,1,71.784,0.9026,138456.0,3457.0,91.0,20.949666993662667
20110603_9,23,1,74.649,0.8623,157760.0,3595.0,91.0,23.87053984601767
20110603_9,23,2,104.094,0.5418,227500.0,5013.0,91.0,34.42284365472249
20110603_9,23,1,67.361,0.8896,192034.0,3244.0,91.0,29.056511465454854
20110603_9,23,1,47.614,0.7704,143434.0,2293.0,91.0,21.702884205588862
20110603_9,23,1,84.554,0.8758,218462.0,4072.0,91.0,33.05531107911202
20110603_9,23,1,72.531,0.88,205964.0,3493.0,91.0,31.16424866154401
20110603_9,23,1,83.578,0.9013,210743.0,4025.0,91.0,31.887355342097504
20110603_9,23,1,82.021,0.878,221344.0,3950.0,91.0,33.49138420180613
20110603_9,23,3,41.301,0.7964,114685.0,1989.0,91.0,17.352895932052082
20110603_9,23,1,37.148,0.7348,102008.0,1789.0,91.0,15.434749167168931
20110603_9,23,1,38.851,0.7099,90795.0,1871.0,91.0,13.738119075299025
20110607_1,27,4,49.358,0.7731,152165.0,2377.0,73.0,23.023964855915814
20110607_1,27,1,83.869,0.9044,190820.0,4039.0,73.0,28.87282209316108
20110607_1,27,1,67.361,0.9027,238391.0,3244.0,73.0,36.07075218326571
20110607_1,27,1,76.809,0.8872,205346.0,3699.0,73.0,31.07073957416547
20110607_1,27,1,67.195,0.8955,142044.0,3236.0,73.0,21.49256441358858
20110607_1,27,1,70.953,0.8898,125700.0,3417.0,73.0,19.019566801752163
20110607_1,27,2,43.108,0.8766,161148.0,2076.0,73.0,24.383175425368
20110607_1,27,1,46.285,0.8253,77620.0,2229.0,73.0,11.74462032738268
20110607_1,27,1,79.799,0.8796,153443.0,3843.0,73.0,23.21733801719377
20110607_1,27,2,37.73,0.8998,126761.0,1817.0,73.0,19.180105866005615
20110607_1,27,4,121.91,0.5502,328811.0,5871.0,73.0,49.75213030748552
20110607_1,27,1,71.327,0.8846,141662.0,3435.0,73.0,21.434764298089217
20110607_1,27,1,79.322,0.8621,182482.0,3820.0,73.0,27.611205959565137
20110607_1,27,1,79.28,0.889,79946.0,3818.0,73.0,12.096565533276678
20110607_1,27,2,32.393,0.9304,154537.0,1560.0,73.0,23.382870285142193
20110607_1,27,1,64.869,0.8958,175456.0,3124.0,73.0,26.548107500145008
20110607_1,27,2,33.39,0.8828,160946.0,1608.0,73.0,24.352610966386663
20110607_1,27,1,39.017,0.8465,57456.0,1879.0,73.0,8.693621560552682
20110607_1,27,3,54.321,0.7313,106372.0,2616.0,73.0,16.09506252852809
20110607_2,27,1,60.924,0.9012,130283.0,2934.0,72.0,19.713016878541584
20110607_2,27,1,54.757,0.9029,132961.0,2637.0,72.0,20.118222923848602
20110607_2,27,1,61.111,0.9049,139874.0,2943.0,72.0,21.16422344334353
20110607_2,27,1,75.75,0.8867,141590.0,3648.0,72.0,21.42387003548201
20110607_2,27,1,58.411,0.9024,137179.0,2813.0,72.0,20.75644514158759
20110607_2,27,3,48.673,0.705,129644.0,2344.0,72.0,19.616330297902604
20110607_2,27,2,34.47,0.9084,172160.0,1660.0,72.0,26.049392367459443
20110607_2,27,1,123.364,0.4873,299320.0,5941.0,72.0,45.28987060541334
20110607_2,27,1,71.078,0.8997,141657.0,3423.0,72.0,21.43400775207483
20110607_2,27,3,48.091,0.7155,121305.0,2316.0,72.0,18.354562855103786
20110607_2,27,1,111.133,0.5729,249523.0,5352.0,72.0,37.755126229702505
20110607_2,27,1,113.147,0.5893,271672.0,5449.0,72.0,41.10647376424514
20110607_2,27,4,28.863,0.6282,133438.0,1390.0,72.0,20.190397413621362
20110607_2,27,2,35.134,0.9089,147659.0,1692.0,72.0,22.342165587747992
20110607_2,27,1,51.933,0.8597,121396.0,2501.0,72.0,18.368331992565675
20110607_2,27,1,66.011,0.9053,152942.0,3179.0,72.0,23.141532106551942
20110607_2,27,2,34.262,0.9087,153736.0,1650.0,72.0,23.261671613637
20110607_2,27,1,55.961,0.9005,100550.0,2695.0,72.0,15.21414034937295
20110607_2,27,1,73.923,0.8891,144527.0,3560.0,72.0,21.868265164334407
20110607_2,27,1,44.769,0.8748,75828.0,2156.0,72.0,11.473474235825481
20110607_2,27,1,25.188,0.7007,46492.0,1213.0,72.0,7.034667460199375
20110607_3,27,1,84.056,0.8834,179169.0,4048.0,75.0,27.109918570430654
20110607_3,27,1,60.903,0.8966,154548.0,2933.0,75.0,23.38453468637385
20110607_3,27,3,177.269,0.2603,455690.0,8537.0,75.0,68.95009065943073
20110607_3,27,3,59.429,0.7255,205342.0,2862.0,75.0,31.07013433735396
20110607_3,27,1,74.691,0.8929,149177.0,3597.0,75.0,22.571852957716647
20110607_3,27,1,68.129,0.8969,144310.0,3281.0,75.0,21.8354310673099
20110607_3,27,1,159.411,0.5598,354070.0,7677.0,75.0,53.57404946297843
20110607_3,27,1,77.91,0.8563,126188.0,3752.0,75.0,19.093405692756576
20110607_3,27,1,75.002,0.9033,164709.0,3612.0,75.0,24.921987496816204
20110607_3,27,1,68.856,0.8946,162112.0,3316.0,75.0,24.529037496942294
20110607_3,27,1,75.646,0.8931,166857.0,3643.0,75.0,25.246999664597936
20110607_3,27,1,76.415,0.8891,161105.0,3680.0,75.0,24.37666912964425
20110607_3,27,3,46.825,0.7149,145579.0,2255.0,75.0,22.027442445761956
20110607_3,27,2,36.318,0.8763,169216.0,1749.0,75.0,25.603938074186903
20110607_3,27,3,50.126,0.7073,148778.0,2414.0,75.0,22.511480585768364
20110607_3,27,2,40.782,0.9135,163354.0,1964.0,75.0,24.716963526916647
20110607_4,27,1,31.085,0.7243,84143.0,1497.0,49.0,12.731610257755227
20110607_4,27,1,49.669,0.8123,160865.0,2392.0,49.0,24.34035492095355
20110607_4,27,3,67.278,0.7222,261473.0,3240.0,49.0,39.56327120409342
20110607_4,27,1,84.118,0.8815,302345.0,4051.0,49.0,45.747580944118994
20110607_4,27,1,139.103,0.5065,411655.0,6699.0,49.0,62.28718991070235
20110607_4,27,1,67.278,0.8713,199743.0,3240.0,49.0,30.22295411044059
20110607_4,27,2,188.212,0.3253,655959.0,9064.0,49.0,99.25263341058509
20110607_4,27,1,67.631,0.8911,232201.0,3257.0,49.0,35.134148217451504
20110607_4,27,4,46.015,0.9012,216681.0,2216.0,49.0,32.78582938878648
20110607_4,27,3,49.794,0.669,221838.0,2398.0,49.0,33.56613094802781
20110607_4,27,1,28.593,0.7211,72596.0,1377.0,49.0,10.984442892124106
20110607_4,27,1,76.498,0.8791,243295.0,3684.0,49.0,36.81277251417894
20110607_4,27,1,33.888,0.7595,105224.0,1632.0,49.0,15.92135956362426
20110607_4,27,2,36.152,0.9072,214319.0,1741.0,49.0,32.42843705158887
20110607_4,27,1,67.963,0.8715,209819.0,3273.0,49.0,31.74754563863832
20110607_4,27,1,74.774,0.8994,227082.0,3601.0,49.0,34.359596407919526
20110607_4,27,1,58.038,0.8988,148068.0,2795.0,49.0,22.40405105172505
20110607_4,27,1,71.639,0.904,259480.0,3450.0,49.0,39.261711962757765
20110607_7,27,1,70.995,0.5852,198702.0,3419.0,75.0,30.065441230244694
20110607_7,27,1,76.331,0.856,138813.0,3676.0,75.0,21.00368437909008
20110607_7,27,1,66.053,0.9,161778.0,3181.0,75.0,24.47850022318108
20110607_7,27,1,53.864,0.8354,100916.0,2594.0,75.0,15.269519517626263
20110607_7,27,1,135.241,0.5819,298809.0,6513.0,75.0,45.212551602742735
20110607_7,27,1,55.151,0.8305,113150.0,2656.0,75.0,17.120636305634502
20110607_7,27,1,84.596,0.9004,172209.0,4074.0,75.0,26.05680651840046
20110607_7,27,4,119.065,0.4618,353318.0,5734.0,75.0,53.46026494241425
20110607_7,27,2,41.717,0.8157,177152.0,2009.0,75.0,26.804727908225928
20110607_7,27,1,47.676,0.8216,102999.0,2296.0,75.0,15.58469658722093
20110607_7,27,2,32.829,0.8942,172569.0,1581.0,75.0,26.111277831436507
20110607_7,27,1,80.651,0.8953,172348.0,3884.0,75.0,26.077838497600492
20110607_7,27,3,38.062,0.5731,150778.0,1833.0,75.0,22.814098991524165
20110607_7,27,3,102.557,0.3964,312498.0,4939.0,75.0,47.28382328093832
20110607_7,27,1,51.87,0.8756,141944.0,2498.0,75.0,21.477433493300786
20110607_7,27,3,55.089,0.7665,179169.0,2653.0,75.0,27.109918570430654
20110607_7,27,1,66.572,0.905,152369.0,3206.0,75.0,23.054831933302907
20110607_7,27,1,137.11,0.5323,321658.0,6603.0,75.0,48.66981557929989
20110607_7,27,2,39.017,0.8956,158643.0,1879.0,75.0,24.004145872158855
20110607_7,27,3,57.456,0.7184,145872.0,2767.0,75.0,22.071776042205183
20110607_7,27,1,21.429,0.7028,46407.0,1032.0,75.0,7.021806177954755
20110607_7,27,1,78.719,0.8203,165379.0,3791.0,75.0,25.0233646627444
20110607_7,27,1,83.641,0.891,184839.0,4028.0,75.0,27.967841750748352
20110607_7,27,1,31.396,0.718,42360.0,1512.0,75.0,6.409457833907888
20110607_7,27,1,83.454,0.8835,140166.0,4019.0,75.0,21.20840573058388
20110607_7,27,1,71.95,0.883,149831.0,3465.0,75.0,22.67080917639879
20110607_7,27,1,147.513,0.5357,243183.0,7104.0,75.0,36.79582588345661
20110607_7,27,4,28.988,0.7738,102155.0,1396.0,75.0,15.456991619991982
20110607_9,27,1,35.612,0.7726,96305.0,1715.0,81.0,14.57183278315626
20110607_9,27,1,79.758,0.9092,148735.0,3841.0,81.0,22.504974290044615
20110607_9,27,1,76.061,0.8914,196751.0,3663.0,81.0,29.77023697542991
20110607_9,27,2,41.197,0.8945,124535.0,1984.0,81.0,18.843291580399406
20110607_9,27,3,95.082,0.4467,289764.0,4579.0,81.0,43.84395986271212
20110607_9,27,1,72.739,0.8946,130690.0,3503.0,81.0,19.77459972411289
20110607_9,27,1,80.817,0.8938,203774.0,3892.0,81.0,30.83288150724141
20110607_9,27,1,76.29,0.8884,156108.0,3674.0,81.0,23.620577042863374
20110607_9,27,1,63.997,0.906,154221.0,3082.0,81.0,23.335056577032777
20110607_9,27,1,78.366,0.87,133990.0,3774.0,81.0,20.273920093609963
20110607_9,27,1,68.732,0.893,137196.0,3310.0,81.0,20.759017398036512
20110607_9,27,1,57.29,0.8956,106066.0,2759.0,81.0,16.048761912447453
20110607_9,27,1,69.5,0.8845,151718.0,3347.0,81.0,22.956329642229395
20110607_9,27,1,65.762,0.8919,108065.0,3167.0,81.0,16.351229009000377
20110607_9,27,1,66.364,0.8992,152099.0,3196.0,81.0,23.013978448525872
20110607_9,27,4,109.057,0.474,194677.0,5252.0,81.0,29.45642168866114
20110607_9,27,2,111.569,0.6017,217966.0,5373.0,81.0,32.98026171448458
20110607_9,27,1,80.277,0.8761,137020.0,3866.0,81.0,20.732386978330002
20110607_9,27,1,102.225,0.7164,261766.0,4923.0,81.0,39.60760480053665
20110607_9,27,1,71.099,0.8865,109673.0,3424.0,81.0,16.594534207228044
20110607_9,27,3,48.112,0.6971,145277.0,2317.0,81.0,21.981747066492833
20110607_9,27,3,33.743,0.8086,98207.0,1625.0,81.0,14.859622887030028
20110607_9,27,3,43.295,0.4966,145202.0,2085.0,81.0,21.970398876276988
20110607_9,27,3,31.666,0.73,80516.0,1525.0,81.0,12.182811778917081
20110607_9,27,1,103.866,0.448,155257.0,5002.0,81.0,23.491812911214286
20110607_9,27,3,37.211,0.6603,120124.0,1792.0,81.0,18.175866686504985
20110607_9,27,4,47.655,0.7987,88954.0,2295.0,81.0,13.45955883280081
20110610_1,30,1,61.402,0.8258,173090.0,2957.0,80.0,26.190109926135897
20110610_1,30,2,157.543,0.3992,618144.0,7587.0,80.0,93.53087590375726
20110610_1,30,1,36.878,0.6628,83055.0,1776.0,80.0,12.566985845024073
20110610_1,30,1,62.834,0.8917,205206.0,3026.0,80.0,31.049556285762563
20110610_1,30,2,32.912,0.9108,142888.0,1585.0,80.0,21.620269380817525
20110610_1,30,1,62.128,0.8648,189096.0,2992.0,80.0,28.611965027399574
20110610_1,30,1,55.982,0.8686,144292.0,2696.0,80.0,21.8327075016581
20110610_1,30,1,77.577,0.8881,228855.0,3736.0,80.0,34.62786762462205
20110610_1,30,3,111.029,0.3691,363020.0,5347.0,80.0,54.92826682873564
20110610_1,30,2,42.796,0.8862,204839.0,2061.0,80.0,30.99402580830637
20110610_1,30,2,35.425,0.8741,180991.0,1706.0,80.0,27.38560393807419
20110610_1,30,1,18.522,0.6709,35108.0,892.0,80.0,5.312163494637351
20110610_1,30,2,36.442,0.8766,146555.0,1755.0,80.0,22.17512022777079
20110610_1,30,1,60.654,0.8794,189523.0,2921.0,80.0,28.67657405702844
20110610_1,30,2,38.913,0.9025,174129.0,1874.0,80.0,26.347320187926034
20110610_1,30,2,37.148,0.8898,178786.0,1789.0,80.0,27.051967145728415
20110610_1,30,2,26.517,0.8333,103950.0,1277.0,80.0,15.728591639157813
20110610_1,30,1,132.874,0.5298,388701.0,6399.0,80.0,58.81403846784301
20110610_1,30,4,51.517,0.8383,196139.0,2481.0,80.0,29.677635743268635
20110610_1,30,1,69.977,0.8925,168734.0,3370.0,80.0,25.531007038399757
20110610_1,30,4,55.982,0.8547,147319.0,2696.0,80.0,22.290720458769506
20110610_1,30,3,57.955,0.7985,182318.0,2791.0,80.0,27.586391250293165
20110610_1,30,1,47.904,0.8797,134216.0,2307.0,80.0,20.308115973460367
20110610_1,30,3,42.319,0.7461,162655.0,2038.0,80.0,24.611198394104992
20110610_1,30,2,42.485,0.8664,178999.0,2046.0,80.0,27.08419600594141
20110610_1,30,1,38.643,0.7875,87054.0,1861.0,80.0,13.172071347332796
20110610_1,30,1,63.769,0.8545,144643.0,3071.0,80.0,21.885817031868243
20110610_1,30,1,74.027,0.8631,95968.0,3565.0,80.0,14.520841581786408
20110610_1,30,1,74.504,0.8834,167003.0,3588.0,80.0,25.26909080821811
20110610_1,30,1,82.104,0.8059,130445.0,3954.0,80.0,19.7375289694078
20110610_1,30,1,56.605,0.8818,132233.0,2726.0,80.0,20.00806982415349
20110610_1,30,2,39.785,0.8286,182539.0,1916.0,80.0,27.61983058412918
20110610_1,30,1,69.874,0.8837,139215.0,3365.0,80.0,21.064510678646997
20110610_1,30,1,71.888,0.8612,129944.0,3462.0,80.0,19.661723058765972
20110610_1,30,1,83.018,0.8717,171602.0,3998.0,80.0,25.964961832253575
20110610_1,30,1,78.595,0.856,142461.0,3785.0,80.0,21.555660351188664
20110610_1,30,1,59.45,0.866,161159.0,2863.0,80.0,24.384839826599656
20110610_1,30,3,44.146,0.5771,163935.0,2126.0,80.0,24.80487417378871
20110610_1,30,1,80.028,0.8851,142997.0,3854.0,80.0,21.636762083931217
20110610_1,30,1,77.785,0.844,105162.0,3746.0,80.0,15.91197839304583
20110610_1,30,1,43.855,0.7963,98396.0,2112.0,80.0,14.888220326373952
20110610_10,30,1,35.653,0.8597,85747.0,1717.0,40.0,12.974310219171382
20110610_10,30,1,53.698,0.8706,153539.0,2586.0,40.0,23.23186370067005
20110610_10,30,1,40.471,0.7387,116964.0,1949.0,40.0,17.697729605410817
20110610_10,30,2,37.875,0.8747,182701.0,1824.0,40.0,27.644342674995396
20110610_10,30,3,50.728,0.6693,215042.0,2443.0,40.0,32.5378336052696
20110610_10,30,2,37.688,0.9162,212593.0,1815.0,40.0,32.16727736742162
20110610_10,30,1,67.942,0.8807,189388.0,3272.0,40.0,28.656147314639927
20110610_10,30,1,59.595,0.9054,187089.0,2870.0,40.0,28.30828745722363
20110610_10,30,1,71.992,0.8901,204709.0,3467.0,40.0,30.974355611932246
20110610_10,30,1,71.078,0.9017,231151.0,3423.0,40.0,34.975273554429705
20110610_10,30,1,63.146,0.9085,182507.0,3041.0,40.0,27.614988689637087
20110610_10,30,3,42.526,0.6844,169502.0,2048.0,40.0,25.647212506209982
20110610_10,30,1,68.69,0.8904,219470.0,3308.0,40.0,33.207830755612946
20110610_10,30,1,78.013,0.8973,241966.0,3757.0,40.0,36.611682583554206
20110610_10,30,3,70.144,0.6909,268478.0,3378.0,40.0,40.62319217025312
20110610_10,30,1,72.033,0.8816,208685.0,3469.0,40.0,31.575961002574783
20110610_10,30,1,65.679,0.8908,163904.0,3163.0,40.0,24.800183588499493
20110610_10,30,1,56.273,0.885,225804.0,2710.0,40.0,34.166223246641565
20110610_10,30,1,66.53,0.8855,186463.0,3204.0,40.0,28.213567896222063
20110610_10,30,1,58.598,0.8736,186240.0,2822.0,40.0,28.179825943980294
20110610_10,30,3,125.253,0.479,447697.0,6032.0,40.0,67.74067620082766
20110610_10,30,1,64.662,0.881,200504.0,3114.0,40.0,30.33810041383067
20110610_10,30,1,94.168,0.8836,253899.0,4535.0,40.0,38.4172553014962
20110610_10,30,4,39.765,0.8584,222846.0,1915.0,40.0,33.71865062452874
20110610_10,30,1,86.568,0.8642,227399.0,4169.0,40.0,34.407561425231826
20110610_10,30,1,77.266,0.8797,188903.0,3721.0,40.0,28.582762351244142
20110610_10,30,1,154.511,0.5121,417879.0,7441.0,40.0,63.22893838941441
20110610_10,30,1,78.719,0.8944,238443.0,3791.0,40.0,36.07862026181536
20110610_10,30,3,55.691,0.7355,224451.0,2682.0,40.0,33.96150189514777
20110610_10,30,3,49.524,0.7073,206739.0,2385.0,40.0,31.281513293774385
20110610_10,30,1,76.996,0.8766,211736.0,3708.0,40.0,32.037605380555256
20110610_10,30,4,91.801,0.4958,431117.0,4421.0,40.0,65.23196961711207
20110610_10,30,1,59.284,0.8902,208970.0,2855.0,40.0,31.619084125394984
20110610_10,30,1,66.883,0.8512,188092.0,3221.0,40.0,28.460050587710164
20110610_10,30,1,71.452,0.8948,209798.0,3441.0,40.0,31.744368145377887
20110610_10,30,2,40.076,0.8814,215735.0,1930.0,40.0,32.64269088286398
20110610_10,30,3,35.217,0.6762,181643.0,1696.0,40.0,27.484257538350583
20110610_3,30,1,69.147,0.8374,185989.0,3330.0,30.0,28.141847334057935
20110610_3,30,2,34.428,0.8771,172101.0,1658.0,30.0,26.04046512448965
20110610_3,30,3,51.725,0.7104,160705.0,2491.0,30.0,24.316145448493085
20110610_3,30,2,30.358,0.8041,168071.0,1462.0,30.0,25.43068903689171
20110610_3,30,2,35.632,0.8913,224742.0,1716.0,30.0,34.00553287318524
20110610_3,30,3,120.104,0.4332,387976.0,5784.0,30.0,58.70433929575654
20110610_3,30,3,90.452,0.4224,368936.0,4356.0,30.0,55.823412072961304
20110610_3,30,3,118.152,0.4033,395974.0,5690.0,30.0,59.91451030037399
20110610_3,30,3,49.483,0.6278,181636.0,2383.0,30.0,27.483198373930435
20110610_3,30,2,34.656,0.8953,167656.0,1669.0,30.0,25.36789571769738
20110610_3,30,3,56.086,0.6551,204266.0,2701.0,30.0,30.907325635057337
20110610_3,30,1,61.194,0.8914,198043.0,2947.0,30.0,29.965728465548157
20110610_3,30,1,63.291,0.8839,153600.0,3048.0,30.0,23.241093562045602
20110610_3,30,3,67.112,0.8168,184363.0,3232.0,30.0,27.895818570178474
20110610_3,30,1,68.877,0.8977,209865.0,3317.0,30.0,31.754505861970706
20110610_3,30,1,73.653,0.8991,208107.0,3547.0,30.0,31.488504283311357
20110610_3,30,4,41.8,0.8016,184873.0,2013.0,30.0,27.972986263646202
20110610_3,30,1,53.137,0.8828,197975.0,2559.0,30.0,29.955439439752464
20110610_3,30,4,76.456,0.8858,202721.0,3682.0,30.0,30.67355291661098
20110610_3,30,3,68.129,0.8102,189896.0,3281.0,30.0,28.733012389701898
20110610_3,30,3,65.638,0.8436,213439.0,3161.0,30.0,32.295284953056324
20110610_3,30,1,78.678,0.8984,197664.0,3789.0,30.0,29.908382277657434
20110610_3,30,3,58.162,0.8196,200091.0,2801.0,30.0,30.2756097130421
20110610_3,30,1,61.588,0.884,216314.0,2966.0,30.0,32.73029891133029
20110610_3,30,4,45.537,0.8686,196547.0,2193.0,30.0,29.73936989804282
20110610_3,30,1,63.914,0.864,180822.0,3078.0,30.0,27.360032682787825
20110610_3,30,3,86.049,0.583,364550.0,4144.0,30.0,55.159769909138824
20110610_3,30,2,33.618,0.9098,167522.0,1619.0,30.0,25.347620284511738
20110610_3,30,3,53.013,0.7411,190454.0,2553.0,30.0,28.817442924907766
20110610_3,30,3,60.488,0.8641,205685.0,2913.0,30.0,31.12203339394108
20110610_3,30,1,70.206,0.8887,214372.0,3381.0,30.0,32.436456439341406
20110610_3,30,1,73.279,0.8696,208289.0,3529.0,30.0,31.51604255823513
20110610_3,30,3,71.929,0.7969,212993.0,3464.0,30.0,32.22780104857278
20110610_3,30,2,41.467,0.8853,214864.0,1997.0,30.0,32.51090056715733
20110610_3,30,1,75.459,0.869,197671.0,3634.0,30.0,29.90944144207758
20110610_3,30,2,39.059,0.9086,217352.0,1881.0,30.0,32.88735786391755
20110610_3,30,1,69.894,0.8991,200973.0,3366.0,30.0,30.409064429980408
20110610_3,30,1,61.464,0.8881,178455.0,2960.0,30.0,27.001883799575833
20110610_3,30,1,23.796,0.6473,71596.0,1146.0,30.0,10.833133689246203
20110610_3,30,1,74.67,0.904,233849.0,3596.0,30.0,35.383505783794284
20110610_3,30,3,110.282,0.419,420150.0,5311.0,30.0,63.572561589150126
20110610_3,30,3,55.92,0.7187,204590.0,2693.0,30.0,30.956349816789775
20110610_3,30,1,65.783,0.9004,210614.0,3168.0,30.0,31.86783645492625
20110610_3,30,2,41.28,0.909,249789.0,1988.0,30.0,37.79537447766803
20110610_3,30,4,58.391,0.8646,236842.0,2812.0,30.0,35.83637422800784
20110610_3,30,3,77.287,0.7545,235600.0,3722.0,30.0,35.648448198033485
20110610_3,30,1,62.98,0.8916,217179.0,3033.0,30.0,32.86118137181967
20110610_3,30,1,55.172,0.8165,166334.0,2657.0,30.0,25.167864951492795
20110610_3,30,2,36.878,0.7828,217499.0,1776.0,30.0,32.9096003167406
20110610_3,30,3,59.367,0.7022,221887.0,2859.0,30.0,33.57354509896883
20110610_3,30,2,31.936,0.8224,174874.0,1538.0,30.0,26.460045544070066
20110610_3,30,1,48.195,0.8874,154006.0,2321.0,30.0,23.302525098414034
20110610_3,30,2,34.22,0.8448,230521.0,1648.0,30.0,34.87994875661663
20110610_4,30,1,62.959,0.8964,175468.0,3032.0,63.0,26.54992321057954
20110610_4,30,2,45.579,0.9258,162569.0,2195.0,63.0,24.598185802657497
20110610_4,30,1,81.959,0.889,152481.0,3947.0,63.0,23.07177856402523
20110610_4,30,3,126.333,0.2476,385595.0,6084.0,63.0,58.344072083704255
20110610_4,30,1,66.987,0.8944,145997.0,3226.0,63.0,22.09068969256492
20110610_4,30,1,63.312,0.8792,136369.0,3049.0,63.0,20.63388468725649
20110610_4,30,1,71.265,0.8878,143587.0,3432.0,63.0,21.726034513629177
20110610_4,30,1,59.076,0.9041,131785.0,2845.0,63.0,19.940283301264188
20110610_4,30,1,77.806,0.8832,166285.0,3747.0,63.0,25.16045080055178
20110610_4,30,1,59.865,0.9042,162712.0,2883.0,63.0,24.619823018669035
20110610_4,30,2,39.557,0.8988,196791.0,1905.0,63.0,29.776289343545024
20110610_4,30,1,58.91,0.8723,150403.0,2837.0,63.0,22.757358040444952
20110610_4,30,3,60.052,0.6914,174016.0,2892.0,63.0,26.33022224800083
20110610_4,30,2,37.688,0.9016,193653.0,1815.0,63.0,29.301481064914174
20110610_4,30,2,41.467,0.9056,169741.0,1997.0,63.0,25.683375405697806
20110610_4,30,1,68.192,0.8948,178662.0,3284.0,63.0,27.033204804571557
20110610_4,30,3,38.207,0.7189,155184.0,1840.0,63.0,23.480767339404196
20110610_4,30,4,117.238,0.6123,307783.0,5646.0,63.0,46.57040038936902
20110610_4,30,1,80.505,0.8919,195679.0,3877.0,63.0,29.6080335099448
20110610_4,30,1,81.336,0.8984,207862.0,3917.0,63.0,31.451433528606266
20110610_4,30,1,42.007,0.8078,175837.0,2023.0,63.0,26.60575630644149
20110610_4,30,1,82.872,0.8989,197869.0,3991.0,63.0,29.9394006642474
20110610_4,30,1,66.51,0.8991,145883.0,3203.0,63.0,22.07344044343684
20110610_4,30,1,129.344,0.5842,332077.0,6229.0,63.0,50.24630616408474
20110610_4,30,2,41.426,0.8891,159545.0,1995.0,63.0,24.140626773154725
20110610_4,30,3,56.958,0.616,163409.0,2743.0,63.0,24.72528553307493
20110610_4,30,3,45.143,0.5872,160608.0,2174.0,63.0,24.301468455813932
20110610_4,30,1,71.099,0.904,137060.0,3424.0,63.0,20.73843934644512
20110610_4,30,1,69.998,0.8813,159608.0,3371.0,63.0,24.15015925293603
20110610_4,30,1,168.735,0.4519,333432.0,8126.0,63.0,50.45133013398431
20110610_4,30,3,52.286,0.6975,142130.0,2518.0,63.0,21.505577005036077
20110610_4,30,2,32.58,0.9234,129860.0,1569.0,63.0,19.64901308572423
20110610_4,30,1,66.302,0.9034,178369.0,3193.0,63.0,26.98887120812833
20110610_4,30,3,44.52,0.6783,160264.0,2144.0,63.0,24.249418090023934
20110610_4,30,1,71.95,0.865,168386.0,3465.0,63.0,25.47835143579825
20110610_4,30,1,27.721,0.6064,62038.0,1335.0,63.0,9.386920328139226
20110610_6,30,4,95.892,0.4362,305228.0,4618.0,55.0,46.18380537601598
20110610_6,30,4,105.132,0.8234,305972.0,5063.0,55.0,46.29637942295714
20110610_6,30,2,41.364,0.9108,161614.0,1992.0,55.0,24.4536855139091
20110610_6,30,3,46.659,0.538,191344.0,2247.0,55.0,28.9521081154691
20110610_6,30,3,44.478,0.5702,202804.0,2142.0,55.0,30.686111580449843
20110610_6,30,3,132.126,0.4436,363426.0,6363.0,55.0,54.98969836510407
20110610_6,30,1,80.775,0.8565,192728.0,3890.0,55.0,29.16152005225211
20110610_6,30,3,84.928,0.4463,403689.0,4090.0,55.0,61.081860800577
20110610_6,30,1,81.668,0.8771,205056.0,3933.0,55.0,31.026859905330877
20110610_6,30,2,40.512,0.8884,182950.0,1951.0,55.0,27.682018666511997
20110610_6,30,2,38.664,0.8902,175660.0,1862.0,55.0,26.578974577532097
20110610_6,30,3,39.266,0.618,184221.0,1891.0,55.0,27.87433266336981
20110610_6,30,1,88.915,0.8751,210593.0,4282.0,55.0,31.864658961665814
20110610_6,30,3,69.853,0.6224,159447.0,3364.0,55.0,24.125798471272688
20110610_6,30,1,76.394,0.8661,165035.0,3679.0,55.0,24.9713142969544
20110610_6,30,2,40.346,0.891,179514.0,1943.0,55.0,27.16212024542353
20110610_6,30,1,88.064,0.8792,217892.0,4241.0,55.0,32.96906483347161
20110610_6,30,3,44.478,0.8434,185489.0,2142.0,55.0,28.066192732618987
20110610_6,30,3,134.847,0.5148,372897.0,6494.0,55.0,56.42274782556067
20110610_6,30,1,158.789,0.5094,451290.0,7647.0,55.0,68.28433016676797
20110610_6,30,3,66.8,0.744,207025.0,3217.0,55.0,31.324787725797464
20110610_6,30,3,113.127,0.3808,423731.0,5448.0,55.0,64.11439984465589
20110610_6,30,3,60.882,0.5503,226206.0,2932.0,55.0,34.22704954619849
20110610_6,30,1,69.583,0.8816,196223.0,3351.0,55.0,29.690345716310375
20110610_6,30,2,41.758,0.8889,180786.0,2011.0,55.0,27.35458555148422
20110610_6,30,2,37.065,0.9162,175945.0,1785.0,55.0,26.622097700352302
20110610_6,30,1,97.179,0.625,299769.0,4680.0,55.0,45.35780843750552
20110610_6,30,2,102.89,0.5956,317071.0,4955.0,55.0,47.975760265698966
20110610_6,30,1,73.881,0.8878,184880.0,3558.0,55.0,27.974045428066347
20110610_6,30,1,76.747,0.8181,165558.0,3696.0,55.0,25.05044901005954
20110610_6,30,1,71.14,0.8549,192857.0,3426.0,55.0,29.181038939423363
20110610_6,30,1,23.527,0.7136,50804.0,1133.0,55.0,7.6871127430088855
20110610_6,30,1,82.831,0.8827,198662.0,3989.0,55.0,30.059388862129577
20110610_6,30,1,148.219,0.4835,347724.0,7138.0,55.0,52.61384126151526
20110610_6,30,1,70.559,0.8971,133890.0,3398.0,55.0,20.25878917332217
20110610_6,30,3,65.908,0.7354,201587.0,3174.0,55.0,30.50196828054744
20110610_6,30,1,72.303,0.8521,172348.0,3482.0,55.0,26.077838497600492
20110610_6,30,1,43.835,0.746,101939.0,2111.0,55.0,15.424308832170356
20110610_9,30,3,26.33,0.6379,103799.0,1268.0,34.0,15.705743949523251
20110610_9,30,1,21.575,0.7445,57677.0,1039.0,34.0,8.7270608943887
20110610_9,30,1,43.689,0.8109,110507.0,2104.0,34.0,16.72072608242821
20110610_9,30,1,51.559,0.9084,140067.0,2483.0,34.0,21.193426119498966
20110610_9,30,1,73.507,0.6157,206967.0,3540.0,34.0,31.316011792030544
20110610_9,30,2,30.836,0.8971,129859.0,1485.0,34.0,19.648861776521354
20110610_9,30,1,53.885,0.9064,133575.0,2595.0,34.0,20.211126774415632
20110610_9,30,1,47.51,0.8166,175893.0,2288.0,34.0,26.61422962180265
20110610_9,30,2,26.828,0.9058,140011.0,1292.0,34.0,21.184952804137804
20110610_9,30,2,28.012,0.9168,144300.0,1349.0,34.0,21.83391797528112
20110610_9,30,2,33.369,0.9072,169387.0,1607.0,34.0,25.629811947879027
20110610_9,30,1,59.574,0.9127,161037.0,2869.0,34.0,24.36638010384855
20110610_9,30,2,28.988,0.9117,124129.0,1396.0,34.0,18.78186004403098
20110610_9,30,3,90.119,0.3938,250886.0,4340.0,34.0,37.96136067322508
20110610_9,30,3,21.118,0.6092,96802.0,1017.0,34.0,14.647033456986577
20110610_9,30,3,37.397,0.6435,150866.0,1801.0,34.0,22.82741420137742
20110610_9,30,3,43.295,0.694,127807.0,2085.0,34.0,19.3383752922159
20110610_9,30,1,50.521,0.9144,163721.0,2433.0,34.0,24.772494004372838
20110610_9,30,1,101.021,0.4857,281275.0,4865.0,34.0,42.55949603948162
20110610_9,30,2,29.528,0.9132,160470.0,1422.0,34.0,24.28058778581678
20110610_9,30,3,28.925,0.8292,133724.0,1393.0,34.0,20.23367184564444
20110610_9,30,1,49.441,0.9065,141157.0,2381.0,34.0,21.358353150635878
20110610_9,30,1,60.197,0.6616,170010.0,2899.0,34.0,25.72407758127196
20110610_9,30,1,17.567,0.619,41129.0,846.0,34.0,6.223196205165192
20110610_9,30,1,56.107,0.9051,160915.0,2702.0,34.0,24.34792038109745
20110610_9,30,1,95.352,0.5381,308881.0,4592.0,34.0,46.73653789412895
20110610_9,30,2,63.81,0.5502,283690.0,3073.0,34.0,42.92490776443175
20110610_9,30,1,62.066,0.8947,176695.0,2989.0,34.0,26.735579602510725
20110610_9,30,1,69.438,0.8933,190651.0,3344.0,34.0,28.847250837874714
20110610_9,30,1,53.075,0.8618,125596.0,2556.0,34.0,19.00383064465286
20110610_9,30,4,43.108,0.8383,163266.0,2076.0,34.0,24.703648317063394
20110610_9,30,2,30.171,0.907,144512.0,1453.0,34.0,21.865995526291236
20110610_9,30,1,54.383,0.8967,163866.0,2619.0,34.0,24.794433838790134
20110610_9,30,2,85.136,0.5638,345375.0,4100.0,34.0,52.25841594395507
20110610_9,30,1,46.015,0.8487,145671.0,2216.0,34.0,22.041362892426722
20110610_9,30,4,34.968,0.9005,135855.0,1684.0,34.0,20.55611175697725
20110610_9,30,1,55.006,0.8768,148235.0,2649.0,34.0,22.429319688605663
20110610_9,30,3,47.468,0.7192,164019.0,2286.0,34.0,24.817584146830455
20110610_9,30,1,55.857,0.8868,136637.0,2690.0,34.0,20.674435553627763
20110610_9,30,1,74.919,0.4262,206589.0,3608.0,34.0,31.258816913342702
20110610_9,30,1,53.449,0.9183,150835.0,2574.0,34.0,22.822723616088208
20110610_9,30,1,35.259,0.7959,103361.0,1698.0,34.0,15.63947051866273
20110610_9,30,1,25.146,0.8513,104544.0,1211.0,34.0,15.818469305667287
20110617_1,37,3,38.186,0.8433,182735.0,1839.0,45.0,27.649487187893246
20110617_1,37,1,66.011,0.8806,182291.0,3179.0,45.0,27.58230590181546
20110617_1,37,1,77.017,0.8662,220658.0,3709.0,45.0,33.38758608863189
20110617_1,37,1,76.02,0.8692,177132.0,3661.0,45.0,26.801701724168367
20110617_1,37,2,38.186,0.9052,191596.0,1839.0,45.0,28.99023803459433
20110617_1,37,3,86.236,0.4039,348929.0,4153.0,45.0,52.796168850983136
20110617_1,37,1,73.881,0.9067,195393.0,3558.0,45.0,29.56475907792172
20110617_1,37,2,35.674,0.8924,180615.0,1718.0,45.0,27.3287116777921
20110617_1,37,1,65.181,0.886,170176.0,3139.0,45.0,25.74919490894969
20110617_1,37,4,47.821,0.8872,222846.0,2303.0,45.0,33.71865062452874
20110617_1,37,2,33.452,0.8942,170444.0,1611.0,45.0,25.789745775320963
20110617_1,37,2,34.2,0.9042,178354.0,1647.0,45.0,26.986601570085163
20110617_1,37,3,42.443,0.5973,193439.0,2044.0,45.0,29.269100895498305
20110617_1,37,2,34.449,0.9066,170555.0,1659.0,45.0,25.806541096840416
20110617_1,37,3,32.31,0.567,98325.0,1556.0,45.0,14.87747737296962
20110617_1,37,2,38.041,0.9179,204201.0,1832.0,45.0,30.897490536870276
20110617_1,37,3,35.259,0.8202,160457.0,1698.0,45.0,24.278620766179372
20110617_1,37,2,111.735,0.4801,366392.0,5381.0,45.0,55.43848146083992
20110617_1,37,4,46.679,0.8774,164287.0,2248.0,45.0,24.85813501320173
20110617_1,37,1,62.917,0.8824,146196.0,3030.0,45.0,22.120800223937625
20110617_1,37,2,38.581,0.8883,175571.0,1858.0,45.0,26.565508058475963
20110617_1,37,2,38.706,0.8848,172471.0,1864.0,45.0,26.096449529554473
20110617_1,37,1,70.953,0.9107,182085.0,3417.0,45.0,27.551136206022612
20110617_1,37,3,55.546,0.6358,198023.0,2675.0,45.0,29.9627022814906
20110617_1,37,2,38.934,0.8964,209877.0,1875.0,45.0,31.75632157240524
20110617_1,37,3,38.103,0.6082,134958.0,1835.0,45.0,20.42038740199577
20110617_1,37,3,37.605,0.7408,142390.0,1811.0,45.0,21.54491739778433
20110617_10,37,1,15.802,0.8192,16355.0,761.0,59.0,2.474662013068072
20110617_10,37,1,37.792,0.8577,64727.0,1820.0,59.0,9.793790774677902
20110617_10,37,1,54.3,0.9157,111222.0,2615.0,59.0,16.82891216248591
20110617_10,37,2,37.543,0.9004,178842.0,1808.0,59.0,27.06044046108958
20110617_10,37,3,33.764,0.8679,133294.0,1626.0,59.0,20.168608888406943
20110617_10,37,3,43.648,0.5805,142172.0,2102.0,59.0,21.51193199155695
20110617_10,37,1,55.048,0.8783,75786.0,2651.0,59.0,11.46711924930461
20110617_10,37,1,71.389,0.8901,127827.0,3438.0,59.0,19.341401476273457
20110617_10,37,1,54.902,0.8664,103635.0,2644.0,59.0,15.680929240251277
20110617_10,37,2,36.671,0.9048,155177.0,1766.0,59.0,23.47970817498405
20110617_10,37,2,40.138,0.8787,170342.0,1933.0,59.0,25.774312236627424
20110617_10,37,2,33.161,0.8962,152883.0,1597.0,59.0,23.132604863582145
20110617_10,37,3,32.144,0.5407,150777.0,1548.0,59.0,22.813947682321288
20110617_10,37,1,53.179,0.8922,121265.0,2561.0,59.0,18.34851048698867
20110617_10,37,4,102.204,0.4689,286147.0,4922.0,59.0,43.296674475902755
20110617_10,37,1,61.755,0.8843,148752.0,2974.0,59.0,22.507546546493536
20110617_10,37,2,32.829,0.8942,135999.0,1581.0,59.0,20.577900282191667
20110617_10,37,1,64.039,0.8774,175959.0,3084.0,59.0,26.624216029192592
20110617_10,37,3,27.576,0.7133,105195.0,1328.0,59.0,15.916971596740801
20110617_10,37,1,58.785,0.9135,129903.0,2831.0,59.0,19.65551938144798
20110617_10,37,4,35.279,0.8554,117363.0,1699.0,59.0,17.7581019773591
20110617_3,37,2,28.323,0.8645,129015.0,1364.0,37.0,19.521156809292403
20110617_3,37,2,32.455,0.9023,157780.0,1563.0,37.0,23.873566030075228
20110617_3,37,2,40.325,0.8943,175113.0,1942.0,37.0,26.49620844355789
20110617_3,37,1,28.946,0.7838,65963.0,1394.0,37.0,9.980808949434987
20110617_3,37,1,65.804,0.8806,142631.0,3169.0,37.0,21.581382915677903
20110617_3,37,2,37.314,0.9236,179676.0,1797.0,37.0,27.18663233628975
20110617_3,37,1,44.167,0.8019,106376.0,2127.0,37.0,16.095667765339602
20110617_3,37,2,30.836,0.8505,157159.0,1485.0,37.0,23.77960301508805
20110617_3,37,2,36.629,0.9066,198243.0,1764.0,37.0,29.99599030612374
20110617_3,37,3,142.488,0.3757,387706.0,6862.0,37.0,58.6634858109795
20110617_3,37,1,76.581,0.8782,217936.0,3688.0,37.0,32.97572243839824
20110617_3,37,3,39.308,0.7085,135997.0,1893.0,37.0,20.57759766378591
20110617_3,37,3,108.164,0.4896,345470.0,5209.0,37.0,52.27279031822848
20110617_3,37,1,62.98,0.8374,179275.0,3033.0,37.0,27.12595734593571
20110617_3,37,2,37.252,0.9084,187933.0,1794.0,37.0,28.435992424452575
20110617_3,37,1,72.428,0.888,207303.0,3488.0,37.0,31.366851684197524
20110617_3,37,3,54.03,0.7031,181389.0,2602.0,37.0,27.445825000819596
20110617_3,37,2,45.101,0.8988,214078.0,2172.0,37.0,32.3919715336953
20110617_3,37,2,40.388,0.8373,192960.0,1945.0,37.0,29.196623787319787
20110617_3,37,2,40.18,0.8847,186572.0,1935.0,37.0,28.230060599335758
20110617_3,37,2,35.57,0.8993,172634.0,1713.0,37.0,26.12111292962357
20110617_3,37,1,144.025,0.4642,418271.0,6936.0,37.0,63.28825159694256
20110617_3,37,1,39.744,0.7745,99330.0,1914.0,37.0,15.029543121861913
20110617_3,37,2,39.1,0.8911,177930.0,1883.0,37.0,26.922446468064933
20110617_3,37,1,57.83,0.8554,180279.0,2785.0,37.0,27.277871785625123
20110617_3,37,3,59.699,0.695,172677.0,2875.0,37.0,26.12761922534732
20110617_3,37,3,53.864,0.6151,204662.0,2594.0,37.0,30.967244079396988
20110617_3,37,2,32.269,0.906,159697.0,1554.0,37.0,24.163625771992166
20110617_3,37,2,35.093,0.894,187473.0,1690.0,37.0,28.366390191128744
20110617_3,37,3,50.521,0.8041,168400.0,2433.0,37.0,25.480469764638535
20110617_3,37,2,193.03,0.3452,607516.0,9296.0,37.0,91.92276169557094
20110617_3,37,2,38.851,0.8881,180727.0,1871.0,37.0,27.345658308514427
20110617_3,37,2,35.695,0.9094,174422.0,1719.0,37.0,26.39165378436926
20110617_3,37,1,58.515,0.8585,200809.0,2818.0,37.0,30.384249720708432
20110617_3,37,4,61.817,0.8789,235052.0,2977.0,37.0,35.5655307548564
20110617_3,37,1,74.566,0.8784,248745.0,3591.0,37.0,37.63740766986349
20110617_3,37,2,35.466,0.9007,173673.0,1708.0,37.0,26.27832319141371
20110617_3,37,2,38.809,0.8936,193251.0,1869.0,37.0,29.240654765357256
20110617_3,37,2,36.401,0.8655,177984.0,1753.0,37.0,26.93061716502034
20110617_3,37,2,36.899,0.8854,207732.0,1777.0,37.0,31.43176333223214
20110617_3,37,1,20.703,0.5797,67097.0,997.0,37.0,10.152393585498526
20110617_6,37,2,29.631,0.8539,144080.0,1427.0,45.0,21.800629950647984
20110617_6,37,3,96.743,0.3804,354654.0,4659.0,45.0,53.66241403745912
20110617_6,37,2,40.242,0.8861,198844.0,1938.0,45.0,30.086927137053358
20110617_6,37,3,97.595,0.5089,353280.0,4700.0,45.0,53.45451519270488
20110617_6,37,1,64.122,0.8985,174647.0,3088.0,45.0,26.425698355016788
20110617_6,37,1,38.706,0.7856,99029.0,1864.0,45.0,14.983999051795664
20110617_6,37,3,44.873,0.608,188049.0,2161.0,45.0,28.453544291986415
20110617_6,37,4,90.721,0.5058,356600.0,4369.0,45.0,53.95686174625952
20110617_6,37,2,48.465,0.9085,222459.0,2334.0,45.0,33.660093963014994
20110617_6,37,2,36.276,0.9103,197589.0,1747.0,45.0,29.89703408744159
20110617_6,37,2,35.446,0.8828,161914.0,1707.0,45.0,24.49907827477247
20110617_6,37,3,147.368,0.5056,405382.0,7097.0,45.0,61.33802728104928
20110617_6,37,1,62.917,0.8553,161763.0,3030.0,45.0,24.476230585137905
20110617_6,37,2,37.584,0.9097,183796.0,1810.0,45.0,27.810026252146702
20110617_6,37,1,63.312,0.8993,161990.0,3049.0,45.0,24.51057777419119
20110617_6,37,2,44.914,0.9036,186861.0,2163.0,45.0,28.27378895896747
20110617_6,37,1,54.342,0.8909,155480.0,2617.0,45.0,23.525554863456055
20110617_6,37,4,61.817,0.8945,210894.0,2977.0,45.0,31.910203031732067
20110617_6,37,2,64.018,0.4951,230317.0,3083.0,45.0,34.849081679229535
20110617_6,37,3,37.231,0.6468,159985.0,1793.0,45.0,24.207202822421003
20110617_6,37,2,35.176,0.8894,143864.0,1694.0,45.0,21.767947162826356
20110617_6,37,1,75.023,0.9083,196489.0,3613.0,45.0,29.7305939642759
20110617_6,37,2,40.388,0.8893,211957.0,1945.0,45.0,32.07104471439127
20110617_6,37,2,39.245,0.914,165283.0,1890.0,45.0,25.00883897926812
20110617_6,37,3,53.366,0.649,172749.0,2570.0,45.0,26.138513487954526
20110617_6,37,3,109.078,0.3578,280295.0,5253.0,45.0,42.41121302066127
20110617_6,37,2,37.273,0.8835,156990.0,1795.0,45.0,23.754031759801688
20110617_6,37,1,56.563,0.8812,109372.0,2724.0,45.0,16.548990137161795
20110617_6,37,2,40.512,0.8869,191132.0,1951.0,45.0,28.920030564458983
20110617_6,37,1,72.075,0.8818,175755.0,3471.0,45.0,26.593348951805496
20110617_6,37,2,35.612,0.9313,146016.0,1715.0,45.0,22.0935645674196
20110617_6,37,2,39.931,0.9085,157736.0,1923.0,45.0,23.8669084251486
20110617_6,37,2,42.215,0.9049,187388.0,2033.0,45.0,28.35352890888412
20110617_6,37,2,35.113,0.8917,134669.0,1691.0,45.0,20.376659042364057
20110617_6,37,2,36.941,0.8941,168188.0,1779.0,45.0,25.448392213628424
20110617_6,37,3,44.707,0.7094,148533.0,2153.0,45.0,22.474409831063276
20110617_6,37,2,43.523,0.9174,164630.0,2096.0,45.0,24.91003406978885
20110617_6,37,3,34.054,0.7804,134575.0,1640.0,45.0,20.362435977293533
20110617_6,37,1,38.207,0.6577,108108.0,1840.0,45.0,16.357735304724127
20110617_8,37,1,34.553,0.7902,49892.0,1664.0,64.0,7.549118749984239
20110617_8,37,2,18.792,0.8959,65268.0,905.0,64.0,9.875649053434847
20110617_8,37,2,22.613,0.8191,89187.0,1089.0,64.0,13.49481387707136
20110617_8,37,4,58.827,0.6265,178980.0,2833.0,64.0,27.08132113108673
20110617_8,37,1,61.381,0.8963,97546.0,2956.0,64.0,14.759607503927738
20110617_8,37,1,69.085,0.8859,144258.0,3327.0,64.0,21.82756298876025
20110617_8,37,3,37.086,0.6104,106147.0,1786.0,64.0,16.061017957880566
20110617_8,37,2,29.548,0.9063,100162.0,1423.0,64.0,15.155432378656327
20110617_8,37,3,60.965,0.3376,193554.0,2936.0,64.0,29.28650145382926
20110617_8,37,1,57.934,0.9111,120210.0,2790.0,64.0,18.188879277952488
20110617_8,37,1,53.303,0.9031,123847.0,2567.0,64.0,18.739190848819412
20110617_8,37,2,33.431,0.9119,122701.0,1610.0,64.0,18.565790502321338
20110617_8,37,1,47.759,0.9001,79350.0,2300.0,64.0,12.006385248361449
20110617_8,37,2,29.445,0.9216,121321.0,1418.0,64.0,18.356983802349834
20110617_8,37,2,31.666,0.9195,118526.0,1525.0,64.0,17.9340745803061
20110617_8,37,2,33.93,0.8901,130645.0,1634.0,64.0,19.76779080998338
20110617_8,37,1,58.723,0.8944,117753.0,2828.0,64.0,17.817112566481484
20110617_8,37,2,26.018,0.8992,108332.0,1253.0,64.0,16.391628566168777
20110617_8,37,1,50.375,0.8601,115349.0,2426.0,64.0,17.45336524276301
20110617_8,37,1,61.36,0.8951,121650.0,2955.0,64.0,18.406764530096662
20110617_8,37,1,54.757,0.8897,130667.0,2637.0,64.0,19.771119612446697
20110617_8,37,2,29.424,0.9025,93492.0,1417.0,64.0,14.146199995460725
20110617_8,37,1,57.207,0.8956,162255.0,2755.0,64.0,24.550674712953835
20110617_8,37,3,49.316,0.7267,97362.0,2375.0,64.0,14.731766610598202
20110617_8,37,3,47.198,0.6007,142370.0,2273.0,64.0,21.54189121372677
20110617_8,37,2,30.42,0.9253,102564.0,1465.0,64.0,15.518877083969045
20110617_8,37,1,60.343,0.8987,117570.0,2906.0,64.0,17.789422982354825
20110617_8,37,2,32.933,0.9126,132796.0,1586.0,64.0,20.093256905373746
20110617_8,37,2,26.537,0.8882,125855.0,1278.0,64.0,19.04301972819824
20110617_8,37,2,29.528,0.9132,147752.0,1422.0,64.0,22.356237343615636
20110617_8,37,1,59.74,0.9098,143337.0,2877.0,64.0,21.688207212909703
20110617_8,37,1,57.975,0.914,135735.0,2792.0,64.0,20.5379546526319
20110617_8,37,1,85.406,0.7377,250664.0,4113.0,64.0,37.92777003018619
20110617_8,37,1,64.911,0.9074,120452.0,3126.0,64.0,18.22549610504894
20110617_8,37,4,18.875,0.7362,31760.0,909.0,64.0,4.805580283402137
20110617_8,37,1,17.754,0.7049,50166.0,855.0,64.0,7.590577471572784
20110617_9,37,2,29.341,0.836,141975.0,1413.0,39.0,21.48212407859
20110617_9,37,1,37.086,0.7954,61987.0,1786.0,39.0,9.379203558792453
20110617_9,37,3,34.947,0.6503,119045.0,1683.0,39.0,18.01260405659973
20110617_9,37,3,45.039,0.7284,187572.0,2169.0,39.0,28.38136980221366
20110617_9,37,3,38.581,0.604,186558.0,1858.0,39.0,28.227942270495465
20110617_9,37,1,66.447,0.8728,168043.0,3200.0,39.0,25.426452379211128
20110617_9,37,2,38.477,0.9027,179966.0,1853.0,39.0,27.23051200512434
20110617_9,37,1,78.013,0.8819,189621.0,3757.0,39.0,28.691402358910477
20110617_9,37,1,85.946,0.8798,243101.0,4139.0,39.0,36.783418528820626
20110617_9,37,2,30.981,0.8573,164081.0,1492.0,39.0,24.826965317408884
20110617_9,37,2,33.784,0.8932,196161.0,1627.0,39.0,29.680964545731946
20110617_9,37,1,73.071,0.8387,177350.0,3519.0,39.0,26.834687130395753
20110617_9,37,3,42.236,0.5918,141138.0,2034.0,39.0,21.3554782757812
20110617_9,37,3,42.713,0.8059,177164.0,2057.0,39.0,26.806543618660463
20110617_9,37,4,50.542,0.8961,206977.0,2434.0,39.0,31.317524884059328
20110617_9,37,1,72.345,0.882,193554.0,3484.0,39.0,29.28650145382926
20110617_9,37,2,36.567,0.9051,197322.0,1761.0,39.0,29.856634530273194
20110617_9,37,2,36.318,0.9085,188157.0,1749.0,39.0,28.469885685897232
20110617_9,37,3,41.883,0.8126,185225.0,2017.0,39.0,28.02624710305922
20110617_9,37,1,72.241,0.8727,182701.0,3479.0,39.0,27.644342674995396
20110617_9,37,3,39.64,0.6281,168305.0,1909.0,39.0,25.466095390365137
20110617_9,37,1,89.185,0.8631,249057.0,4295.0,39.0,37.684616141161406
20110617_9,37,3,37.813,0.6677,175130.0,1821.0,39.0,26.49878070000681
20110617_9,37,1,62.814,0.8901,128416.0,3025.0,39.0,19.43052259676854
20110617_9,37,3,35.653,0.5119,158877.0,1717.0,39.0,24.039552225632285
20110627_1,47,2,33.058,0.9034,176152.0,1592.0,32.0,26.653418705348027
20110627_1,47,2,34.76,0.8315,200018.0,1674.0,32.0,30.264564141232015
20110627_1,47,2,30.088,0.8683,135670.0,1449.0,32.0,20.528119554444835
20110627_1,47,2,28.032,0.9142,131744.0,1350.0,32.0,19.934079623946197
20110627_1,47,2,34.158,0.899,165294.0,1645.0,32.0,25.010503380499777
20110627_1,47,1,67.278,0.8954,195866.0,3240.0,32.0,29.636328330882968
20110627_1,47,2,35.549,0.8865,178163.0,1712.0,32.0,26.957701512335486
20110627_1,47,2,32.414,0.8772,155638.0,1561.0,32.0,23.549461717510763
20110627_1,47,2,36.754,0.8962,190581.0,1770.0,32.0,28.83665919367326
20110627_1,47,3,42.319,0.6606,202580.0,2038.0,32.0,30.652218319005193
20110627_1,47,2,34.179,0.8802,211929.0,1646.0,32.0,32.06680805671069
20110627_1,47,2,37.086,0.8856,199306.0,1786.0,32.0,30.156831988782947
20110627_1,47,1,62.564,0.8849,154890.0,3013.0,32.0,23.43628243375809
20110627_1,47,3,33.784,0.7998,172513.0,1627.0,32.0,26.10280451607534
20110627_1,47,1,69.438,0.8567,182806.0,3344.0,32.0,27.660230141297582
20110627_1,47,1,73.59,0.8953,192049.0,3544.0,32.0,29.05878110349802
20110627_1,47,2,29.133,0.901,145672.0,1403.0,32.0,22.041514201629603
20110627_1,47,2,33.037,0.897,203330.0,1591.0,32.0,30.765700221163623
20110627_1,47,2,22.883,0.8276,98074.0,1102.0,32.0,14.839498763047269
20110627_1,47,2,30.981,0.9087,174321.0,1492.0,32.0,26.37637155487859
20110627_1,47,3,34.553,0.7979,181134.0,1664.0,32.0,27.407241154085728
20110627_1,47,3,33.328,0.7938,192824.0,1605.0,32.0,29.17604573572839
20110627_1,47,2,35.57,0.9033,194939.0,1713.0,32.0,29.496064699815154
20110627_1,47,3,29.673,0.8535,148950.0,1429.0,32.0,22.53750576866336
20110627_1,47,2,38.976,0.8845,218504.0,1877.0,32.0,33.06166606563289
20110627_1,47,2,35.466,0.89,181538.0,1708.0,32.0,27.468370072048398
20110627_1,47,3,35.425,0.7846,225797.0,1706.0,32.0,34.16516408222142
20110627_1,47,2,34.49,0.8991,180559.0,1661.0,32.0,27.32023836243094
20110627_1,47,2,31.77,0.8654,170767.0,1530.0,32.0,25.838618647850527
20110627_1,47,2,38.456,0.8854,213601.0,1852.0,32.0,32.31979704392254
20110627_1,47,2,21.72,0.7756,107509.0,1046.0,32.0,16.267101092200264
20110627_1,47,2,36.131,0.8745,235605.0,1740.0,32.0,35.64920474404788
20110627_1,47,3,53.013,0.7175,146837.0,2553.0,32.0,22.217789422982356
20110627_1,47,3,33.971,0.6967,169315.0,1636.0,32.0,25.618917685271814
20110627_1,47,2,31.978,0.9154,209674.0,1540.0,32.0,31.725605804221026
20110627_1,47,2,36.878,0.8871,191514.0,1776.0,32.0,28.97783067995834
20110627_1,47,3,47.863,0.6854,173000.0,2305.0,32.0,26.176492097876885
20110627_1,47,2,37.792,0.8855,184136.0,1820.0,32.0,27.861471381125188
20110627_1,47,3,42.692,0.8193,205543.0,2056.0,32.0,31.100547487132417
20110627_1,47,1,69.604,0.8946,191398.0,3352.0,32.0,28.960278812424505
20110627_1,47,1,58.578,0.8839,171750.0,2821.0,32.0,25.987355594279506
20110627_1,47,3,39.37,0.7497,100069.0,1896.0,32.0,15.141360622788682
20110627_1,47,3,33.141,0.7863,170987.0,1596.0,32.0,25.871906672483668
20110627_1,47,3,37.003,0.7498,192274.0,1782.0,32.0,29.092825674145548
20110627_1,47,1,41.613,0.6952,108527.0,2004.0,32.0,16.42113386072997
20110627_10,47,1,32.269,0.6082,76147.0,1554.0,37.0,11.521741871543531
20110627_10,47,3,34.781,0.5956,176453.0,1675.0,37.0,26.698962775414273
20110627_10,47,2,34.034,0.89,149183.0,1639.0,37.0,22.572760812933915
20110627_10,47,2,37.48,0.8703,162241.0,1805.0,37.0,24.548556384113542
20110627_10,47,2,30.877,0.8953,169093.0,1487.0,37.0,25.585327042232922
20110627_10,47,2,30.358,0.8874,149736.0,1462.0,37.0,22.65643480212539
20110627_10,47,2,27.555,0.8624,142567.0,1327.0,37.0,21.57169912669372
20110627_10,47,3,35.965,0.7033,174763.0,1732.0,37.0,26.44325022255062
20110627_10,47,3,38.539,0.6687,154043.0,1856.0,37.0,23.308123538920512
20110627_10,47,3,37.48,0.8124,137594.0,1805.0,37.0,20.819238460781918
20110627_10,47,2,36.961,0.8907,171452.0,1780.0,37.0,25.94226545182189
20110627_10,47,2,34.74,0.8614,153526.0,1673.0,37.0,23.22989668103264
20110627_10,47,3,35.404,0.8418,148013.0,1705.0,37.0,22.395729045566767
20110627_10,47,2,36.546,0.9017,170228.0,1760.0,37.0,25.757062987499342
20110627_10,47,2,35.321,0.8475,152821.0,1701.0,37.0,23.123223693003716
20110627_10,47,2,26.33,0.8299,122036.0,1268.0,37.0,18.465169882407533
20110627_10,47,3,35.259,0.683,165236.0,1698.0,37.0,25.001727446732858
20110627_10,47,3,40.927,0.7672,194326.0,1971.0,37.0,29.403312158451
20110627_10,47,2,22.841,0.8615,99703.0,1100.0,37.0,15.08598145453537
20110627_10,47,2,35.632,0.8662,162865.0,1716.0,37.0,24.642973326709352
20110627_10,47,2,32.061,0.8688,125681.0,1544.0,37.0,19.016691926897483
20110627_10,47,2,32.933,0.8872,148769.0,1586.0,37.0,22.51011880294246
20110627_10,47,2,34.719,0.8913,180903.0,1672.0,37.0,27.372288728220934
20110627_10,47,2,35.695,0.8835,139629.0,1719.0,37.0,21.127152688638446
20110627_10,47,2,32.123,0.8614,160068.0,1547.0,37.0,24.219761486259866
20110627_10,47,3,45.143,0.7372,135561.0,2174.0,37.0,20.511626851331144
20110627_10,47,1,71.722,0.8802,166089.0,3454.0,37.0,25.130794196787704
20110627_10,47,2,34.823,0.8738,160170.0,1677.0,37.0,24.235195024953413
20110627_10,47,2,32.269,0.89,147460.0,1554.0,37.0,22.31205505637529
20110627_10,47,2,32.165,0.8733,121671.0,1549.0,37.0,18.4099420233571
20110627_10,47,1,65.575,0.8873,129958.0,3158.0,37.0,19.663841387606265
20110627_10,47,3,36.318,0.6994,162736.0,1749.0,37.0,24.623454439538104
20110627_10,47,3,59.657,0.7947,133093.0,2873.0,37.0,20.138195738628486
20110627_10,47,2,30.13,0.8666,144758.0,1451.0,37.0,21.9032175901992
20110627_10,47,2,36.027,0.8709,145009.0,1735.0,37.0,21.941196200121553
20110627_10,47,3,27.16,0.7415,106547.0,1308.0,37.0,16.121541639031722
20110627_10,47,2,34.013,0.8392,132918.0,1638.0,37.0,20.111716628124853
20110627_10,47,3,41.26,0.7001,192723.0,1987.0,37.0,29.160763506237725
20110627_10,47,2,37.127,0.9053,149358.0,1788.0,37.0,22.599239923437548
20110627_10,47,2,34.345,0.8953,158798.0,1654.0,37.0,24.02759879860493
20110627_10,47,3,49.545,0.7259,139781.0,2386.0,37.0,21.150151687475887
20110627_10,47,2,44.063,0.889,152623.0,2122.0,37.0,23.093264470833894
20110627_10,47,4,34.511,0.8456,143564.0,1662.0,37.0,21.722554401962984
20110627_10,47,2,31.189,0.8971,102992.0,1502.0,37.0,15.583637422800784
20110627_10,47,3,69.915,0.3923,296387.0,3367.0,37.0,44.84608071337246
20110627_10,47,3,36.899,0.6925,143367.0,1777.0,37.0,21.69274648899604
20110627_10,47,3,46.555,0.8112,75396.0,2242.0,37.0,11.408108660182227
20110627_10,47,2,33.514,0.8753,173302.0,1614.0,37.0,26.222187477146008
20110627_10,47,2,32.705,0.8938,143977.0,1575.0,37.0,21.78504510275156
20110627_10,47,1,55.276,0.8736,126968.0,2662.0,37.0,19.211426871001343
20110627_10,47,3,53.22,0.6904,121793.0,2563.0,37.0,18.428401746108204
20110627_10,47,3,33.618,0.8347,114060.0,1619.0,37.0,17.258327680253394
20110627_3,47,2,15.574,0.6612,60192.0,750.0,48.0,9.10760353962662
20110627_3,47,2,28.199,0.8248,133732.0,1358.0,48.0,20.234882319267463
20110627_3,47,2,28.884,0.8629,126893.0,1391.0,48.0,19.2000786807855
20110627_3,47,2,33.66,0.8684,190643.0,1621.0,48.0,28.84604036425169
20110627_3,47,1,48.777,0.7442,80291.0,2349.0,48.0,12.148767208269552
20110627_3,47,2,30.773,0.8722,146464.0,1482.0,48.0,22.161351090308898
20110627_3,47,3,36.089,0.653,136408.0,1738.0,48.0,20.639785746168727
20110627_3,47,2,30.587,0.8869,142340.0,1473.0,48.0,21.537351937640437
20110627_3,47,3,47.489,0.7156,150869.0,2287.0,48.0,22.827868128986054
20110627_3,47,3,44.25,0.576,135273.0,2131.0,48.0,20.46804980090231
20110627_3,47,2,34.636,0.9128,181751.0,1668.0,48.0,27.500598932261394
20110627_3,47,2,35.549,0.9057,142839.0,1712.0,48.0,21.61285522987651
20110627_3,47,2,39.266,0.9025,170159.0,1891.0,48.0,25.746622652500765
20110627_3,47,2,31.21,0.8905,162784.0,1503.0,48.0,24.630717281276247
20110627_3,47,3,74.006,0.6692,155684.0,3564.0,48.0,23.556421940843148
20110627_3,47,2,35.799,0.8702,173327.0,1724.0,48.0,26.225970207217955
20110627_3,47,2,39.308,0.8779,163349.0,1893.0,48.0,24.71620698090226
20110627_3,47,2,36.588,0.9112,180711.0,1762.0,48.0,27.34323736126838
20110627_3,47,2,36.172,0.9117,136799.0,1742.0,48.0,20.698947644493987
20110627_3,47,2,42.526,0.8867,144870.0,2048.0,48.0,21.920164220921524
20110627_3,47,2,34.719,0.8953,157396.0,1672.0,48.0,23.815463296170112
20110627_3,47,2,35.217,0.9081,152745.0,1696.0,48.0,23.111724193584998
20110627_3,47,4,50.396,0.879,138744.0,2427.0,48.0,20.993244044091504
20110627_3,47,2,32.808,0.9182,144809.0,1580.0,48.0,21.910934359545973
20110627_3,47,1,66.572,0.8356,157874.0,3206.0,48.0,23.88778909514575
20110627_3,47,3,39.578,0.7931,130834.0,1906.0,48.0,19.796388249327308
20110627_3,47,2,30.234,0.8826,123963.0,1456.0,48.0,18.756742716353248
20110627_3,47,3,49.254,0.6872,192491.0,2372.0,48.0,29.12565977117005
20110627_3,47,2,35.466,0.8767,172161.0,1708.0,48.0,26.049543676662324
20110627_3,47,2,30.005,0.9008,138774.0,1445.0,48.0,20.99778332017784
20110627_3,47,3,98.986,0.4136,310307.0,4767.0,48.0,46.95230481743284
20110627_3,47,3,45.869,0.6361,156788.0,2209.0,48.0,23.72346730082035
20110627_3,47,2,35.446,0.9128,146007.0,1707.0,48.0,22.0922027845937
20110627_3,47,3,33.888,0.5649,159392.0,1632.0,48.0,24.117476465114404
20110627_3,47,3,80.775,0.4328,336645.0,3890.0,48.0,50.937486602831
20110627_3,47,2,35.093,0.8621,188517.0,1690.0,48.0,28.52435699893327
20110627_3,47,3,42.277,0.5304,176759.0,2036.0,48.0,26.745263391494912
20110627_3,47,1,81.357,0.8592,197505.0,3918.0,48.0,29.884324114399845
20110627_3,47,3,38.706,0.8488,158368.0,1864.0,48.0,23.962535841367433
20110627_3,47,3,126.852,0.2081,492574.0,6109.0,48.0,74.53097929837924
20110627_3,47,3,31.064,0.587,139683.0,1496.0,48.0,21.13532338559385
20110627_3,47,3,43.087,0.7072,172555.0,2075.0,48.0,26.109159502596217
20110627_3,47,3,39.702,0.6535,175773.0,1912.0,48.0,26.5960725174573
20110627_3,47,3,40.533,0.8279,151464.0,1952.0,48.0,22.917897104698405
20110627_3,47,3,47.157,0.6262,168935.0,2271.0,48.0,25.561420188178214
20110627_3,47,3,35.342,0.5881,154170.0,1702.0,48.0,23.327339807686002
20110627_3,47,2,43.004,0.8966,166610.0,2071.0,48.0,25.209626291487094
20110627_3,47,2,29.881,0.8866,137708.0,1439.0,48.0,20.836487709909996
20110627_3,47,2,37.335,0.8877,190082.0,1798.0,48.0,28.76115590143719
20110627_3,47,2,34.553,0.8875,164173.0,1664.0,48.0,24.840885764073647
20110627_3,47,2,18.107,0.6524,76842.0,872.0,48.0,11.626901767543673
20110627_4,47,2,35.84,0.8522,140605.0,1726.0,39.0,21.274830470647277
20110627_4,47,2,36.442,0.8925,149857.0,1755.0,39.0,22.67474321567362
20110627_4,47,2,31.957,0.8487,128246.0,1539.0,39.0,19.404800032279297
20110627_4,47,2,33.556,0.8747,157561.0,1616.0,39.0,23.840429314644968
20110627_4,47,2,34.366,0.8181,152733.0,1655.0,39.0,23.109908483150463
20110627_4,47,1,75.688,0.8833,151592.0,3645.0,39.0,22.937264682666775
20110627_4,47,2,34.283,0.8977,149844.0,1651.0,39.0,22.672776196036203
20110627_4,47,3,65.098,0.6002,195180.0,3135.0,39.0,29.53253021770873
20110627_4,47,2,29.839,0.8927,130572.0,1437.0,39.0,19.756745238173295
20110627_4,47,2,30.337,0.8868,112831.0,1461.0,39.0,17.072368669916454
20110627_4,47,2,30.254,0.8252,128406.0,1457.0,39.0,19.429009504739764
20110627_4,47,3,67.029,0.7298,167450.0,3228.0,39.0,25.33672602190453
20110627_4,47,2,29.777,0.8496,151017.0,1434.0,39.0,22.850261891011982
20110627_4,47,2,33.971,0.8969,153151.0,1636.0,39.0,23.173155729953425
20110627_4,47,3,40.678,0.6304,121500.0,1959.0,39.0,18.38406814966498
20110627_4,47,2,33.784,0.9143,165487.0,1627.0,39.0,25.039706056655213
20110627_4,47,2,36.006,0.8951,145967.0,1734.0,39.0,22.08615041647858
20110627_4,47,2,32.331,0.879,163113.0,1557.0,39.0,24.680498009023076
20110627_4,47,2,36.629,0.8998,151751.0,1764.0,39.0,22.961322845924364
20110627_4,47,3,35.009,0.7999,144858.0,1686.0,39.0,21.91834851048699
20110627_4,47,1,70.787,0.8885,169263.0,3409.0,39.0,25.61104960672217
20110627_4,47,2,40.035,0.8631,171140.0,1928.0,39.0,25.89505698052399
20110627_4,47,1,59.491,0.8588,162900.0,2865.0,39.0,24.648269148810083
20110627_4,47,3,33.224,0.8991,149723.0,1600.0,39.0,22.65446778248798
20110627_4,47,3,70.683,0.7936,176840.0,3404.0,39.0,26.75751943692802
20110627_4,47,2,31.417,0.8609,140464.0,1513.0,39.0,21.25349587304149
20110627_4,47,2,16.072,0.7062,85340.0,774.0,39.0,12.912727373600074
20110627_4,47,3,38.809,0.8592,198130.0,1869.0,39.0,29.978892366198536
20110627_4,47,2,35.653,0.847,169546.0,1717.0,39.0,25.65387011113661
20110627_4,47,3,33.161,0.7348,133121.0,1597.0,39.0,20.142432396309065
20110627_4,47,3,36.276,0.8035,176636.0,1747.0,39.0,26.72665235954093
20110627_4,47,3,37.564,0.8738,178086.0,1809.0,39.0,26.94605070371389
20110627_4,47,2,33.701,0.8718,138444.0,1623.0,39.0,20.947851283228133
20110627_4,47,3,36.152,0.6355,124914.0,1741.0,39.0,18.90063776829013
20110627_4,47,2,34.968,0.849,162415.0,1684.0,39.0,24.574884185414298
20110627_4,47,3,46.285,0.5494,203082.0,2229.0,39.0,30.728175538849904
20110627_4,47,1,71.888,0.8209,177757.0,3462.0,39.0,26.896269975967055
20110627_4,47,2,35.736,0.9007,179098.0,1721.0,39.0,27.099175617026326
20110627_4,47,2,32.331,0.8614,139568.0,1557.0,39.0,21.117922827262895
20110627_4,47,2,37.626,0.9079,203724.0,1812.0,39.0,30.825316047097512
20110627_4,47,3,35.3,0.529,168678.0,1700.0,39.0,25.522533723038595
20110627_4,47,3,37.314,0.719,170704.0,1797.0,39.0,25.82908616806922
20110627_4,47,3,36.961,0.6381,152146.0,1780.0,39.0,23.021089981061134
20110627_4,47,2,37.875,0.8913,153865.0,1824.0,39.0,23.281190500808247
20110627_4,47,3,38.913,0.7592,171979.0,1874.0,39.0,26.022005401738543
20110627_4,47,1,29.008,0.6294,84474.0,1397.0,39.0,12.781693603907815
20110627_5,47,2,21.388,0.8347,90982.0,1030.0,25.0,13.766413896237195
20110627_5,47,2,24.17,0.7887,147513.0,1164.0,25.0,22.32007444412782
20110627_5,47,3,142.779,0.3353,436922.0,6876.0,25.0,66.11031953981828
20110627_5,47,2,31.376,0.8964,138356.0,1511.0,25.0,20.93453607337488
20110627_5,47,2,30.794,0.8887,163158.0,1483.0,25.0,24.68730692315258
20110627_5,47,2,32.206,0.9055,145767.0,1551.0,25.0,22.055888575903
20110627_5,47,2,30.275,0.8996,161874.0,1458.0,25.0,24.49302590665735
20110627_5,47,2,26.454,0.8702,144940.0,1274.0,25.0,21.93075586512298
20110627_5,47,2,31.313,0.8976,148924.0,1508.0,25.0,22.533571729388537
20110627_5,47,2,25.208,0.8649,130680.0,1214.0,25.0,19.773086632084112
20110627_5,47,2,34.781,0.8929,190609.0,1675.0,25.0,28.84089585135384
20110627_5,47,3,57.269,0.6667,165168.0,2758.0,25.0,24.991438420937158
20110627_5,47,1,55.94,0.874,125073.0,2694.0,25.0,18.924695931547717
20110627_5,47,2,31.666,0.8945,165553.0,1525.0,25.0,25.049692464045155
20110627_5,47,2,29.984,0.8867,160636.0,1444.0,25.0,24.305705113494515
20110627_5,47,1,60.882,0.8881,147038.0,2932.0,25.0,22.248202572760814
20110627_5,47,1,41.903,0.8125,85411.0,2018.0,25.0,12.923470327004406
20110627_5,47,2,33.66,0.9026,170273.0,1621.0,25.0,25.763871901628846
20110627_5,47,2,31.604,0.8844,165856.0,1522.0,25.0,25.09553915251716
20110627_5,47,2,31.417,0.9049,154983.0,1513.0,25.0,23.45035418962574
20110627_5,47,1,36.671,0.7282,85180.0,1766.0,25.0,12.888517901139611
20110627_5,47,2,33.681,0.8876,157784.0,1622.0,25.0,23.874171266886737
20110627_5,47,2,30.4,0.8744,161332.0,1464.0,25.0,24.411016318697534
20110627_5,47,1,64.869,0.839,144577.0,3124.0,25.0,21.8758306244783
20110627_5,47,1,63.665,0.8862,145063.0,3066.0,25.0,21.94936689707696
20110627_5,47,2,34.885,0.9223,204323.0,1680.0,25.0,30.915950259621376
20110627_5,47,2,32.725,0.8926,162610.0,1576.0,25.0,24.604389479975488
20110627_5,47,1,142.633,0.462,320334.0,6869.0,25.0,48.469482194689554
20110627_5,47,2,37.48,0.9072,167991.0,1805.0,25.0,25.418584300661475
20110627_5,47,2,34.677,0.9239,177106.0,1670.0,25.0,26.797767684893543
20110627_5,47,2,29.445,0.8401,141090.0,1418.0,25.0,21.34821543404306
20110627_5,47,2,32.518,0.8928,163611.0,1566.0,25.0,24.755849992056266
20110627_5,47,1,80.817,0.812,179553.0,3892.0,25.0,27.16802130433577
20110627_5,47,2,30.109,0.8947,162608.0,1450.0,25.0,24.604086861569733
20110627_5,47,3,38.892,0.4978,204928.0,1873.0,25.0,31.007492327362506
20110627_5,47,3,35.799,0.5773,175469.0,1724.0,25.0,26.550074519782417
20110627_5,47,2,34.677,0.9028,142602.0,1670.0,25.0,21.576994948794447
20110627_5,47,3,32.435,0.7452,181229.0,1562.0,25.0,27.421615528359126
20110627_5,47,2,31.874,0.8547,130138.0,1535.0,25.0,19.691077044124285
20110627_5,47,3,40.471,0.5617,191622.0,1949.0,25.0,28.994172073869155
20110627_5,47,3,78.553,0.307,367999.0,3783.0,25.0,55.681635349864706
20110627_5,47,2,29.86,0.8687,148483.0,1438.0,25.0,22.466844370919382
20110627_5,47,2,37.771,0.8926,185697.0,1819.0,25.0,28.09766504681759
20110627_5,47,1,50.479,0.799,125076.0,2431.0,25.0,18.925149859156353
20110627_6,47,2,32.414,0.8636,145999.0,1561.0,28.0,22.090992310970677
20110627_6,47,3,40.263,0.6834,154900.0,1939.0,28.0,23.43779552578687
20110627_6,47,2,29.611,0.8756,163789.0,1426.0,28.0,24.782783030168538
20110627_6,47,3,47.718,0.7576,148909.0,2298.0,28.0,22.531302091345367
20110627_6,47,3,41.883,0.7976,214535.0,2017.0,28.0,32.4611198394105
20110627_6,47,1,58.64,0.8836,163462.0,2824.0,28.0,24.73330492082746
20110627_6,47,3,47.053,0.6829,187389.0,2266.0,28.0,28.353680218087
20110627_6,47,2,43.606,0.9103,218757.0,2100.0,28.0,33.099947293961
20110627_6,47,2,33.494,0.9064,182935.0,1613.0,28.0,27.67974902846883
20110627_6,47,3,40.969,0.5968,173893.0,1973.0,28.0,26.31161121604685
20110627_6,47,3,50.666,0.6411,144934.0,2440.0,28.0,21.92984800990571
20110627_6,47,2,38.726,0.88,178214.0,1865.0,28.0,26.965418281682258
20110627_6,47,2,34.262,0.8784,162887.0,1650.0,28.0,24.646302129172668
20110627_6,47,1,50.625,0.8424,121508.0,2438.0,28.0,18.385278623288002
20110627_6,47,2,32.871,0.869,160518.0,1583.0,28.0,24.28785062755492
20110627_6,47,2,31.729,0.9169,176395.0,1528.0,28.0,26.690186841647357
20110627_6,47,2,15.387,0.7291,75890.0,741.0,28.0,11.482855406403912
20110627_6,47,2,34.137,0.8956,207968.0,1644.0,28.0,31.467472304111325
20110627_6,47,3,39.121,0.6086,183335.0,1884.0,28.0,27.74027270961999
20110627_6,47,2,36.878,0.8768,210838.0,1776.0,28.0,31.901729716370905
20110627_6,47,2,21.325,0.8043,142230.0,1027.0,28.0,21.520707925323865
20110627_6,47,3,31.625,0.7034,162407.0,1523.0,28.0,24.57367371179128
20110627_6,47,2,34.096,0.9126,175328.0,1642.0,28.0,26.528739922176634
20110627_6,47,1,75.314,0.8611,201113.0,3627.0,28.0,30.430247718383313
20110627_6,47,3,49.42,0.5758,173121.0,2380.0,28.0,26.194800511425107
20110627_6,47,2,36.671,0.8614,179805.0,1766.0,28.0,27.206151223461
20110627_6,47,2,36.567,0.8983,236672.0,1761.0,28.0,35.8106516635186
20110627_6,47,3,41.073,0.578,180883.0,1978.0,28.0,27.369262544163377
20110627_6,47,3,38.809,0.5917,210384.0,1869.0,28.0,31.833035338264335
20110627_6,47,2,34.677,0.897,182024.0,1670.0,28.0,27.54190634464706
20110627_6,47,3,30.109,0.7049,176960.0,1450.0,28.0,26.77567654127337
20110627_6,47,2,27.929,0.8728,156073.0,1345.0,28.0,23.615281220762654
20110627_6,47,3,45.641,0.6797,221872.0,2198.0,28.0,33.57127546092566
20110627_6,47,2,35.84,0.8832,201990.0,1726.0,28.0,30.562945889307233
20110627_6,47,2,31.438,0.891,161065.0,1514.0,28.0,24.37061676152913
20110627_6,47,3,41.841,0.523,201307.0,2015.0,28.0,30.45960170374163
20110627_6,47,1,73.694,0.8856,211346.0,3549.0,28.0,31.978594791432876
20110627_6,47,2,32.788,0.8861,196632.0,1579.0,28.0,29.75223118028744
20110627_6,47,2,36.214,0.9071,198591.0,1744.0,28.0,30.04864590872525
