stem,storage_day,pred_class,area_um2,circularity,sum_I,npix,I_bg,dry_mass_pg
20110511_1,0,1,142.737,0.3353,531273.0,6874.0,49.0,81.2563536531275
20110511_1,0,1,34.615,0.7233,110483.0,1667.0,49.0,16.89798977297639
20110511_1,0,1,52.493,0.8037,178865.0,2528.0,49.0,27.35677833461639
20110511_1,0,1,50.064,0.776,170886.0,2411.0,49.0,26.136418094592322
20110511_1,0,4,91.427,0.4022,317013.0,4403.0,49.0,48.486033434108094
20110511_1,0,1,49.254,0.8087,173062.0,2372.0,49.0,26.469229710370282
20110511_1,0,1,47.842,0.7989,172622.0,2304.0,49.0,26.401933243944598
20110511_1,0,3,49.669,0.7639,162196.0,2392.0,49.0,24.807312882684926
20110511_1,0,1,65.098,0.7672,195166.0,3135.0,49.0,29.849959469173633
20110511_1,0,4,44.374,0.8268,163518.0,2137.0,49.0,25.009508174991208
20110511_1,0,1,53.968,0.83,185521.0,2599.0,49.0,28.374790335819565
20110511_1,0,1,47.136,0.7629,151222.0,2270.0,49.0,23.12887783142235
20110511_1,0,1,27.804,0.7345,120832.0,1339.0,49.0,18.480833252611564
20110511_1,0,1,55.504,0.8174,188355.0,2673.0,49.0,28.808240758206857
20110511_1,0,1,54.113,0.8054,151603.0,2606.0,49.0,23.18715045348642
20110511_1,0,1,45.828,0.806,122367.0,2207.0,49.0,18.715606152528462
20110511_1,0,1,56.231,0.7938,135531.0,2708.0,49.0,20.728994070773453
20110511_1,0,4,41.55,0.7864,153738.0,2001.0,49.0,23.513691262165622
20110511_1,0,1,60.924,0.8086,146441.0,2934.0,49.0,22.39764054510138
20110511_1,0,4,40.055,0.8094,148574.0,1929.0,49.0,22.72387546075138
20110511_1,0,1,51.434,0.791,147040.0,2477.0,49.0,22.489255507349082
20110511_1,0,4,79.861,0.5538,261167.0,3846.0,49.0,39.94458237954188
20110511_1,0,1,53.511,0.8319,116713.0,2577.0,49.0,17.850846558958334
20110511_1,0,4,33.867,0.6678,141359.0,1631.0,49.0,21.62036635788465
20110511_1,0,1,52.244,0.7676,165803.0,2516.0,49.0,25.35899096086099
20110511_1,0,1,44.914,0.8378,152416.0,2163.0,49.0,23.311495969859344
20110511_1,0,1,62.564,0.8013,137797.0,3013.0,49.0,21.07557087286576
20110511_1,0,1,38.56,0.8053,157047.0,1857.0,49.0,24.01979127898974
20110511_1,0,1,55.961,0.8386,143647.0,2695.0,49.0,21.970307983298245
20110511_1,0,1,60.592,0.7729,111407.0,2918.0,49.0,17.03931235247034
20110511_1,0,1,47.198,0.7781,123017.0,2273.0,49.0,18.81502138702096
20110511_2,0,1,69.645,0.8075,255262.0,3354.0,44.0,39.04143321080618
20110511_2,0,1,137.712,0.4245,459909.0,6632.0,44.0,70.34147858493886
20110511_2,0,1,64.994,0.8082,277414.0,3130.0,44.0,42.42950440231051
20110511_2,0,3,53.822,0.7702,214426.0,2592.0,44.0,32.79570934044365
20110511_2,0,1,60.322,0.8013,210467.0,2905.0,44.0,32.19019408912703
20110511_2,0,1,63.748,0.7754,251852.0,3070.0,44.0,38.51988559600708
20110511_2,0,1,52.431,0.8095,231672.0,2525.0,44.0,35.43342493130153
20110511_2,0,1,66.24,0.7484,225817.0,3190.0,44.0,34.537923088296026
20110511_2,0,1,69.645,0.8141,239736.0,3354.0,44.0,36.666785625066915
20110511_2,0,1,70.87,0.8007,220144.0,3413.0,44.0,33.670257510948424
20110511_2,0,1,70.621,0.7603,257221.0,3401.0,44.0,39.34105543291511
20110511_2,0,1,70.393,0.789,236911.0,3390.0,44.0,36.234711721311065
20110511_2,0,1,65.908,0.817,208311.0,3174.0,44.0,31.86044140364115
20110511_2,0,1,67.942,0.7892,214274.0,3272.0,44.0,32.77246147022387
20110511_2,0,4,41.177,0.7104,212414.0,1983.0,44.0,32.48798095306071
20110511_2,0,1,51.684,0.7921,181442.0,2489.0,44.0,27.75092150275049
20110511_2,0,1,59.47,0.7878,198838.0,2864.0,44.0,30.411579070798943
20110511_2,0,3,49.732,0.7724,204339.0,2395.0,44.0,31.25293784763468
20110511_2,0,1,67.278,0.8384,215761.0,3240.0,44.0,32.99989293743978
20110511_2,0,1,72.864,0.7424,239089.0,3509.0,44.0,36.56782923011823
20110511_2,0,1,68.358,0.815,181024.0,3292.0,44.0,27.686989859646086
20110511_2,0,1,59.74,0.8188,160344.0,2877.0,44.0,24.52405593763861
20110511_2,0,1,44.665,0.7566,148802.0,2151.0,44.0,22.758747266081055
20110511_2,0,1,67.797,0.7862,208523.0,3265.0,44.0,31.89286606473716
20110511_2,0,1,72.345,0.7977,202517.0,3484.0,44.0,30.97426929802648
20110511_2,0,1,53.781,0.7142,159957.0,2590.0,44.0,24.46486563648692
20110511_2,0,1,67.153,0.7667,166045.0,3234.0,44.0,25.39600401739512
20110511_2,0,4,45.039,0.7921,153765.0,2169.0,44.0,23.517820818059928
20110511_2,0,1,67.652,0.7386,220477.0,3258.0,44.0,33.7211887003115
20110511_2,0,4,55.006,0.8109,190148.0,2649.0,44.0,29.082473858891547
20110511_2,0,1,66.281,0.7893,217318.0,3192.0,44.0,33.238030660677964
20110511_2,0,1,64.537,0.8172,230260.0,3108.0,44.0,35.2174644526809
20110511_2,0,1,62.627,0.7698,139807.0,3016.0,44.0,21.382993367219484
20110511_2,0,1,16.072,0.7511,55320.0,774.0,44.0,8.461001187884596
20110511_2,0,1,36.276,0.678,124630.0,1747.0,44.0,19.06172411507696
20110511_3,0,1,22.052,0.57,95292.0,1062.0,61.0,14.57457926962941
20110511_3,0,1,60.156,0.7889,250685.0,2897.0,61.0,38.341397013464395
20110511_3,0,1,64.558,0.7671,223532.0,3109.0,61.0,34.188440302426244
20110511_3,0,1,65.555,0.7809,266557.0,3157.0,61.0,40.76896409325659
20110511_3,0,1,65.347,0.7661,243198.0,3147.0,61.0,37.19628645862542
20110511_3,0,1,70.538,0.7986,266190.0,3397.0,61.0,40.712832722396975
20110511_3,0,4,61.443,0.784,245100.0,2959.0,61.0,37.48719072940193
20110511_3,0,4,115.328,0.439,450853.0,5554.0,61.0,68.95639494868644
20110511_3,0,1,52.493,0.7774,212488.0,2528.0,61.0,32.4992989951414
20110511_3,0,1,82.0,0.7989,284588.0,3949.0,61.0,43.52674269807848
20110511_3,0,1,77.017,0.7856,275100.0,3709.0,61.0,42.07558616751722
20110511_3,0,1,79.737,0.8033,251256.0,3840.0,61.0,38.42872947330319
20110511_3,0,1,133.289,0.4265,503292.0,6419.0,61.0,76.97675722799737
20110511_3,0,1,62.315,0.761,216425.0,3001.0,61.0,33.101449423136735
20110511_3,0,1,66.717,0.7925,245966.0,3213.0,61.0,37.61964241104886
20110511_3,0,1,70.04,0.7669,219725.0,3373.0,61.0,33.60617292132942
20110511_3,0,1,75.044,0.8023,217824.0,3614.0,61.0,33.315421597067505
20110511_3,0,1,62.461,0.8025,236067.0,3008.0,61.0,36.105624862985415
20110511_3,0,1,66.074,0.777,241196.0,3182.0,61.0,36.89008753638853
20110511_3,0,1,129.946,0.3831,401851.0,6258.0,61.0,61.46170984006893
20110511_3,0,1,81.273,0.775,247038.0,3914.0,61.0,37.78360107470418
20110511_3,0,1,63.54,0.8028,217612.0,3060.0,61.0,33.2829969359715
20110511_3,0,1,61.734,0.8148,208191.0,2973.0,61.0,31.842087821888686
20110511_3,0,1,67.88,0.781,238476.0,3269.0,61.0,36.474073016666075
20110511_3,0,1,68.835,0.829,247691.0,3315.0,61.0,37.88347514874049
20110511_3,0,1,66.489,0.7196,223312.0,3202.0,61.0,34.1547920692134
20110511_3,0,1,144.232,0.4145,387282.0,6946.0,61.0,59.23343206880555
20110511_3,0,1,72.698,0.7888,224049.0,3501.0,61.0,34.26751365047643
20110511_3,0,1,194.629,0.3145,618406.0,9373.0,61.0,94.58304231010416
20110511_3,0,1,60.571,0.7933,193847.0,2917.0,61.0,29.648223016411162
20110511_3,0,1,68.794,0.8324,213030.0,3313.0,61.0,32.582196006056684
20110511_3,0,1,67.07,0.788,174663.0,3230.0,61.0,26.714097080251037
20110511_3,0,1,48.673,0.7539,168170.0,2344.0,61.0,25.721015360928288
20110511_3,0,1,22.156,0.3749,59480.0,1067.0,61.0,9.097258688636584
20110511_4,0,1,22.634,0.7153,96889.0,1090.0,70.0,14.818834853451749
20110511_4,0,1,151.209,0.2764,553774.0,7282.0,70.0,84.69780317822858
20110511_4,0,1,47.032,0.8063,171890.0,2265.0,70.0,26.28997639525458
20110511_4,0,1,53.386,0.8202,162524.0,2571.0,70.0,24.857479339474985
20110511_4,0,1,48.444,0.7954,142353.0,2333.0,70.0,21.772395193400868
20110511_4,0,1,59.886,0.794,210699.0,2884.0,70.0,32.225677680515126
20110511_4,0,4,44.561,0.7925,172189.0,2146.0,70.0,26.335707403121127
20110511_4,0,1,51.102,0.8108,164985.0,2461.0,70.0,25.23388071191504
20110511_4,0,1,51.954,0.7889,189351.0,2502.0,70.0,28.960575486752287
20110511_4,0,1,49.545,0.8045,222353.0,2386.0,70.0,34.00811636170831
20110511_4,0,1,53.739,0.8053,186322.0,2588.0,70.0,28.497300494017246
20110511_4,0,1,47.489,0.8112,182996.0,2287.0,70.0,27.988600386444862
20110511_4,0,1,64.558,0.8311,206070.0,3109.0,70.0,31.517688264413938
20110511_4,0,1,57.498,0.7501,198773.0,2769.0,70.0,30.401637547349694
20110511_4,0,4,45.122,0.8043,200119.0,2173.0,70.0,30.607503556006467
20110511_4,0,1,62.938,0.755,210568.0,3031.0,70.0,32.20564168710202
20110511_4,0,1,43.648,0.8271,155273.0,2102.0,70.0,23.748464162082524
20110511_4,0,1,58.017,0.8068,191092.0,2794.0,70.0,29.226855368677572
20110511_4,0,1,59.097,0.7937,196147.0,2846.0,70.0,30.000000000000004
20110511_4,0,1,60.28,0.7667,165437.0,2903.0,70.0,25.303012536515983
20110511_4,0,1,78.969,0.3508,260937.0,3803.0,70.0,39.90940468118299
20110511_4,0,1,58.058,0.7914,170027.0,2796.0,70.0,26.00503703854762
20110511_4,0,1,55.816,0.8055,167634.0,2688.0,70.0,25.639036029100627
20110511_4,0,1,99.152,0.3963,317558.0,4775.0,70.0,48.56938928456719
20110511_4,0,4,76.788,0.3769,255387.0,3698.0,70.0,39.060551525131665
20110511_4,0,1,55.961,0.8208,144633.0,2695.0,70.0,22.121113246697632
20110511_4,0,1,57.145,0.8225,157416.0,2752.0,70.0,24.076228542878553
20110511_4,0,1,61.194,0.8111,178098.0,2947.0,70.0,27.23946835791524
20110511_4,0,1,52.909,0.799,184946.0,2548.0,70.0,28.286846089922353
20110511_4,0,1,28.967,0.7712,68874.0,1395.0,70.0,10.534038246825085
20110511_5,0,1,52.992,0.7446,191230.0,2552.0,65.0,29.247961987692907
20110511_5,0,1,46.825,0.7108,169014.0,2255.0,65.0,25.85010221925393
20110511_5,0,1,128.306,0.3946,411538.0,6179.0,65.0,62.94330272703636
20110511_5,0,1,68.005,0.7997,240992.0,3275.0,65.0,36.85888644740935
20110511_5,0,4,57.996,0.7594,222973.0,2793.0,65.0,34.102943200762695
20110511_5,0,1,67.133,0.8311,207314.0,3233.0,65.0,31.707953728581113
20110511_5,0,1,64.807,0.8145,198095.0,3121.0,65.0,30.297939810448288
20110511_5,0,1,56.522,0.7878,187637.0,2722.0,65.0,28.6984251607213
20110511_5,0,1,72.095,0.7784,215989.0,3472.0,65.0,33.034764742769454
20110511_5,0,1,69.998,0.7719,189144.0,3371.0,65.0,28.92891555822929
20110511_5,0,1,61.152,0.6864,190825.0,2945.0,65.0,29.18601864927835
20110511_5,0,4,94.708,0.5068,331803.0,4561.0,65.0,50.748112385098935
20110511_5,0,1,62.793,0.8027,197233.0,3024.0,65.0,30.166099914859775
20110511_5,0,1,49.399,0.8182,140073.0,2379.0,65.0,21.423677140104108
20110511_5,0,1,57.581,0.8171,161803.0,2773.0,65.0,24.747204902445617
20110511_5,0,1,153.41,0.5018,368051.0,7388.0,65.0,56.29211764645903
20110511_5,0,1,60.093,0.818,185013.0,2894.0,65.0,28.297093506400813
20110511_5,0,3,60.01,0.799,153207.0,2890.0,65.0,23.43247666291098
20110511_5,0,3,53.532,0.7638,169886.0,2578.0,65.0,25.98347157998848
20110511_5,0,1,65.534,0.7961,204073.0,3156.0,65.0,31.212254074750064
20110511_5,0,1,65.596,0.792,152177.0,3159.0,65.0,23.274941752869022
20110511_5,0,1,74.712,0.7089,200971.0,3598.0,65.0,30.737813986448938
20110511_5,0,1,26.143,0.7005,51786.0,1259.0,65.0,7.920488205274616
20110511_5,0,1,73.466,0.7779,212431.0,3538.0,65.0,32.49058104380898
20110511_5,0,1,66.198,0.7914,215582.0,3188.0,65.0,32.97251551132569
20110511_5,0,1,80.464,0.7817,212195.0,3875.0,65.0,32.45448566636247
20110511_5,0,1,75.729,0.7644,186296.0,3647.0,65.0,28.493323884637544
20110511_5,0,1,27.846,0.7732,96998.0,1341.0,65.0,14.835506023543568
20110511_6,0,4,84.118,0.4256,383357.0,4051.0,52.0,58.633116998985464
20110511_6,0,1,58.287,0.7821,230291.0,2807.0,52.0,35.22220579463362
20110511_6,0,1,51.248,0.8506,169316.0,2468.0,52.0,25.89629206666429
20110511_6,0,1,60.405,0.8035,248827.0,2909.0,52.0,38.05722238933045
20110511_6,0,4,44.291,0.7461,196992.0,2133.0,52.0,30.12923980484025
20110511_6,0,3,95.082,0.5683,444391.0,4579.0,52.0,67.96805457131642
20110511_6,0,1,59.906,0.7871,259154.0,2885.0,52.0,39.63670104564434
20110511_6,0,1,26.849,0.6984,113040.0,1293.0,52.0,17.289074010818418
20110511_6,0,1,59.429,0.7488,202961.0,2862.0,52.0,31.04217755051059
20110511_6,0,1,44.852,0.7906,178628.0,2160.0,52.0,27.320530010655276
20110511_6,0,1,63.644,0.8298,220374.0,3065.0,52.0,33.7054352093073
20110511_6,0,1,62.294,0.8302,205181.0,3000.0,52.0,31.38171881293112
20110511_6,0,1,61.402,0.8088,168399.0,2957.0,52.0,25.756040112772563
20110511_6,0,1,54.923,0.836,181971.0,2645.0,52.0,27.831830208975926
20110511_6,0,1,62.17,0.7883,168791.0,2994.0,52.0,25.815995146497272
20110511_6,0,1,42.339,0.8352,140309.0,2039.0,52.0,21.45977251755061
20110511_6,0,1,56.896,0.8142,169177.0,2740.0,52.0,25.875032501134356
20110511_6,0,1,52.307,0.781,130955.0,2519.0,52.0,20.029110819946265
20110511_6,0,1,48.901,0.8128,134534.0,2355.0,52.0,20.57650639571342
20110511_6,0,4,97.262,0.5196,329247.0,4684.0,52.0,50.35718109377151
20110511_6,0,1,46.742,0.7385,133941.0,2251.0,52.0,20.48580911255334
20110511_6,0,3,51.767,0.8165,146067.0,2493.0,52.0,22.34043854863954
20110511_6,0,1,55.484,0.7829,147592.0,2672.0,52.0,22.573681983410403
20110516_1,5,1,34.864,0.6499,126337.0,1679.0,50.0,19.32280381550572
20110516_1,5,1,75.646,0.7477,238706.0,3643.0,50.0,36.509250715024955
20110516_1,5,1,66.51,0.814,236678.0,3203.0,50.0,36.19907518340836
20110516_1,5,1,71.078,0.8333,237588.0,3423.0,50.0,36.33825651169786
20110516_1,5,1,69.5,0.7023,187303.0,3347.0,50.0,28.647341024843612
20110516_1,5,1,83.724,0.7928,266815.0,4032.0,50.0,40.808424294024384
20110516_1,5,1,78.844,0.7293,231588.0,3797.0,50.0,35.4205774240748
20110516_1,5,4,54.674,0.8091,242983.0,2633.0,50.0,37.163402957985596
20110516_1,5,1,69.479,0.8352,236188.0,3346.0,50.0,36.12413139125248
20110516_1,5,1,79.01,0.8224,222932.0,3805.0,50.0,34.09667239366394
20110516_1,5,1,51.248,0.7987,207736.0,2468.0,50.0,31.77249715774394
20110516_1,5,1,75.355,0.7575,261354.0,3629.0,50.0,39.9731833777728
20110516_1,5,1,86.714,0.754,261309.0,4176.0,50.0,39.966300784615626
20110516_1,5,1,78.969,0.788,263138.0,3803.0,50.0,40.24603995982605
20110516_1,5,1,78.304,0.7706,250504.0,3771.0,50.0,38.313713694321095
20110516_1,5,1,73.03,0.7601,204292.0,3517.0,50.0,31.245749361448304
20110516_1,5,3,192.801,0.3873,596844.0,9285.0,50.0,91.2852095622161
20110516_1,5,1,73.258,0.8085,206119.0,3528.0,50.0,31.525182643629524
20110516_1,5,1,65.824,0.8203,237109.0,3170.0,50.0,36.26499513120262
20110516_1,5,1,163.149,0.4024,479329.0,7857.0,50.0,73.31169989854548
20110516_1,5,1,74.608,0.7992,281699.0,3593.0,50.0,43.08488021738798
20110516_1,5,1,73.445,0.761,201415.0,3537.0,50.0,30.805722238933047
20110516_1,5,1,56.688,0.7788,191052.0,2730.0,50.0,29.220737508093418
20110516_1,5,1,122.533,0.4068,391075.0,5901.0,50.0,59.81355819869792
20110516_1,5,1,66.406,0.7859,221004.0,3198.0,50.0,33.80179151350773
20110516_1,5,1,61.464,0.8386,227809.0,2960.0,50.0,34.84259254538688
20110516_1,5,1,55.38,0.8251,233172.0,2667.0,50.0,35.66284470320729
20110516_1,5,1,53.013,0.7845,167634.0,2553.0,50.0,25.639036029100627
20110516_1,5,1,55.317,0.7983,217857.0,2664.0,50.0,33.320468832049436
20110516_1,5,1,69.043,0.7752,195980.0,3325.0,50.0,29.974457932061156
20110516_1,5,1,69.624,0.7339,162791.0,3353.0,50.0,24.898316058874215
20110516_1,5,1,127.704,0.4215,331736.0,6150.0,50.0,50.73786496862048
20110516_1,5,1,18.128,0.6981,61918.0,873.0,50.0,9.470142291240753
20110516_1,5,1,66.447,0.7824,155196.0,3200.0,50.0,23.736687280458025
20110516_1,5,3,77.162,0.5754,200313.0,3716.0,50.0,30.637175179839613
20110516_2,5,3,24.752,0.4545,84231.0,1192.0,52.0,12.882837871596303
20110516_2,5,1,56.646,0.7757,208729.0,2728.0,52.0,31.924373046745554
20110516_2,5,1,73.694,0.7562,225295.0,3549.0,52.0,34.45808500767282
20110516_2,5,1,57.809,0.7905,172763.0,2784.0,52.0,26.423498702503736
20110516_2,5,3,62.751,0.7786,225247.0,3022.0,52.0,34.45074357497183
20110516_2,5,1,145.354,0.4789,488278.0,7000.0,52.0,74.68041825773527
20110516_2,5,1,77.723,0.8023,213121.0,3743.0,52.0,32.59611413888563
20110516_2,5,1,73.237,0.7709,234310.0,3527.0,52.0,35.836897836826466
20110516_2,5,4,49.358,0.7474,195189.0,2377.0,52.0,29.85347723900952
20110516_2,5,1,74.338,0.8019,216931.0,3580.0,52.0,33.178840359526276
20110516_2,5,1,73.404,0.7822,234477.0,3535.0,52.0,35.8624399047653
20110516_2,5,1,76.747,0.7308,256363.0,3696.0,52.0,39.209827323385014
20110516_2,5,1,120.768,0.4102,424813.0,5816.0,52.0,64.97366770840237
20110516_2,5,1,59.034,0.8156,193812.0,2843.0,52.0,29.64286988840003
20110516_2,5,1,34.034,0.7969,109611.0,1639.0,52.0,16.76462041224184
20110516_2,5,1,74.816,0.7982,218698.0,3603.0,52.0,33.44909685083127
20110516_2,5,1,63.312,0.8221,226905.0,3049.0,52.0,34.704328896185004
20110516_2,5,1,69.126,0.8029,211547.0,3329.0,52.0,32.35537632489918
20110516_2,5,1,76.165,0.76,239605.0,3668.0,52.0,36.64674963165381
20110516_2,5,1,126.001,0.3969,405290.0,6068.0,52.0,61.98769290379154
20110516_2,5,1,66.074,0.8087,193862.0,3182.0,52.0,29.65051721413022
20110516_2,5,1,65.97,0.8265,244310.0,3177.0,52.0,37.36636298286489
20110516_2,5,1,72.822,0.8203,202617.0,3507.0,52.0,30.989563949486865
20110516_2,5,4,57.788,0.79,235078.0,2783.0,52.0,35.95436076004221
20110516_2,5,1,121.412,0.4031,403163.0,5847.0,52.0,61.66237566722917
20110516_2,5,1,38.124,0.6996,99246.0,1836.0,52.0,15.179329788373007
20110516_2,5,4,57.685,0.7907,255373.0,2778.0,52.0,39.05841027392721
20110516_2,5,4,151.375,0.3584,495754.0,7290.0,52.0,75.82384640091361
20110516_2,5,1,64.309,0.8358,139261.0,3097.0,52.0,21.299484570245784
20110516_2,5,1,125.939,0.4208,366218.0,6065.0,52.0,56.01176668519019
20110516_2,5,1,167.136,0.3178,500036.0,8049.0,52.0,76.47876337644726
20110516_2,5,3,57.456,0.8258,167117.0,2767.0,52.0,25.55996268105044
20110516_2,5,1,60.343,0.8134,207570.0,2906.0,52.0,31.747108036319702
20110516_2,5,1,43.876,0.7981,152667.0,2113.0,52.0,23.349885545024907
20110516_2,5,1,48.444,0.7472,121872.0,2333.0,52.0,18.63989762779956
20110516_2,5,1,27.472,0.6186,85592.0,1323.0,52.0,13.090998077972134
20110516_2,5,1,16.965,0.5447,63374.0,817.0,52.0,9.692832416503949
20110516_3,5,3,191.078,0.2418,671478.0,9202.0,57.0,102.70021973315932
20110516_3,5,1,68.171,0.781,191880.0,3283.0,57.0,29.347377222185404
20110516_3,5,1,137.193,0.4267,470901.0,6607.0,57.0,72.0226666734643
20110516_3,5,1,118.401,0.3876,340989.0,5702.0,57.0,52.15307906824984
20110516_3,5,1,63.187,0.8168,202676.0,3043.0,57.0,30.998587793848493
20110516_3,5,1,62.108,0.807,191091.0,2991.0,57.0,29.226702422162973
20110516_3,5,1,74.795,0.747,228966.0,3602.0,57.0,35.01955166278353
20110516_3,5,1,69.853,0.7935,208738.0,3364.0,57.0,31.92574956537699
20110516_3,5,3,58.37,0.749,205472.0,2811.0,57.0,31.426226248680837
20110516_3,5,4,52.909,0.7995,188362.0,2548.0,57.0,28.809311383809085
20110516_3,5,1,70.953,0.7663,216655.0,3417.0,57.0,33.136627121495614
20110516_3,5,1,83.267,0.8479,257103.0,4010.0,57.0,39.32300774419186
20110516_3,5,1,62.855,0.7959,185073.0,3027.0,57.0,28.306270297277045
20110516_3,5,3,103.16,0.5787,402690.0,4968.0,57.0,61.59003196582155
20110516_3,5,1,75.459,0.794,228529.0,3634.0,57.0,34.95271403590165
20110516_3,5,1,77.162,0.7754,215461.0,3716.0,57.0,32.95400898305863
20110516_3,5,1,61.9,0.8207,197438.0,2981.0,57.0,30.197453950353562
20110516_3,5,1,67.153,0.7198,186992.0,3234.0,57.0,28.59977465880182
20110516_3,5,1,78.221,0.7554,200818.0,3767.0,57.0,30.71441316971455
20110516_3,5,1,90.472,0.7989,245375.0,4357.0,57.0,37.52925102091799
20110516_3,5,1,72.407,0.7584,190651.0,3487.0,57.0,29.15940595573728
20110516_3,5,4,117.903,0.3543,367620.0,5678.0,57.0,56.226197698664784
20110516_3,5,1,76.83,0.7346,223780.0,3700.0,57.0,34.226371038048
20110516_3,5,1,40.159,0.7494,100147.0,1934.0,57.0,15.31713459803107
20110516_3,5,1,73.902,0.7815,218198.0,3559.0,57.0,33.37262359352935
20110516_3,5,1,64.122,0.7255,158043.0,3088.0,57.0,24.17212600753517
20110516_3,5,1,25.167,0.6872,71139.0,1212.0,57.0,10.880462102402792
20110516_3,5,3,123.426,0.3736,317685.0,5944.0,57.0,48.588813491921876
20110516_3,5,4,109.285,0.4696,366866.0,5263.0,57.0,56.110876026653486
20110516_3,5,1,71.701,0.7844,170365.0,3453.0,57.0,26.05673296048372
20110516_3,5,1,62.938,0.7826,158625.0,3031.0,57.0,24.2611408790346
20110516_3,5,1,64.786,0.7996,203509.0,3120.0,57.0,31.125992240513497
20110516_3,5,1,56.044,0.7983,143352.0,2699.0,57.0,21.92518876149011
20110516_3,5,1,61.588,0.8148,152763.0,2966.0,57.0,23.364568410426877
20110516_3,5,1,195.771,0.3674,470944.0,9428.0,57.0,72.02924337359225
20110516_3,5,1,111.59,0.4075,263698.0,5374.0,57.0,40.3316900080042
20110516_3,5,1,60.799,0.809,153319.0,2928.0,57.0,23.44960667254661
20110516_3,5,1,69.043,0.7959,165839.0,3325.0,57.0,25.364497035386727
20110516_3,5,1,38.706,0.772,113583.0,1864.0,57.0,17.372123968248307
20110516_3,5,1,23.88,0.63,59299.0,1150.0,57.0,9.06957536949329
20110516_5,5,3,41.945,0.7457,137881.0,2020.0,67.0,21.08841838009248
20110516_5,5,1,132.832,0.3706,457197.0,6397.0,67.0,69.92668763733323
20110516_5,5,1,71.099,0.8466,203604.0,3424.0,67.0,31.14052215940086
20110516_5,5,1,33.411,0.7545,115311.0,1609.0,67.0,17.636415545483747
20110516_5,5,1,76.082,0.8393,227329.0,3664.0,67.0,34.769178218377036
20110516_5,5,1,54.383,0.8142,160959.0,2619.0,67.0,24.61811804411997
20110516_5,5,1,67.859,0.8115,203665.0,3268.0,67.0,31.149851896791695
20110516_5,5,1,74.504,0.7988,211559.0,3588.0,67.0,32.35721168307443
20110516_5,5,1,63.789,0.7871,176402.0,3072.0,67.0,26.98007106914712
20110516_5,5,1,76.186,0.7833,200882.0,3669.0,67.0,30.7242017466492
20110516_5,5,1,55.131,0.8127,131247.0,2655.0,67.0,20.073771202210587
20110516_5,5,1,31.272,0.7768,104246.0,1506.0,67.0,15.944062361392222
20110516_5,5,1,76.56,0.7402,175268.0,3687.0,67.0,26.806629721586365
20110516_5,5,1,154.241,0.3877,381876.0,7428.0,67.0,58.40660321085716
20110516_5,5,1,64.205,0.7999,181804.0,3092.0,67.0,27.80628814103708
20110516_5,5,1,68.192,0.7509,200524.0,3284.0,67.0,30.66944689442102
20110516_5,5,4,47.925,0.8514,193634.0,2308.0,67.0,29.615645408800543
20110516_5,5,1,60.01,0.7946,145772.0,2890.0,67.0,22.295319326831407
20110516_5,5,1,144.191,0.3649,350563.0,6944.0,67.0,53.61738899906703
20110516_5,5,4,52.95,0.8001,204660.0,2550.0,67.0,31.302033678822518
20110516_5,5,1,73.113,0.8113,143336.0,3521.0,67.0,21.92274161725645
20110516_5,5,1,60.779,0.7822,173077.0,2927.0,67.0,26.471523908089342
20110516_5,5,1,64.724,0.8431,211265.0,3117.0,67.0,32.3122454077809
20110516_5,5,1,68.005,0.8115,141428.0,3275.0,67.0,21.630919667392316
20110516_5,5,1,127.787,0.3904,257424.0,6154.0,67.0,39.37210357537969
20110516_5,5,1,68.212,0.7956,155366.0,3285.0,67.0,23.76268818794068
20110516_5,5,1,29.05,0.694,62863.0,1399.0,67.0,9.614676747541385
20110516_5,5,1,65.534,0.779,137073.0,3156.0,67.0,20.96483759629258
20110516_5,5,1,59.512,0.7735,166506.0,2866.0,67.0,25.46651236062749
20110516_5,5,1,74.649,0.8133,157163.0,3595.0,67.0,24.037533074683783
20110516_5,5,1,143.713,0.3995,270489.0,6921.0,67.0,41.3703497886789
20110516_5,5,3,37.48,0.7672,104220.0,1805.0,67.0,15.940085752012523
20110516_5,5,1,42.755,0.7198,73502.0,2059.0,67.0,11.24187471641167
20110516_6,5,1,69.5,0.7839,188432.0,3347.0,70.0,28.820017639831352
20110516_6,5,4,39.162,0.7676,144647.0,1886.0,70.0,22.123254497902085
20110516_6,5,1,71.057,0.8004,166971.0,3422.0,70.0,25.537632489918277
20110516_6,5,4,109.846,0.5005,301884.0,5290.0,70.0,46.17210561466655
20110516_6,5,1,61.921,0.8022,157616.0,2982.0,70.0,24.106817845799323
20110516_6,5,1,62.502,0.8069,138823.0,3010.0,70.0,21.232493996849303
20110516_6,5,1,134.701,0.4008,275973.0,6487.0,70.0,42.209108474766374
20110516_6,5,4,50.002,0.8119,205170.0,2408.0,70.0,31.380036401270477
20110516_6,5,1,72.469,0.8171,149903.0,3490.0,70.0,22.927141378659886
20110516_6,5,1,75.729,0.8203,145196.0,3647.0,70.0,22.207222134419595
20110516_6,5,4,118.962,0.4061,348910.0,5729.0,70.0,53.36456841042688
20110516_6,5,1,76.518,0.7053,178816.0,3685.0,70.0,27.3492839554008
20110516_6,5,1,69.77,0.7579,145236.0,3360.0,70.0,22.213339995003746
20110516_6,5,1,126.084,0.4948,274275.0,6072.0,70.0,41.94940529296905
20110516_6,5,1,67.174,0.7818,109174.0,3235.0,70.0,16.69778278535996
20110516_6,5,1,58.681,0.8226,132730.0,2826.0,70.0,20.300590883368088
20110516_6,5,1,61.36,0.7967,116025.0,2955.0,70.0,17.74561935691089
20110516_6,5,1,78.304,0.7967,135376.0,3771.0,70.0,20.705287361009855
20110516_6,5,1,72.511,0.7811,144500.0,3492.0,70.0,22.10077136025532
20110516_6,5,1,142.28,0.4549,247687.0,6852.0,70.0,37.88286336268207
20110516_6,5,1,72.012,0.8212,151213.0,3468.0,70.0,23.127501312790915
20110516_6,5,1,60.343,0.8372,132040.0,2906.0,70.0,20.195057788291436
20110516_6,5,1,132.874,0.461,212678.0,6399.0,70.0,32.52835883291613
20110516_6,5,1,71.742,0.7519,89153.0,3455.0,70.0,13.63564061647642
20110516_6,5,4,44.146,0.7943,125564.0,2126.0,70.0,19.20457615971695
20110516_6,5,1,68.565,0.7479,152846.0,3302.0,70.0,23.377262971138997
20110516_6,5,4,51.642,0.7141,124666.0,2487.0,70.0,19.067230189602697
20110516_6,5,1,65.679,0.7979,128421.0,3163.0,70.0,19.641544351940126
20110516_7,5,1,56.875,0.7652,206366.0,2739.0,73.0,31.562960432736674
20110516_7,5,1,34.407,0.6473,123488.0,1657.0,73.0,18.88705919539937
20110516_7,5,4,132.459,0.3856,508309.0,6379.0,73.0,77.74408989176484
20110516_7,5,1,69.23,0.7612,232121.0,3334.0,73.0,35.50209791635865
20110516_7,5,4,133.808,0.3538,452636.0,6444.0,73.0,69.2290985842251
20110516_7,5,3,194.795,0.2781,743060.0,9381.0,73.0,113.6484371415316
20110516_7,5,1,55.67,0.7271,272783.0,2681.0,73.0,41.72120909318012
20110516_7,5,4,47.759,0.7878,175709.0,2300.0,73.0,26.874079134526657
20110516_7,5,1,70.6,0.7943,209697.0,3400.0,73.0,32.07242527288208
20110516_7,5,1,34.407,0.7998,138284.0,1657.0,73.0,21.150055825477832
20110516_7,5,1,59.014,0.7911,187198.0,2842.0,73.0,28.63128164081021
20110516_7,5,1,146.163,0.4411,411457.0,7039.0,73.0,62.93091405935345
20110516_7,5,1,73.154,0.7713,194706.0,3523.0,73.0,29.779604072455864
20110516_7,5,1,55.006,0.7888,172841.0,2649.0,73.0,26.435428530642838
20110516_7,5,1,59.927,0.7647,178985.0,2886.0,73.0,27.375131916368844
20110516_7,5,1,65.949,0.8054,197777.0,3176.0,73.0,30.249302818804264
20110516_7,5,1,77.058,0.7993,227494.0,3711.0,73.0,34.79441439328667
20110516_7,5,1,73.819,0.7842,206440.0,3555.0,73.0,31.57427847481736
20110516_7,5,1,71.576,0.786,215719.0,3447.0,73.0,32.99346918382641
20110516_7,5,4,71.971,0.8232,236311.0,3466.0,73.0,36.14294381254875
20110516_7,5,1,74.13,0.825,188856.0,3570.0,73.0,28.88486696202338
20110516_7,5,1,34.179,0.8003,121102.0,1646.0,73.0,18.5221288115546
20110516_7,5,1,66.074,0.7803,190995.0,3182.0,73.0,29.212019556761
20110516_7,5,1,75.189,0.7603,194120.0,3621.0,73.0,29.689977414898014
20110516_7,5,1,80.028,0.7646,202610.0,3854.0,73.0,30.98849332388464
20110516_7,5,1,36.089,0.7131,108653.0,1738.0,73.0,16.618097651251357
20110516_7,5,1,77.307,0.7648,198473.0,3723.0,73.0,30.35575359296854
20110516_7,5,1,151.562,0.4383,378878.0,7299.0,73.0,57.94806956007484
20110516_7,5,1,86.755,0.7619,174677.0,4178.0,73.0,26.716238331455493
20110516_7,5,1,62.004,0.8088,167936.0,2986.0,73.0,25.685225876510987
20110516_7,5,1,82.519,0.8186,186395.0,3974.0,73.0,28.508465589583324
20110516_7,5,1,55.525,0.7992,147434.0,2674.0,73.0,22.549516434102994
20110516_7,5,1,53.719,0.829,105471.0,2587.0,73.0,16.13142184178193
20110516_7,5,1,72.386,0.7992,154625.0,3486.0,73.0,23.64935482061923
20110516_7,5,1,56.418,0.8178,134739.0,2717.0,73.0,20.607860431207207
20110516_7,5,1,53.615,0.8038,160758.0,2582.0,73.0,24.587375794684604
20110516_7,5,4,15.802,0.7039,75459.0,761.0,73.0,11.541191045491393
20110519_1,8,1,30.628,0.5578,90742.0,1475.0,36.0,13.878672628181924
20110519_1,8,1,69.479,0.8206,203096.0,3346.0,36.0,31.062825329982104
20110519_1,8,1,50.604,0.8029,183043.0,2437.0,36.0,27.995788872631245
20110519_1,8,1,67.506,0.7956,179605.0,3251.0,36.0,27.469958755423228
20110519_1,8,1,68.856,0.7916,220155.0,3316.0,36.0,33.67193992260906
20110519_1,8,1,59.616,0.6092,183900.0,2871.0,36.0,28.126864035646737
20110519_1,8,1,74.4,0.6991,259305.0,3583.0,36.0,39.65979596934952
20110519_1,8,1,67.735,0.7463,215822.0,3262.0,36.0,33.00922267483061
20110519_1,8,1,33.66,0.5894,119011.0,1621.0,36.0,18.202317649517965
20110519_1,8,1,64.454,0.7666,209909.0,3104.0,36.0,32.10484993397809
20110519_1,8,4,55.961,0.762,273229.0,2695.0,36.0,41.78942323869343
20110519_1,8,1,73.943,0.8241,268216.0,3561.0,36.0,41.02270236098437
20110519_1,8,1,53.594,0.806,182646.0,2581.0,36.0,27.93506910633352
20110519_1,8,1,77.619,0.8153,306419.0,3738.0,36.0,46.865718058394975
20110519_1,8,1,61.505,0.8103,231300.0,2962.0,36.0,35.376528827868896
20110519_1,8,1,77.785,0.7861,267109.0,3746.0,36.0,40.85339056931791
20110519_1,8,1,64.309,0.776,285588.0,3097.0,36.0,43.67968921268233
20110519_1,8,1,72.698,0.8057,208845.0,3501.0,36.0,31.942114842439604
20110519_1,8,4,52.286,0.628,247631.0,2518.0,36.0,37.874298357864255
20110519_1,8,1,69.583,0.8175,215738.0,3351.0,36.0,32.996375167603894
20110519_1,8,1,66.468,0.798,268729.0,3201.0,36.0,41.101163922976134
20110519_1,8,1,69.687,0.8255,272237.0,3356.0,36.0,41.63770029620642
20110519_1,8,1,78.865,0.787,253285.0,3798.0,36.0,38.73905795143438
20110519_1,8,4,30.587,0.7366,121362.0,1473.0,36.0,18.561894905351597
20110519_1,8,1,68.856,0.7319,250092.0,3316.0,36.0,38.25069973030431
20110519_1,8,1,142.633,0.4885,539057.0,6869.0,36.0,82.44688932280383
20110519_1,8,4,57.581,0.7752,223470.0,2773.0,36.0,34.178957618520805
20110519_1,8,1,62.336,0.8091,252571.0,3002.0,36.0,38.62985414000725
20110519_1,8,1,71.472,0.7914,240198.0,3442.0,36.0,36.737446914813894
20110519_1,8,1,55.65,0.7348,228533.0,2680.0,36.0,34.953325821960064
20110519_10,8,1,26.683,0.7049,56733.0,1285.0,55.0,8.677114613019828
20110519_10,8,1,56.48,0.8123,130376.0,2720.0,55.0,19.940554787990642
20110519_10,8,4,105.776,0.6698,300187.0,5094.0,55.0,45.91255537938383
20110519_10,8,1,73.03,0.7756,159979.0,3517.0,55.0,24.468230459808208
20110519_10,8,1,70.538,0.8341,143994.0,3397.0,55.0,22.023380423865774
20110519_10,8,1,126.935,0.4618,278232.0,6113.0,55.0,42.55461465125646
20110519_10,8,1,18.19,0.6149,56670.0,876.0,55.0,8.667478982599786
20110519_10,8,3,170.977,0.3164,464478.0,8234.0,55.0,71.04029121016382
20110519_10,8,1,69.043,0.7616,141032.0,3325.0,55.0,21.57035284760919
20110519_10,8,1,83.308,0.7396,213516.0,4012.0,55.0,32.656528012154155
20110519_10,8,1,73.196,0.7101,175314.0,3525.0,55.0,26.81366526125814
20110519_10,8,1,83.869,0.7836,156943.0,4039.0,55.0,24.00388484147094
20110519_10,8,1,68.607,0.7768,146364.0,3304.0,55.0,22.385863663476883
20110519_10,8,1,75.688,0.8017,189411.0,3645.0,55.0,28.969752277628515
20110519_10,8,1,54.134,0.7755,158839.0,2607.0,55.0,24.293871433159822
20110519_10,8,1,65.264,0.8257,196113.0,3143.0,55.0,29.994799818503473
20110519_10,8,1,48.61,0.7101,149666.0,2341.0,55.0,22.890893054698775
20110519_10,8,1,64.932,0.8001,153208.0,3127.0,55.0,23.432629609425586
20110519_10,8,1,135.2,0.4636,319097.0,6511.0,55.0,48.804773970542506
20110519_10,8,1,56.169,0.815,163379.0,2705.0,55.0,24.988248609461277
20110519_10,8,1,44.873,0.7649,99118.0,2161.0,55.0,15.159752634503715
20110519_10,8,3,22.571,0.4567,56685.0,1087.0,55.0,8.669773180318844
20110519_4,8,1,37.709,0.6857,73503.0,1816.0,57.0,11.242027662926276
20110519_4,8,1,55.878,0.768,131000.0,2691.0,57.0,20.035993413103437
20110519_4,8,4,118.463,0.3928,287712.0,5705.0,57.0,44.00454760970089
20110519_4,8,1,72.428,0.7185,167416.0,3488.0,57.0,25.605693688916986
20110519_4,8,1,116.221,0.4257,262638.0,5597.0,57.0,40.16956670252413
20110519_4,8,1,68.628,0.7856,159105.0,3305.0,57.0,24.334555206044445
20110519_4,8,1,128.659,0.443,296150.0,6196.0,57.0,45.29511029992812
20110519_4,8,1,134.597,0.387,344280.0,6482.0,57.0,52.65642604781109
20110519_4,8,3,48.59,0.7102,127159.0,2340.0,57.0,19.448525850510077
20110519_4,8,1,68.212,0.7902,152397.0,3285.0,57.0,23.308589986081866
20110519_4,8,1,32.85,0.7715,78729.0,1582.0,57.0,12.04132614824596
20110519_4,8,1,76.726,0.776,173369.0,3695.0,57.0,26.516184290353667
20110519_4,8,1,66.717,0.843,186786.0,3213.0,57.0,28.568267676793425
20110519_4,8,4,91.511,0.3267,322153.0,4407.0,57.0,49.27217851917185
20110519_4,8,3,50.043,0.8486,179683.0,2410.0,57.0,27.48188858356233
20110519_4,8,4,132.957,0.3451,338289.0,6403.0,57.0,51.74012347881946
20110519_4,8,1,68.752,0.7745,162514.0,3311.0,57.0,24.85594987432895
20110519_4,8,4,119.356,0.4139,286265.0,5748.0,57.0,43.783234003069126
20110519_4,8,1,75.895,0.7683,201158.0,3655.0,57.0,30.76641498467986
20110519_4,8,1,74.483,0.784,173411.0,3587.0,57.0,26.522608043967026
20110519_4,8,3,116.221,0.3954,304380.0,5597.0,57.0,46.55386011511775
20110519_4,8,1,83.869,0.7346,219801.0,4039.0,57.0,33.617796856439305
20110519_4,8,1,81.564,0.8148,183288.0,3928.0,57.0,28.033260768709184
20110519_4,8,1,80.671,0.8182,218634.0,3885.0,57.0,33.43930827389662
20110519_4,8,1,59.304,0.7138,128053.0,2856.0,57.0,19.585260034565913
20110519_4,8,1,82.789,0.7629,175326.0,3987.0,57.0,26.815500619433383
20110519_4,8,1,80.464,0.7312,173561.0,3875.0,57.0,26.545550021157602
20110519_4,8,1,44.603,0.8029,120756.0,2148.0,57.0,18.46920931750167
20110519_4,8,1,131.587,0.4277,300659.0,6337.0,57.0,45.98474613427685
20110519_4,8,1,72.843,0.8032,185500.0,3508.0,57.0,28.371578459012884
20110519_4,8,4,49.483,0.7899,161358.0,2383.0,57.0,24.679143703446904
20110519_5,8,4,42.049,0.7434,141684.0,2025.0,19.0,21.670073975130897
20110519_5,8,1,51.144,0.6981,134178.0,2463.0,19.0,20.52205743651445
20110519_5,8,1,70.85,0.7417,218092.0,3412.0,19.0,33.35641126298134
20110519_5,8,4,53.739,0.7776,197708.0,2588.0,19.0,30.238749509296603
20110519_5,8,1,59.2,0.8509,177992.0,2851.0,19.0,27.22325602736723
20110519_5,8,1,69.209,0.8295,213793.0,3333.0,19.0,32.69889419669942
20110519_5,8,1,73.362,0.7657,214560.0,3533.0,19.0,32.816204173400564
20110519_5,8,1,59.429,0.8334,188504.0,2862.0,19.0,28.83102978888283
20110519_5,8,1,72.968,0.807,196021.0,3514.0,19.0,29.980728739159918
20110519_5,8,1,65.409,0.7981,194399.0,3150.0,19.0,29.732649492472486
20110519_5,8,1,58.141,0.8281,202597.0,2800.0,19.0,30.986505019194787
20110519_5,8,1,71.95,0.8088,229805.0,3465.0,19.0,35.14787378853615
20110519_5,8,1,37.418,0.7765,116787.0,1802.0,19.0,17.86216460103902
20110519_5,8,4,57.768,0.8303,227506.0,2782.0,19.0,34.796249751461914
20110519_5,8,1,73.279,0.7474,200675.0,3529.0,19.0,30.6925418181262
20110519_5,8,1,67.756,0.7227,226434.0,3263.0,19.0,34.63229108780659
20110519_5,8,1,71.161,0.824,244276.0,3427.0,19.0,37.361162801368366
20110519_5,8,1,70.517,0.6831,295815.0,3396.0,19.0,45.24387321753583
20110519_5,8,1,49.815,0.7651,179733.0,2399.0,19.0,27.48953590929252
20110519_5,8,1,148.925,0.419,530938.0,7172.0,19.0,81.20511657073521
20110519_5,8,1,66.551,0.7503,172876.0,3205.0,19.0,26.44078165865397
20110519_5,8,1,130.652,0.4288,439604.0,6292.0,19.0,67.23589960590782
20110519_5,8,1,18.896,0.7226,53016.0,910.0,19.0,8.108612418237342
20110519_7,8,4,46.845,0.8196,148904.0,2256.0,25.0,22.774347810570646
20110519_7,8,1,60.571,0.7998,126757.0,2917.0,25.0,19.387041351639333
20110519_7,8,1,37.771,0.5852,97025.0,1819.0,25.0,14.839635579437871
20110519_7,8,1,76.83,0.7412,188818.0,3700.0,25.0,28.879054994468436
20110519_7,8,1,65.015,0.6607,149373.0,3131.0,25.0,22.84607972591985
20110519_7,8,4,136.321,0.4094,353559.0,6565.0,25.0,54.075616756820146
20110519_7,8,1,73.653,0.7609,213147.0,3547.0,25.0,32.60009074826533
20110519_7,8,1,58.287,0.7219,130013.0,2807.0,25.0,19.885035203189446
20110519_7,8,4,197.432,0.2881,515125.0,9508.0,25.0,78.78657333530464
20110519_7,8,1,60.176,0.8023,165036.0,2898.0,25.0,25.241680984159842
20110519_7,8,1,62.98,0.7955,147877.0,3033.0,25.0,22.617271740072496
20110519_7,8,1,30.047,0.5897,79830.0,1447.0,25.0,12.209720260824792
20110519_7,8,3,56.522,0.7686,186257.0,2722.0,25.0,28.487358970567996
20110519_7,8,1,139.602,0.4541,373785.0,6723.0,25.0,57.16911296119748
20110519_7,8,3,54.902,0.727,189092.0,2644.0,25.0,28.92096233946989
20110519_7,8,1,30.815,0.7344,91729.0,1484.0,25.0,14.029630838095919
20110519_7,8,1,44.063,0.7437,120317.0,2122.0,25.0,18.402065797590584
20110519_7,8,1,71.223,0.7645,213730.0,3430.0,25.0,32.68925856627938
20110519_7,8,1,27.763,0.7556,100609.0,1337.0,25.0,15.387795887778045
20110519_7,8,4,55.214,0.819,254620.0,2659.0,25.0,38.943241548430514
20110519_7,8,1,35.259,0.7092,134457.0,1698.0,25.0,20.564729514088924
20110519_7,8,1,73.217,0.7908,241558.0,3526.0,25.0,36.94545417467512
20110519_7,8,4,71.722,0.7977,470808.0,3454.0,25.0,72.00844264760613
20110519_7,8,1,78.387,0.7386,276486.0,3775.0,25.0,42.28757003675815
20110519_7,8,1,139.394,0.3925,512459.0,6713.0,25.0,78.3788179273708
20110519_7,8,1,77.287,0.7924,315100.0,3722.0,25.0,48.19344675167094
20110519_7,8,1,57.145,0.7636,206630.0,2752.0,25.0,31.603338312592086
20110519_7,8,1,26.454,0.6988,90553.0,1274.0,25.0,13.8497657369218
20110519_7,8,1,75.106,0.7413,218448.0,3617.0,25.0,33.410860222180304
20110519_7,8,3,57.373,0.6103,254593.0,2763.0,25.0,38.93911199253621
20110519_7,8,1,82.436,0.7943,266442.0,3970.0,25.0,40.751375244077146
20110519_7,8,3,36.172,0.5034,145601.0,1742.0,25.0,22.26916547283415
20110519_7,8,1,27.617,0.6517,124824.0,1330.0,25.0,19.091395738910105
20110519_8,8,1,54.279,0.7484,123152.0,2614.0,25.0,18.83566916649248
20110519_8,8,4,52.763,0.7742,243465.0,2541.0,25.0,37.237123178024646
20110519_8,8,1,66.447,0.753,202241.0,3200.0,25.0,30.93205605999582
20110519_8,8,1,57.29,0.7878,170262.0,2759.0,25.0,26.040979469479524
20110519_8,8,1,77.058,0.8141,215555.0,3711.0,25.0,32.96838595543139
20110519_8,8,4,113.147,0.4207,367100.0,5449.0,25.0,56.146665511070786
20110519_8,8,1,69.811,0.7795,156224.0,3362.0,25.0,23.893916297470774
20110519_8,8,1,100.066,0.3858,288582.0,4819.0,25.0,44.137611077406234
20110519_8,8,1,81.502,0.7482,229231.0,3925.0,25.0,35.060082489153544
20110519_8,8,1,154.324,0.559,438285.0,7432.0,25.0,67.03416315314534
20110519_8,8,1,75.999,0.7329,230266.0,3660.0,25.0,35.21838213176852
20110519_8,8,1,75.667,0.7438,195407.0,3644.0,25.0,29.886819579193155
20110519_8,8,1,41.903,0.7766,124463.0,2018.0,25.0,19.036182047138116
20110519_8,8,4,48.154,0.7706,201108.0,2319.0,25.0,30.758767658949665
20110519_8,8,1,77.411,0.7792,245062.0,3728.0,25.0,37.48137876184698
20110519_8,8,1,69.354,0.7465,194022.0,3340.0,25.0,29.674988656466834
20110519_8,8,1,65.077,0.7639,195511.0,3134.0,25.0,29.90272601671196
20110519_8,8,4,51.351,0.7509,170314.0,2473.0,25.0,26.048932688238924
20110519_8,8,1,55.587,0.8104,242605.0,2677.0,25.0,37.10558917546534
20110519_8,8,1,63.956,0.8323,224387.0,3080.0,25.0,34.31920957241253
20110519_8,8,1,70.268,0.8013,244497.0,3384.0,25.0,37.39496398109581
20110519_8,8,1,78.408,0.7991,265205.0,3776.0,25.0,40.562180405512194
20110519_8,8,1,97.387,0.4639,333601.0,4690.0,25.0,51.02311021835664
20110519_8,8,1,28.427,0.5957,102097.0,1369.0,25.0,15.615380301508562
20110523_2,12,1,20.786,0.5886,57427.0,1001.0,49.0,8.783259494154894
20110523_2,12,1,65.098,0.7925,181495.0,3135.0,49.0,27.75902766802449
20110523_2,12,1,185.534,0.3158,473699.0,8935.0,49.0,72.45061102132584
20110523_2,12,1,70.559,0.7596,189782.0,3398.0,49.0,29.026495434546543
20110523_2,12,1,78.865,0.7967,205672.0,3798.0,49.0,31.456815551601608
20110523_2,12,1,64.558,0.8196,133095.0,3109.0,49.0,20.356416361198487
20110523_2,12,1,40.948,0.7302,105218.0,1972.0,49.0,16.09272637358716
20110523_2,12,1,62.73,0.7901,158986.0,3021.0,49.0,24.316354570806592
20110523_2,12,4,190.787,0.311,467071.0,9188.0,49.0,71.43688152253158
20110523_2,12,1,18.294,0.6702,49947.0,881.0,49.0,7.6392195649181485
20110523_2,12,1,65.824,0.7687,143593.0,3170.0,49.0,21.962048871509634
20110523_2,12,4,48.112,0.7607,151524.0,2317.0,49.0,23.17506767883271
20110523_2,12,1,75.605,0.757,198999.0,3641.0,49.0,30.436203459650162
20110523_2,12,4,123.343,0.4205,341748.0,5940.0,49.0,52.26916547283416
20110523_2,12,1,36.858,0.7746,101267.0,1775.0,49.0,15.488434694387372
20110523_2,12,3,42.132,0.7379,159182.0,2029.0,49.0,24.346332087668944
20110523_2,12,1,77.577,0.7741,222261.0,3736.0,49.0,33.99404528236476
20110523_2,12,1,60.903,0.8263,124137.0,2933.0,49.0,18.986321483377264
20110523_2,12,1,142.156,0.3659,385835.0,6846.0,49.0,59.01211846217378
20110523_2,12,1,62.17,0.8055,182132.0,2994.0,49.0,27.856454597827142
20110523_2,12,3,54.362,0.7699,187259.0,2618.0,49.0,28.640611378201044
20110523_2,12,1,54.944,0.7871,177873.0,2646.0,49.0,27.20505539212937
20110523_3,12,1,47.365,0.648,114773.0,2281.0,54.0,17.55413032062688
20110523_3,12,1,68.96,0.7487,170715.0,3321.0,54.0,26.110264240595065
20110523_3,12,1,73.424,0.8046,191547.0,3536.0,54.0,29.296446032822324
20110523_3,12,4,71.514,0.6171,289086.0,3444.0,54.0,44.21469612076657
20110523_3,12,3,59.72,0.811,174765.0,2876.0,54.0,26.729697624740627
20110523_3,12,1,119.792,0.3827,264521.0,5769.0,54.0,40.45756498952317
20110523_3,12,1,42.942,0.7505,100177.0,2068.0,54.0,15.321722993469185
20110523_3,12,1,67.05,0.7409,134866.0,3229.0,54.0,20.627284638561896
20110523_3,12,1,72.864,0.7314,178559.0,3509.0,54.0,27.309976701147612
20110523_3,12,1,180.633,0.329,429119.0,8699.0,54.0,65.63225540028652
20110523_3,12,4,186.447,0.341,455708.0,8979.0,54.0,69.6989502770881
20110523_3,12,1,52.784,0.7895,107799.0,2542.0,54.0,16.487481327779676
20110523_3,12,1,188.295,0.255,400750.0,9068.0,54.0,61.293315727490096
20110523_3,12,1,59.45,0.8162,148782.0,2863.0,54.0,22.755688335788978
20110523_3,12,1,144.502,0.4303,318228.0,6959.0,54.0,48.67186344935176
20110523_3,12,4,66.842,0.7454,129429.0,3219.0,54.0,19.795714438660802
20110523_3,12,4,36.089,0.818,170669.0,1738.0,54.0,26.103228700923285
20110523_3,12,1,32.061,0.7386,92683.0,1544.0,54.0,14.175541813027985
20110523_3,12,1,67.652,0.7902,140160.0,3258.0,54.0,21.43698348687464
20110523_3,12,3,40.284,0.8506,150167.0,1940.0,54.0,22.9675192585153
20110523_3,12,4,111.881,0.4047,287603.0,5388.0,54.0,43.98787643960907
20110523_3,12,1,148.302,0.3686,299880.0,7142.0,54.0,45.865600799400454
20110523_3,12,1,64.412,0.6884,97556.0,3102.0,54.0,14.920850178692513
20110523_3,12,4,64.412,0.5052,176531.0,3102.0,54.0,26.99980116953102
20110523_4,12,1,115.93,0.3693,309533.0,5583.0,63.0,47.34199350487135
20110523_4,12,1,63.665,0.7482,183588.0,3066.0,63.0,28.07914472309034
20110523_4,12,1,106.482,0.5304,292683.0,5128.0,63.0,44.76484473379659
20110523_4,12,1,143.962,0.4045,428736.0,6933.0,63.0,65.57367688519325
20110523_4,12,3,104.945,0.4497,340000.0,5054.0,63.0,52.001814965306636
20110523_4,12,1,66.157,0.7605,195652.0,3186.0,63.0,29.924291475271097
20110523_4,12,1,67.423,0.7847,203196.0,3247.0,63.0,31.07811998144249
20110523_4,12,1,74.068,0.7983,205087.0,3567.0,63.0,31.367341840558357
20110523_4,12,1,138.875,0.5057,380065.0,6688.0,63.0,58.12961707290961
20110523_4,12,1,73.113,0.8029,211065.0,3521.0,63.0,32.28165610486013
20110523_4,12,1,68.565,0.774,191752.0,3302.0,63.0,29.32780006831611
20110523_4,12,1,66.614,0.7803,234546.0,3208.0,63.0,35.872993214272974
20110523_4,12,1,47.302,0.803,149734.0,2278.0,63.0,22.901293417691836
20110523_4,12,1,63.374,0.7609,160001.0,3052.0,63.0,24.471595283129492
20110523_4,12,1,45.392,0.7363,118032.0,2186.0,63.0,18.052583011720802
20110523_4,12,1,129.822,0.3793,378825.0,6252.0,63.0,57.93996339480084
20110523_4,12,1,69.645,0.7459,179895.0,3354.0,63.0,27.514313244658343
20110523_4,12,1,51.829,0.8101,135553.0,2496.0,63.0,20.732358894094737
20110523_4,12,1,65.97,0.7768,199936.0,3177.0,63.0,30.57951434383396
20110523_4,12,3,50.5,0.7628,188511.0,2432.0,63.0,28.832100414485055
20110523_4,12,1,70.683,0.7672,184277.0,3404.0,63.0,28.184524871652386
20110523_4,12,1,38.02,0.7644,122945.0,1831.0,63.0,18.80400923796948
20110523_4,12,1,66.717,0.8123,196968.0,3213.0,63.0,30.12556908848976
20110523_4,12,4,72.511,0.8098,195029.0,3492.0,63.0,29.829005796672906
20110523_4,12,1,143.111,0.4336,323331.0,6892.0,63.0,49.452349513375175
20110523_4,12,1,129.136,0.4859,400568.0,6219.0,63.0,61.2654794618322
20110523_4,12,1,76.415,0.8229,218211.0,3680.0,63.0,33.37461189821919
20110523_4,12,1,70.164,0.7934,164612.0,3379.0,63.0,25.17683166196781
20110523_4,12,1,64.807,0.8488,177787.0,3121.0,63.0,27.191901991873447
20110523_4,12,1,65.222,0.811,210177.0,3141.0,63.0,32.145839599891914
20110523_6,12,1,28.78,0.6461,78264.0,1386.0,59.0,11.970206018955173
20110523_6,12,4,33.618,0.7624,118036.0,1619.0,59.0,18.053194797779216
20110523_6,12,1,59.657,0.7998,153275.0,2873.0,59.0,23.442877025904043
20110523_6,12,1,182.502,0.3717,450647.0,8789.0,59.0,68.92488796667806
20110523_6,12,4,102.973,0.4234,353577.0,4959.0,59.0,54.07836979408302
20110523_6,12,1,53.054,0.8123,135569.0,2555.0,59.0,20.734806038328397
20110523_6,12,1,56.896,0.7923,145721.0,2740.0,59.0,22.28751905458661
20110523_6,12,1,110.926,0.4534,290487.0,5342.0,59.0,44.42897418772655
20110523_6,12,1,58.494,0.7816,160080.0,2817.0,59.0,24.483678057783195
20110523_6,12,1,135.137,0.3806,310285.0,6508.0,59.0,47.457009283853445
20110523_6,12,1,59.803,0.804,131882.0,2880.0,59.0,20.170892238984028
20110523_6,12,1,62.398,0.7803,159211.0,3005.0,59.0,24.350767536592453
20110523_6,12,4,37.937,0.8136,168979.0,1827.0,59.0,25.844749091242793
20110523_6,12,1,66.219,0.6587,138302.0,3189.0,59.0,21.152808862740702
20110523_6,12,1,147.617,0.397,317226.0,7109.0,59.0,48.518611041718714
20110523_6,12,1,136.965,0.3539,311673.0,6596.0,59.0,47.66929904612357
20110523_6,12,1,62.855,0.8107,158576.0,3027.0,59.0,24.253646499819016
20110523_6,12,1,76.124,0.7516,148567.0,3666.0,59.0,22.722804835149148
20110523_6,12,1,95.601,0.5724,249590.0,4604.0,59.0,38.173920579973185
20110523_6,12,1,61.339,0.8199,162456.0,2954.0,59.0,24.847078976481924
20110523_6,12,1,21.803,0.7173,44412.0,1050.0,59.0,6.792660606585877
20110523_6,12,1,19.374,0.7264,45120.0,933.0,59.0,6.900946738925398
20110523_7,12,1,70.829,0.8261,146407.0,3411.0,61.0,22.392440363604848
20110523_7,12,4,154.303,0.5915,453351.0,7431.0,61.0,69.33845534216685
20110523_7,12,1,77.474,0.7928,181162.0,3731.0,61.0,27.708096478661414
20110523_7,12,4,43.17,0.6709,179691.0,2079.0,61.0,27.483112155679162
20110523_7,12,1,66.094,0.7355,163501.0,3183.0,61.0,25.006908084242944
20110523_7,12,1,73.528,0.7953,165108.0,3541.0,61.0,25.252693133211316
20110523_7,12,1,68.046,0.779,160989.0,3277.0,61.0,24.62270643955809
20110523_7,12,1,58.432,0.7409,172205.0,2814.0,61.0,26.338154547354794
20110523_7,12,4,45.454,0.8414,144051.0,2189.0,61.0,22.032098375198196
20110523_7,12,1,80.111,0.7683,166377.0,3858.0,61.0,25.44678226024359
20110523_7,12,4,48.86,0.7596,151840.0,2353.0,61.0,23.22339877744753
20110523_7,12,1,61.235,0.8274,166127.0,2949.0,61.0,25.408545631592634
20110523_7,12,1,61.505,0.8318,163902.0,2962.0,61.0,25.06823963659908
20110523_7,12,1,52.909,0.7706,107732.0,2548.0,61.0,16.47723391130122
20110523_7,12,3,104.385,0.5836,243217.0,5027.0,61.0,37.19919244240289
20110523_7,12,3,131.483,0.4284,282099.0,6332.0,61.0,43.14605882322952
20110523_7,12,1,69.707,0.799,143019.0,3357.0,61.0,21.87425757212703
20110523_7,12,1,64.89,0.8074,160763.0,3125.0,61.0,24.58814052725762
20110523_7,12,4,58.37,0.7263,146000.0,2811.0,61.0,22.330191132161083
20110523_7,12,1,81.855,0.7984,186306.0,3942.0,61.0,28.49485334978358
20110523_7,12,1,26.475,0.7393,74456.0,1275.0,61.0,11.387785691343737
20110523_7,12,1,78.2,0.7947,145666.0,3766.0,61.0,22.279106996283403
20110523_7,12,4,126.395,0.5342,332287.0,6087.0,61.0,50.82213849816719
20110523_7,12,1,54.549,0.8064,104797.0,2627.0,61.0,16.02833589093894
20110523_7,12,1,59.657,0.7747,88025.0,2873.0,61.0,13.463116948003284
20110523_7,12,1,71.971,0.788,137264.0,3466.0,61.0,20.99405038058191
20110523_7,12,1,56.563,0.7692,122469.0,2724.0,61.0,18.731206697018052
20110523_7,12,1,67.153,0.7734,117143.0,3234.0,61.0,17.916613560237987
20110523_7,12,1,60.612,0.7747,79706.0,2919.0,61.0,12.190754893013912
20110523_9,12,1,59.553,0.7667,172554.0,2868.0,55.0,26.39153288095153
20110523_9,12,1,62.606,0.7899,154589.0,3015.0,55.0,23.643848746093493
20110523_9,12,1,66.281,0.7491,173919.0,3192.0,55.0,26.60030487338578
20110523_9,12,4,130.756,0.4668,326026.0,6297.0,55.0,49.86454037023253
20110523_9,12,1,65.015,0.8163,152826.0,3131.0,55.0,23.37420404084692
20110523_9,12,4,62.066,0.8583,190784.0,2989.0,55.0,29.17974784217959
20110523_9,12,1,57.934,0.7484,126155.0,2790.0,55.0,19.29496754984782
20110523_9,12,1,71.306,0.7623,139591.0,3434.0,55.0,21.349956920065054
20110523_9,12,1,177.83,0.514,496144.0,8564.0,55.0,75.88349554160911
20110523_9,12,4,45.018,0.8349,130097.0,2168.0,55.0,19.89788271041617
20110523_9,12,1,57.705,0.8081,138561.0,2779.0,55.0,21.192422010023094
20110523_9,12,4,53.989,0.7664,162742.0,2600.0,55.0,24.890821679658625
20110523_9,12,1,53.781,0.7722,133420.0,2590.0,55.0,20.40612397844474
20110523_9,12,3,67.32,0.5464,149990.0,3242.0,55.0,22.940447725430417
20110523_9,12,1,55.525,0.7223,117082.0,2674.0,55.0,17.907283822847152
20110523_9,12,2,42.339,0.7524,172967.0,2039.0,55.0,26.454699791482923
20110523_9,12,4,122.056,0.3984,262478.0,5878.0,55.0,40.14509526018752
20110523_9,12,1,82.249,0.7953,136260.0,3961.0,55.0,20.840492079919652
20110523_9,12,1,129.572,0.3944,293532.0,6240.0,55.0,44.89469632469525
20110523_9,12,1,77.951,0.767,182426.0,3754.0,55.0,27.90142087312067
20110523_9,12,3,72.033,0.7329,131838.0,3469.0,55.0,20.16416259234146
20110523_9,12,1,116.304,0.6391,220650.0,5601.0,55.0,33.747648447337966
20110523_9,12,1,58.993,0.7391,135302.0,2841.0,55.0,20.693969318929174
20110523_9,12,1,63.748,0.8204,105087.0,3070.0,55.0,16.072690380174055
20110523_9,12,1,56.854,0.7873,95583.0,2738.0,55.0,14.619086705379129
20110523_9,12,1,66.946,0.7738,120595.0,3224.0,55.0,18.44458492865045
20110523_9,12,1,68.275,0.7582,132444.0,3288.0,55.0,20.256848180191387
20110523_9,12,1,61.9,0.8097,136869.0,2981.0,55.0,20.933636507313395
20110523_9,12,1,60.82,0.7948,92769.0,2929.0,55.0,14.188695213283916
20110526_2,15,4,107.832,0.4674,407792.0,5193.0,16.0,62.37036508333036
20110526_2,15,1,92.175,0.7775,277553.0,4439.0,16.0,42.45076396784045
20110526_2,15,1,78.076,0.7573,262080.0,3760.0,16.0,40.084222547375184
20110526_2,15,3,86.631,0.7499,284304.0,4172.0,16.0,43.483305887930996
20110526_2,15,4,67.091,0.7621,286400.0,3231.0,16.0,43.80388178254065
20110526_2,15,1,21.512,0.6593,69201.0,1036.0,16.0,10.584051757100543
20110526_2,15,1,163.066,0.4553,527607.0,7853.0,16.0,80.69565173058982
20110526_2,15,1,151.417,0.5498,537306.0,7292.0,16.0,82.17907997573249
20110526_2,15,1,79.592,0.7456,258587.0,3833.0,16.0,39.54998037186396
20110526_2,15,1,174.57,0.3882,615282.0,8407.0,16.0,94.10523739848175
20110526_2,15,4,65.658,0.6799,258203.0,3162.0,16.0,39.49124891025609
20110526_2,15,3,48.693,0.8182,275531.0,2345.0,16.0,42.14150611531148
20110526_2,15,1,89.351,0.7976,335947.0,4303.0,16.0,51.38192274161727
20110526_2,15,1,24.793,0.4645,81388.0,1194.0,16.0,12.448010930577578
20110526_2,15,1,34.366,0.6882,105510.0,1655.0,16.0,16.13738675585148
20110526_2,15,1,68.981,0.7485,258246.0,3322.0,16.0,39.497825610384055
20110526_2,15,1,88.292,0.7853,357568.0,4252.0,16.0,54.68877933386695
20110526_2,15,1,103.388,0.7517,342068.0,4979.0,16.0,52.31810835750738
20110526_2,15,1,69.624,0.8696,270728.0,3353.0,16.0,41.40690400566922
20110526_2,15,1,68.15,0.7791,218710.0,3282.0,16.0,33.45093220900652
20110526_2,15,1,84.305,0.7558,313141.0,4060.0,16.0,47.89382452956202
20110526_2,15,4,59.657,0.7636,292074.0,2873.0,16.0,44.67170030640285
20110526_2,15,1,81.606,0.8198,331441.0,3930.0,16.0,50.69274574681235
20110526_2,15,1,21.159,0.6791,88471.0,1019.0,16.0,13.531331093516599
20110526_2,15,1,134.224,0.6031,527947.0,6464.0,16.0,80.74765354555512
20110526_2,15,1,34.926,0.7578,126326.0,1682.0,16.0,19.321121403845076
20110526_2,15,4,69.791,0.7081,465522.0,3361.0,16.0,71.19996737141022
20110526_3,15,4,35.113,0.6808,158013.0,1691.0,43.0,24.16753761209705
20110526_3,15,1,81.253,0.7679,184255.0,3913.0,43.0,28.1811600483311
20110526_3,15,1,159.598,0.386,383744.0,7686.0,43.0,58.692307300137145
20110526_3,15,1,153.701,0.5121,428076.0,7402.0,43.0,65.47273218555472
20110526_3,15,1,79.031,0.6622,176783.0,3806.0,43.0,27.038343691211185
20110526_3,15,1,68.565,0.7548,157887.0,3302.0,43.0,24.148266351256964
20110526_3,15,4,127.911,0.4214,386956.0,6160.0,43.0,59.18357150504469
20110526_3,15,4,172.929,0.2049,585938.0,8328.0,43.0,89.6171748739466
20110526_3,15,1,88.749,0.7115,213099.0,4274.0,43.0,32.59274931556435
20110526_3,15,4,58.868,0.7735,263604.0,2835.0,43.0,40.31731303563144
20110526_3,15,3,92.154,0.7089,168284.0,4438.0,43.0,25.738451263593124
20110526_3,15,1,46.492,0.4299,111733.0,2239.0,43.0,17.089172916231195
20110526_3,15,1,80.464,0.7308,204088.0,3875.0,43.0,31.214548272469116
20110526_3,15,1,81.066,0.6751,190327.0,3904.0,43.0,29.109851285005636
20110526_3,15,1,88.915,0.6752,232940.0,4282.0,43.0,35.6273611118192
20110526_3,15,1,90.721,0.712,215500.0,4369.0,43.0,32.95997389712817
20110526_3,15,3,44.208,0.6987,233710.0,2129.0,43.0,35.74512992806416
20110526_3,15,3,76.768,0.6459,230389.0,3697.0,43.0,35.237194553064796
20110526_3,15,1,149.818,0.3619,436975.0,7215.0,43.0,66.83380321901431
20110526_3,15,1,92.798,0.8113,262820.0,4469.0,43.0,40.197402968182026
20110526_3,15,1,61.775,0.6601,195960.0,2975.0,43.0,29.97139900176908
20110526_5,15,3,165.059,0.4105,361239.0,7949.0,43.0,55.25024598897765
20110526_5,15,1,64.039,0.7327,137889.0,3084.0,43.0,21.089641952209313
20110526_5,15,1,90.078,0.6432,173331.0,4338.0,43.0,26.51037232279872
20110526_5,15,1,85.883,0.725,158733.0,4136.0,43.0,24.27765910261182
20110526_5,15,1,79.965,0.7367,149234.0,3851.0,43.0,22.824820160389912
20110526_5,15,1,131.566,0.5401,319893.0,6336.0,43.0,48.926519396167166
20110526_5,15,4,84.97,0.7382,397289.0,4092.0,43.0,60.7639678404462
20110526_5,15,1,89.143,0.7593,181967.0,4293.0,43.0,27.83121842291751
20110526_5,15,1,91.822,0.7378,211670.0,4422.0,43.0,32.37418874619546
20110526_5,15,4,68.42,0.8304,205988.0,3295.0,43.0,31.50514665021642
20110526_5,15,1,57.29,0.7142,110815.0,2759.0,43.0,16.948768015824868
20110526_5,15,1,19.644,0.2524,44640.0,946.0,43.0,6.827532411915554
20110526_5,15,3,45.641,0.6937,170892.0,2198.0,43.0,26.137335773679943
20110526_5,15,1,100.875,0.551,312179.0,4858.0,43.0,47.74668998251311
20110526_5,15,4,106.025,0.4658,339398.0,5106.0,43.0,51.90974116351513
20110526_5,15,1,81.128,0.6054,211305.0,3907.0,43.0,32.318363268365054
20110526_5,15,1,90.618,0.7494,165317.0,4364.0,43.0,25.284658954763522
20110526_5,15,3,54.072,0.5128,187048.0,2604.0,43.0,28.60833966361963
20110526_5,15,3,113.293,0.399,402957.0,5456.0,43.0,61.630868685220776
20110526_5,15,1,27.119,0.5316,68270.0,1306.0,43.0,10.441658552004364
20110526_5,15,1,59.117,0.718,176909.0,2847.0,43.0,27.057614952051267
20110526_5,15,1,178.536,0.3516,462813.0,8598.0,43.0,70.78563526334841
20110526_5,15,1,73.923,0.7147,202765.0,3560.0,43.0,31.012200033648234
20110526_5,15,1,104.572,0.7924,328225.0,5036.0,43.0,50.20086975584638
20110526_5,15,4,37.044,0.748,194022.0,1784.0,43.0,29.674988656466834
20110526_6,15,1,17.484,0.723,32942.0,842.0,52.0,5.038364084079798
20110526_6,15,1,50.189,0.6496,105266.0,2417.0,52.0,16.10006780628814
20110526_6,15,4,68.898,0.7372,190239.0,3318.0,52.0,29.096391991720495
20110526_6,15,4,50.064,0.7722,133239.0,2411.0,52.0,20.378440659301443
20110526_6,15,1,87.005,0.7641,159690.0,4190.0,52.0,24.424028917087696
20110526_6,15,1,30.857,0.7395,65210.0,1486.0,52.0,9.973642217316605
20110526_6,15,1,68.524,0.7812,139573.0,3300.0,52.0,21.347203882802184
20110526_6,15,1,81.045,0.8081,146508.0,3903.0,52.0,22.407887961579835
20110526_6,15,1,19.997,0.6107,49348.0,963.0,52.0,7.547604602670446
20110526_6,15,1,89.912,0.7911,155400.0,4330.0,52.0,23.76788836943721
20110526_6,15,1,91.552,0.7442,183046.0,4409.0,52.0,27.996247712175055
20110526_6,15,3,93.483,0.7023,161201.0,4502.0,52.0,24.655131100654103
20110526_6,15,1,92.611,0.6988,210080.0,4460.0,52.0,32.131003787975345
20110526_6,15,1,159.515,0.3736,400271.0,7682.0,52.0,61.22005434699486
20110526_6,15,1,176.75,0.3783,401183.0,8512.0,52.0,61.35954156831356
20110526_6,15,1,81.959,0.6667,176353.0,3947.0,52.0,26.97257668993153
20110526_6,15,3,173.137,0.3349,388052.0,8338.0,52.0,59.3512008850505
20110526_6,15,4,76.415,0.6512,355128.0,3680.0,52.0,54.31558983823358
20110526_6,15,3,87.129,0.6056,229622.0,4196.0,52.0,35.119884576363646
20110526_6,15,1,51.476,0.7923,122555.0,2479.0,52.0,18.744360097273987
20110526_6,15,1,83.308,0.7664,172594.0,4012.0,52.0,26.397650741535685
20110526_6,15,1,26.475,0.6154,76878.0,1275.0,52.0,11.758222149714246
20110526_6,15,1,80.152,0.8059,216084.0,3860.0,52.0,33.049294661656816
20110526_6,15,1,72.656,0.7136,170343.0,3499.0,52.0,26.053368137162437
20110526_6,15,1,87.129,0.686,231089.0,4196.0,52.0,35.34425711328748
20110526_6,15,1,88.707,0.7574,251572.0,4272.0,52.0,38.477060571918
20110526_6,15,1,91.635,0.818,248533.0,4413.0,52.0,38.01225611403692
20110526_6,15,2,40.512,0.7769,204143.0,1951.0,52.0,31.22296033077233
20110526_6,15,1,52.514,0.7416,119458.0,2529.0,52.0,18.27068474154588
20110526_6,15,1,17.795,0.2388,47800.0,857.0,52.0,7.310843398063697
20110526_7,15,1,81.398,0.7329,153321.0,3920.0,49.0,23.44991256557582
20110526_7,15,4,36.65,0.7282,87659.0,1765.0,49.0,13.407138523658277
20110526_7,15,1,73.404,0.7318,145972.0,3535.0,49.0,22.325908629752178
20110526_7,15,1,166.056,0.4187,331685.0,7997.0,49.0,50.730064696375685
20110526_7,15,1,123.696,0.3939,247982.0,5957.0,49.0,37.92798258449021
20110526_7,15,4,131.026,0.4287,325556.0,6310.0,49.0,49.792655508368725
20110526_7,15,1,87.295,0.7529,215858.0,4204.0,49.0,33.01472874935635
20110526_7,15,4,141.263,0.6647,371075.0,6803.0,49.0,56.75462790662106
20110526_7,15,1,82.146,0.8269,197582.0,3956.0,49.0,30.219478248456518
20110526_7,15,1,23.713,0.6557,59418.0,1142.0,49.0,9.087776004731147
20110526_7,15,1,92.59,0.7769,199075.0,4459.0,49.0,30.447827394760054
20110526_7,15,1,91.427,0.768,225129.0,4403.0,49.0,34.43269588624858
20110526_7,15,3,67.797,0.6692,175834.0,3265.0,49.0,26.893197448852135
20110526_7,15,1,179.512,0.384,416884.0,8645.0,49.0,63.76095479410851
20110526_7,15,1,82.665,0.7688,208675.0,3981.0,49.0,31.916113934956947
20110526_7,15,1,84.471,0.7703,231329.0,4068.0,49.0,35.38096427679241
20110526_7,15,1,177.082,0.44,435408.0,8528.0,49.0,66.5941360306301
20110526_7,15,3,40.429,0.8315,169709.0,1947.0,49.0,25.9564000469036
20110526_7,15,1,100.73,0.7549,267176.0,4851.0,49.0,40.86363798579637
20110526_7,15,1,181.007,0.3938,463192.0,8717.0,49.0,70.84360199238327
20110526_7,15,1,89.849,0.7265,242521.0,4327.0,49.0,37.092741668238624
20110526_7,15,1,67.527,0.774,193450.0,3252.0,49.0,29.58750325011344
20110526_7,15,1,93.857,0.7772,219287.0,4520.0,49.0,33.53918234793293
20110526_7,15,1,89.102,0.4261,251720.0,4291.0,49.0,38.49969665607937
20110526_7,15,1,70.351,0.5729,234435.0,3388.0,49.0,35.85601615115195
20110526_7,15,1,15.304,0.3993,46673.0,737.0,49.0,7.138472676105166
20110526_8,15,1,76.124,0.3698,160817.0,3666.0,43.0,24.59639963904623
20110526_8,15,1,43.731,0.5096,89787.0,2106.0,43.0,13.732608706735256
20110526_8,15,1,83.641,0.2513,137539.0,4028.0,43.0,21.03611067209797
20110526_8,15,1,109.908,0.6579,292148.0,5293.0,43.0,44.68301834848354
20110526_8,15,4,73.694,0.6013,190493.0,3549.0,43.0,29.135240406429872
20110526_8,15,1,72.178,0.7784,147325.0,3476.0,43.0,22.532845264011176
20110526_8,15,1,58.204,0.7253,129431.0,2803.0,43.0,19.79602033169001
20110526_8,15,1,52.68,0.8397,123830.0,2537.0,43.0,18.939366903393886
20110526_8,15,1,131.42,0.6017,340587.0,6329.0,43.0,52.09159456937909
20110526_8,15,3,66.344,0.6975,176266.0,3195.0,43.0,26.959270343161
20110526_8,15,4,51.227,0.7458,160358.0,2467.0,43.0,24.526197188843064
20110526_8,15,3,173.262,0.2706,491021.0,8344.0,43.0,75.09995054729362
20110526_8,15,4,43.045,0.7361,167332.0,2073.0,43.0,25.592846181690263
20110526_8,15,1,70.434,0.6283,227548.0,3392.0,43.0,34.802673505075276
20110526_8,15,1,57.996,0.7675,162996.0,2793.0,43.0,24.929670094368003
20110526_8,15,3,41.197,0.8001,177386.0,1984.0,43.0,27.130570439517303
20110526_8,15,4,36.006,0.7615,170474.0,1734.0,43.0,26.07340413057554
20110530_4,19,1,79.197,0.815,211749.0,3814.0,75.0,32.38627152084916
20110530_4,19,3,48.652,0.7928,187893.0,2343.0,75.0,28.73757946845988
20110530_4,19,3,70.081,0.788,147990.0,3375.0,75.0,22.63455469622273
20110530_4,19,1,66.489,0.7883,168909.0,3202.0,75.0,25.834042835220526
20110530_4,19,1,61.941,0.7753,147732.0,2983.0,75.0,22.59509449545494
20110530_4,19,3,119.647,0.4508,290360.0,5762.0,75.0,44.409549980371864
20110530_4,19,1,84.201,0.7994,177927.0,4055.0,75.0,27.213314503917978
20110530_4,19,1,64.516,0.777,141400.0,3107.0,75.0,21.626637164983407
20110530_4,19,1,64.869,0.7758,162800.0,3124.0,75.0,24.89969257750565
20110530_4,19,1,72.739,0.8196,138215.0,3503.0,75.0,21.139502515970168
20110530_4,19,3,58.017,0.7989,113019.0,2794.0,75.0,17.285862134011737
20110530_4,19,1,66.572,0.7894,114990.0,3206.0,75.0,17.587319714295912
20110530_4,19,1,64.184,0.774,122543.0,3091.0,75.0,18.742524739098737
20110530_4,19,1,59.138,0.7604,117911.0,2848.0,75.0,18.034076483453735
20110530_4,19,1,123.281,0.5154,229797.0,5937.0,75.0,35.14665021641932
20110530_4,19,1,65.077,0.7692,106629.0,3134.0,75.0,16.308533905693178
20110530_4,19,1,70.787,0.8096,152895.0,3409.0,75.0,23.384757350354583
20110530_4,19,1,56.522,0.7584,111102.0,2722.0,75.0,16.99266366551617
20110530_4,19,1,63.353,0.8466,104293.0,3051.0,75.0,15.951250847578601
20110530_4,19,4,61.817,0.7948,115795.0,2977.0,75.0,17.710441658552003
20110530_4,19,1,59.782,0.7745,87856.0,2879.0,75.0,13.437268987035234
20110530_4,19,1,58.266,0.7801,101121.0,2806.0,75.0,15.466104503255213
20110530_4,19,4,87.627,0.3818,213085.0,4220.0,75.0,32.5906080643599
20110530_4,19,1,52.618,0.8308,60185.0,2534.0,75.0,9.205085981432294
20110530_4,19,1,102.329,0.3584,123441.0,4928.0,75.0,18.879870709212987
20110530_4,19,4,185.492,0.4907,239057.0,8933.0,75.0,36.56293494165091
20110530_4,19,1,102.557,0.6326,173945.0,4939.0,75.0,26.60428148276548
20110530_4,19,1,68.462,0.7805,68126.0,3297.0,75.0,10.41963425390141
20110530_4,19,1,60.592,0.7506,69552.0,2918.0,75.0,10.637735983726492
20110530_4,19,1,59.367,0.8194,45538.0,2859.0,75.0,6.964878382029805
20110530_5,19,1,30.732,0.6594,87837.0,1480.0,81.0,13.43436300325776
20110530_5,19,4,54.404,0.7401,166822.0,2620.0,81.0,25.514843459242304
20110530_5,19,1,68.96,0.7607,164332.0,3321.0,81.0,25.134006637878734
20110530_5,19,4,48.486,0.801,176486.0,2335.0,81.0,26.992918576373846
20110530_5,19,1,67.942,0.7844,154178.0,3272.0,81.0,23.580987728591314
20110530_5,19,1,57.934,0.8004,154666.0,2790.0,81.0,23.655625627717992
20110530_5,19,1,63.063,0.7793,183783.0,3037.0,81.0,28.108969293438086
20110530_5,19,4,28.365,0.8246,89745.0,1366.0,81.0,13.726184953121892
20110530_5,19,4,56.667,0.7451,176472.0,2729.0,81.0,26.990777325169393
20110530_5,19,1,65.845,0.8144,131985.0,3171.0,81.0,20.186645729988225
20110530_5,19,4,40.138,0.7949,136789.0,1933.0,81.0,20.921400786145085
20110530_5,19,4,110.386,0.4525,205990.0,5316.0,81.0,31.50545254324563
20110530_5,19,1,65.368,0.7858,122993.0,3148.0,81.0,18.811350670670468
20110530_5,19,1,62.959,0.7797,151177.0,3032.0,81.0,23.12199523826518
20110530_5,19,2,35.612,0.77,137949.0,1715.0,81.0,21.098818743085545
20110530_5,19,1,54.819,0.7702,91147.0,2640.0,81.0,13.940615966596482
20110530_5,19,1,55.712,0.8177,140422.0,2683.0,81.0,21.477055473700847
20110530_5,19,1,75.106,0.748,115288.0,3617.0,81.0,17.63289777564786
20110530_5,19,3,37.605,0.7518,149370.0,1811.0,81.0,22.845620886376036
20110530_5,19,4,169.399,0.3473,329106.0,8158.0,81.0,50.33561563521237
20110530_5,19,1,55.567,0.7789,65557.0,2676.0,81.0,10.026714657884138
20110530_5,19,1,60.301,0.7012,69225.0,2904.0,81.0,10.587722473451034
20110530_5,19,1,60.986,0.7665,93850.0,2937.0,81.0,14.354030395570671
20110530_5,19,1,61.775,0.8201,63717.0,2975.0,81.0,9.745293071013068
20110530_5,19,1,61.318,0.8104,44267.0,2953.0,81.0,6.770483361968321
20110530_5,19,4,46.866,0.8097,108291.0,2257.0,81.0,16.56273101296477
20110530_5,19,1,65.368,0.7777,55454.0,3148.0,81.0,8.481496020841512
20110530_6,19,4,18.273,0.7539,88372.0,880.0,73.0,13.516189388570817
20110530_6,19,1,68.524,0.822,187951.0,3300.0,73.0,28.746450366306906
20110530_6,19,1,57.456,0.7873,195081.0,2767.0,73.0,29.836959015432306
20110530_6,19,1,55.214,0.8462,185053.0,2659.0,73.0,28.303211366984968
20110530_6,19,4,48.133,0.8209,148975.0,2318.0,73.0,22.785207013107517
20110530_6,19,4,57.435,0.7836,194754.0,2766.0,73.0,29.786945505156847
20110530_6,19,3,48.631,0.7985,136074.0,2342.0,73.0,20.81204402820334
20110530_6,19,1,57.809,0.805,129969.0,2784.0,73.0,19.878305556546877
20110530_6,19,1,75.189,0.8125,155861.0,3621.0,73.0,23.83839671266958
20110530_6,19,4,162.194,0.3042,335938.0,7811.0,73.0,51.38054622298582
20110530_6,19,1,51.954,0.8094,136566.0,2502.0,73.0,20.887293713388427
20110530_6,19,1,59.512,0.7601,93823.0,2866.0,73.0,14.349900839676367
20110530_6,19,4,122.305,0.3937,308849.0,5890.0,73.0,47.237378088882316
20110530_6,19,1,135.657,0.4815,291312.0,6533.0,73.0,44.55515506227473
20110530_6,19,1,65.7,0.784,125974.0,3164.0,73.0,19.267284230704522
20110530_6,19,1,68.545,0.7751,134841.0,3301.0,73.0,20.6234609756968
20110530_6,19,1,68.067,0.7825,131185.0,3278.0,73.0,20.06428851830515
20110530_6,19,4,110.033,0.5177,267690.0,5299.0,73.0,40.94225249430274
20110530_6,19,2,32.725,0.8022,122431.0,1576.0,73.0,18.72539472946311
20110530_6,19,4,181.63,0.3653,370379.0,8747.0,73.0,56.64817713245678
20110530_6,19,4,47.551,0.8152,129269.0,2290.0,73.0,19.771242996324187
20110530_6,19,1,68.545,0.7174,76733.0,3301.0,73.0,11.736044905096687
20110530_6,19,1,121.682,0.4728,229452.0,5860.0,73.0,35.09388366888099
20110530_6,19,4,119.335,0.3976,221188.0,5747.0,73.0,33.829933672194834
20110530_6,19,1,181.796,0.3448,262146.0,8755.0,73.0,40.09431701733904
20110530_6,19,4,111.735,0.3815,176231.0,5381.0,73.0,26.95391721514986
20110530_6,19,1,128.908,0.3644,177643.0,6208.0,73.0,27.16987769377049
20110530_6,19,1,62.274,0.8112,105976.0,2999.0,73.0,16.20865983165687
20110530_6,19,1,72.199,0.773,57112.0,3477.0,73.0,8.735081342054684
20110530_6,19,1,51.372,0.8058,111799.0,2474.0,73.0,17.09926738619505
20110530_6,19,1,53.345,0.7905,79934.0,2569.0,73.0,12.225626698343591
20110530_7,19,1,28.136,0.7163,61594.0,1355.0,75.0,9.420587620509108
20110530_7,19,1,43.253,0.8222,134835.0,2083.0,75.0,20.622543296609177
20110530_7,19,1,51.974,0.8066,113897.0,2503.0,75.0,17.42014917383391
20110530_7,19,2,34.179,0.7309,140595.0,1646.0,75.0,21.503515220727312
20110530_7,19,4,84.99,0.4959,277243.0,4093.0,75.0,42.403350548313256
20110530_7,19,1,56.605,0.7784,127050.0,2726.0,75.0,19.43185468041826
20110530_7,19,4,58.266,0.8084,189072.0,2806.0,75.0,28.917903409177814
20110530_7,19,4,118.837,0.4406,289541.0,5723.0,75.0,44.28428678491132
20110530_7,19,3,102.412,0.4945,251650.0,4932.0,75.0,38.488990400057105
20110530_7,19,3,150.877,0.3282,350350.0,7266.0,75.0,53.584811391456405
20110530_7,19,1,40.512,0.8289,90437.0,1951.0,75.0,13.832023941227753
20110530_7,19,4,40.533,0.6906,139408.0,1952.0,75.0,21.32196770789255
20110530_7,19,1,46.347,0.8286,75500.0,2232.0,75.0,11.54746185259015
20110530_7,19,1,60.675,0.8308,138330.0,2922.0,75.0,21.157091365149608
20110530_7,19,4,42.942,0.8062,92799.0,2068.0,75.0,14.193283608722032
20110530_7,19,1,59.138,0.7604,90729.0,2848.0,75.0,13.876684323492075
20110530_7,19,4,40.761,0.805,130791.0,1963.0,75.0,20.004027591551235
20110530_7,19,1,63.54,0.755,123996.0,3060.0,75.0,18.964756024818122
20110530_7,19,4,75.127,0.3247,181323.0,3618.0,75.0,27.732720867512633
20110530_7,19,1,109.181,0.3915,172993.0,5258.0,75.0,26.458676400862622
20110530_7,19,1,181.858,0.2832,271513.0,8758.0,75.0,41.52696701963324
20110530_7,19,4,157.273,0.2595,239418.0,7574.0,75.0,36.6181486334229
20110530_7,19,1,127.496,0.3979,139414.0,6140.0,75.0,21.322885386980175
20110530_7,19,1,57.768,0.852,72797.0,2782.0,75.0,11.134047423615963
20110530_7,19,3,100.107,0.4597,164686.0,4821.0,75.0,25.188149704048495
20110530_7,19,1,22.177,0.6499,28308.0,1068.0,75.0,4.329609935405589
20110530_7,19,4,37.522,0.752,111936.0,1807.0,75.0,17.120221058695776
20110530_7,19,1,118.526,0.528,108751.0,5708.0,75.0,16.633086409682534
20110530_7,19,1,57.519,0.7797,77917.0,2770.0,75.0,11.917133578387638
20110530_7,19,3,30.275,0.7474,109693.0,1458.0,75.0,16.777162026439353
20110530_7,19,1,52.182,0.8088,65201.0,2513.0,75.0,9.97226569868517
20110530_7,19,1,57.124,0.7941,68220.0,2751.0,75.0,10.434011226274173
20110530_7,19,4,29.237,0.6904,75676.0,1408.0,75.0,11.574380439160427
20110530_7,19,3,27.97,0.8311,88898.0,1347.0,75.0,13.596639255252438
20110530_7,19,1,43.378,0.8192,42637.0,2089.0,75.0,6.521180543164056
20110530_8,19,1,20.08,0.3313,53938.0,967.0,70.0,8.249629104702086
20110530_8,19,1,61.339,0.7189,144293.0,2954.0,70.0,22.069111431732324
20110530_8,19,1,146.62,0.5203,378251.0,7061.0,70.0,57.85217209541824
20110530_8,19,1,85.676,0.7713,221068.0,4126.0,70.0,33.811580090442376
20110530_8,19,4,38.477,0.8491,127612.0,1853.0,70.0,19.517810621625618
20110530_8,19,1,76.498,0.6881,168731.0,3684.0,70.0,25.80681835562104
20110530_8,19,1,158.062,0.4452,352178.0,7612.0,70.0,53.86439762015224
20110530_8,19,1,71.556,0.8003,175918.0,3446.0,70.0,26.906044956078862
20110530_8,19,4,25.105,0.7715,111238.0,1209.0,70.0,17.013464391502293
20110530_8,19,3,32.85,0.7852,147181.0,1582.0,70.0,22.510820965908223
20110530_8,19,1,73.009,0.8101,163140.0,3516.0,70.0,24.95169439247095
20110530_8,19,1,78.325,0.7624,169603.0,3772.0,70.0,25.94018771635559
20110530_8,19,1,65.721,0.8011,128232.0,3165.0,70.0,19.612637460680002
20110530_8,19,1,62.481,0.8311,125521.0,3009.0,70.0,19.197999459588985
20110530_8,19,1,48.818,0.8106,124323.0,2351.0,70.0,19.014769535093578
20110530_8,19,1,63.125,0.6822,133439.0,3040.0,70.0,20.409029962222213
20110530_8,19,1,58.183,0.7833,146153.0,2802.0,70.0,22.35359194889547
20110530_8,19,1,59.99,0.8006,118141.0,2889.0,70.0,18.06925418181262
20110530_8,19,4,56.086,0.6022,157400.0,2701.0,70.0,24.073781398644897
20110530_8,19,4,48.548,0.8184,151527.0,2338.0,70.0,23.175526518376525
20110530_8,19,1,69.957,0.7457,140895.0,3369.0,70.0,21.549399175108466
20110530_8,19,3,54.591,0.7077,106633.0,2629.0,70.0,16.309145691751596
20110530_8,19,1,132.646,0.5381,272277.0,6388.0,70.0,41.64381815679057
20110530_8,19,4,59.782,0.6789,146468.0,2879.0,70.0,22.401770100995684
20110530_8,19,3,52.743,0.7061,163928.0,2540.0,70.0,25.072216245978783
20110530_8,19,4,47.655,0.5305,151925.0,2295.0,70.0,23.236399231188855
20110530_8,19,4,114.227,0.4067,266725.0,5501.0,70.0,40.79465910771004
20110530_8,19,4,33.556,0.7597,94381.0,1616.0,70.0,14.43524499482531
20110530_8,19,1,58.494,0.7459,100967.0,2817.0,70.0,15.44255074000622
20110530_8,19,1,62.959,0.7164,121652.0,3032.0,70.0,18.606249394586715
20110530_8,19,4,31.791,0.6296,104975.0,1531.0,70.0,16.055560370538423
20110530_8,19,4,79.571,0.4343,146323.0,3832.0,70.0,22.379592856378125
20110530_8,19,4,54.3,0.7691,125349.0,2615.0,70.0,19.17169265907712
20110530_8,19,1,53.843,0.7654,112685.0,2593.0,70.0,17.234777998134053
20110530_9,19,4,153.348,0.3387,410339.0,7385.0,74.0,62.75991985602635
20110530_9,19,4,43.668,0.7908,160898.0,2103.0,74.0,24.608788306729135
20110530_9,19,3,43.876,0.8005,167055.0,2113.0,74.0,25.550479997145
20110530_9,19,1,58.121,0.8421,157685.0,2799.0,74.0,24.11737115530699
20110530_9,19,1,49.379,0.778,131857.0,2378.0,74.0,20.167068576118933
20110530_9,19,1,74.712,0.7307,191837.0,3598.0,74.0,29.34080052205744
20110530_9,19,1,74.338,0.8207,156936.0,3580.0,74.0,24.002814215868714
20110530_9,19,1,82.706,0.7591,178391.0,3983.0,74.0,27.284281686694165
20110530_9,19,1,65.97,0.8167,127551.0,3177.0,74.0,19.508480884234785
20110530_9,19,1,73.943,0.8073,168943.0,3561.0,74.0,25.839243016717056
20110530_9,19,1,67.714,0.7639,171027.0,3261.0,74.0,26.157983553151464
20110530_9,19,1,63.25,0.8311,144854.0,3046.0,74.0,22.15491442642508
20110530_9,19,1,131.587,0.5508,289404.0,6337.0,74.0,44.26333311241059
20110530_9,19,1,66.967,0.7653,136990.0,3225.0,74.0,20.95214303558046
20110530_9,19,1,67.673,0.8321,105623.0,3259.0,74.0,16.154669712001716
20110530_9,19,4,20.329,0.7146,39387.0,979.0,74.0,6.024104370701566
20110530_9,19,1,69.209,0.7852,118481.0,3333.0,74.0,18.12125599677793
20110530_9,19,2,24.316,0.8032,114588.0,1171.0,74.0,17.525835215425168
20110530_9,19,1,73.86,0.7451,104626.0,3557.0,74.0,16.002182036941683
20110530_9,19,4,41.073,0.829,114130.0,1978.0,74.0,17.455785711736606
20110530_9,19,4,44.644,0.7674,145410.0,2150.0,74.0,22.239952688544818
20110530_9,19,1,70.434,0.6783,141560.0,3392.0,74.0,21.651108607320023
20110530_9,19,4,52.68,0.7511,127066.0,2537.0,74.0,19.434301824651918
20110530_9,19,1,86.132,0.7738,138802.0,4148.0,74.0,21.229282120042622
20110530_9,19,1,53.989,0.7997,82095.0,2600.0,74.0,12.556144116402495
20110530_9,19,1,82.54,0.736,116764.0,3975.0,74.0,17.85864683120313
20110530_9,19,1,63.187,0.7329,79395.0,3043.0,74.0,12.14318852697212
20110603_1,23,3,41.094,0.5403,90288.0,1979.0,82.0,13.809234910551782
20110603_1,23,4,30.005,0.6725,66498.0,1445.0,82.0,10.170637328126356
20110603_1,23,4,30.358,0.7676,64706.0,1462.0,82.0,9.896557173956268
20110603_1,23,2,20.599,0.8513,66461.0,992.0,82.0,10.164978307086013
20110603_1,23,1,33.099,0.7932,75845.0,1594.0,82.0,11.600228400128476
20110603_1,23,3,17.027,0.6848,57190.0,820.0,82.0,8.747011170193785
20110603_1,23,4,26.039,0.854,62138.0,1254.0,82.0,9.5037905244536
20110603_1,23,1,34.926,0.7549,75312.0,1682.0,82.0,11.518707907844627
20110603_1,23,1,30.192,0.8149,57695.0,1454.0,82.0,8.824249160068725
20110603_1,23,4,22.717,0.8185,54874.0,1094.0,82.0,8.392787042371284
20110603_1,23,4,31.936,0.7888,73661.0,1538.0,82.0,11.266193212233683
20110603_1,23,4,22.052,0.7465,47750.0,1062.0,82.0,7.303196072333506
20110603_1,23,4,27.057,0.8246,54200.0,1303.0,82.0,8.289701091528293
20110603_1,23,4,30.192,0.8101,66653.0,1454.0,82.0,10.19434403788995
20110603_1,23,4,36.048,0.7918,74660.0,1736.0,82.0,11.418986780322921
20110603_1,23,1,32.289,0.8357,69302.0,1555.0,82.0,10.599499355075531
20110603_1,23,4,31.479,0.797,58911.0,1516.0,82.0,9.010232121826999
20110603_1,23,3,26.973,0.728,48630.0,1299.0,82.0,7.437789005184887
20110603_1,23,1,33.307,0.8621,58452.0,1604.0,82.0,8.940029671623835
20110603_1,23,4,31.459,0.8284,70481.0,1515.0,82.0,10.779823295793461
20110603_1,23,4,53.075,0.3783,108138.0,2556.0,82.0,16.53933019623038
20110603_1,23,2,29.798,0.845,43543.0,1435.0,82.0,6.659750085395138
20110603_1,23,3,30.753,0.8146,63819.0,1481.0,82.0,9.76089361550266
20110603_1,23,4,24.752,0.851,38584.0,1192.0,82.0,5.90128831947468
20110603_10,23,1,20.059,0.5944,34546.0,966.0,108.0,5.283690293504362
20110603_10,23,1,57.124,0.3043,112231.0,2751.0,108.0,17.16534028050391
20110603_10,23,4,88.313,0.5365,184605.0,4253.0,108.0,28.234691328442445
20110603_10,23,1,62.066,0.7944,91388.0,2989.0,108.0,13.977476076616007
20110603_10,23,4,54.549,0.7664,131285.0,2627.0,108.0,20.079583169765534
20110603_10,23,4,82.561,0.4612,187482.0,3976.0,108.0,28.674718450957702
20110603_10,23,3,35.404,0.7522,99040.0,1705.0,108.0,15.147822806364616
20110603_10,23,1,53.532,0.8014,152231.0,2578.0,108.0,23.28320086465763
20110603_10,23,2,36.567,0.7936,92702.0,1761.0,108.0,14.17844779680546
20110603_10,23,2,27.16,0.794,82877.0,1308.0,108.0,12.6757482908227
20110603_10,23,4,49.669,0.7901,144036.0,2392.0,108.0,22.029804177479136
20110603_10,23,3,149.943,0.3487,475574.0,7221.0,108.0,72.73738573620805
20110603_10,23,1,50.292,0.8048,133475.0,2422.0,108.0,20.41453603674795
20110603_10,23,1,52.618,0.8135,92141.0,2534.0,108.0,14.092644802112702
20110603_10,23,1,40.138,0.7366,144491.0,1933.0,108.0,22.099394841623887
20110603_10,23,1,59.803,0.8035,180103.0,2880.0,108.0,27.54612611969594
20110603_10,23,1,48.382,0.8329,125211.0,2330.0,108.0,19.150586040061793
20110603_10,23,1,55.567,0.7771,70171.0,2676.0,108.0,10.73240987626627
20110603_10,23,4,160.74,0.312,409454.0,7741.0,108.0,62.62456219060194
20110603_10,23,1,56.896,0.8066,81955.0,2740.0,108.0,12.534731604357956
20110603_10,23,4,39.702,0.8137,139086.0,1912.0,108.0,21.272718930190113
20110603_10,23,3,33.39,0.6231,95928.0,1608.0,108.0,14.671853252917455
20110603_3,23,4,48.507,0.6937,130365.0,2336.0,88.0,19.93887237633
20110603_3,23,1,76.373,0.8118,172876.0,3678.0,88.0,26.44078165865397
20110603_3,23,4,55.131,0.7172,130781.0,2655.0,88.0,20.002498126405197
20110603_3,23,1,62.211,0.8321,165980.0,2996.0,88.0,25.38606249394587
20110603_3,23,3,35.84,0.7909,90459.0,1726.0,88.0,13.83538876454904
20110603_3,23,2,37.667,0.8357,161814.0,1814.0,88.0,24.748887314106256
20110603_3,23,3,40.554,0.7756,133378.0,1953.0,88.0,20.399700224831378
20110603_3,23,4,46.243,0.7098,138237.0,2227.0,88.0,21.14286733929145
20110603_3,23,4,108.372,0.4437,305468.0,5219.0,88.0,46.72026592300673
20110603_3,23,3,30.234,0.8123,129125.0,1456.0,88.0,19.74921869822123
20110603_3,23,1,138.813,0.4199,310958.0,6685.0,88.0,47.55994228818183
20110603_3,23,1,70.247,0.7714,179737.0,3383.0,88.0,27.490147695350938
20110603_3,23,1,58.121,0.8185,138032.0,2799.0,88.0,21.11151330379766
20110603_3,23,4,164.831,0.3908,406717.0,7938.0,88.0,62.20594758013123
20110603_3,23,1,65.658,0.7476,146901.0,3162.0,88.0,22.467995941819147
20110603_3,23,1,56.979,0.8135,147372.0,2744.0,88.0,22.540033750197555
20110603_3,23,1,80.028,0.7526,188262.0,3854.0,88.0,28.7940167323487
20110603_3,23,1,142.862,0.4324,352340.0,6880.0,88.0,53.889174955518065
20110603_3,23,1,72.968,0.8338,152117.0,3514.0,88.0,23.26576496199279
20110603_3,23,3,52.826,0.6508,123882.0,2544.0,88.0,18.947320122153283
20110603_3,23,2,39.868,0.7514,162443.0,1920.0,88.0,24.84509067179208
20110603_3,23,1,50.77,0.7869,134219.0,2445.0,88.0,20.52832824361321
20110603_3,23,1,66.447,0.8278,130194.0,3200.0,88.0,19.912718522332742
20110603_3,23,4,53.469,0.8054,152542.0,2575.0,88.0,23.330767230699426
20110603_5,23,1,52.556,0.8174,125497.0,2531.0,92.0,19.19432874323849
20110603_5,23,1,96.826,0.6636,230493.0,4663.0,92.0,35.2531009905836
20110603_5,23,1,31.064,0.7384,92013.0,1496.0,92.0,14.073067648243411
20110603_5,23,1,65.222,0.7719,115647.0,3141.0,92.0,17.687805574390637
20110603_5,23,3,55.899,0.7542,130271.0,2692.0,92.0,19.924495403957238
20110603_5,23,1,61.817,0.8333,114811.0,2977.0,92.0,17.559942288181823
20110603_5,23,1,65.056,0.8004,148461.0,3133.0,92.0,22.70659250460114
20110603_5,23,3,45.869,0.8188,131763.0,2209.0,92.0,20.15269160374617
20110603_5,23,4,34.511,0.7813,108719.0,1662.0,92.0,16.628192121215214
20110603_5,23,1,65.181,0.8105,143003.0,3139.0,92.0,21.871810427893365
20110603_5,23,4,56.46,0.7601,182152.0,2719.0,92.0,27.85951352811922
20110603_5,23,4,68.815,0.695,129160.0,3314.0,92.0,19.754571826232368
20110603_5,23,1,66.8,0.7849,139384.0,3217.0,92.0,21.31829699154206
20110603_5,23,3,37.522,0.6922,128140.0,1807.0,92.0,19.598566381336447
20110603_5,23,1,73.196,0.8287,128754.0,3525.0,92.0,19.69247554130321
20110603_5,23,1,71.825,0.7748,157699.0,3459.0,92.0,24.119512406511443
20110603_5,23,1,17.152,0.6007,46083.0,826.0,92.0,7.048234232488899
20110603_5,23,1,143.256,0.4708,308814.0,6899.0,92.0,47.23202496087118
20110603_5,23,1,47.157,0.779,152439.0,2271.0,92.0,23.315013739695228
20110603_5,23,4,59.906,0.8094,202316.0,2885.0,92.0,30.94352704859111
20110603_5,23,1,77.307,0.7455,171447.0,3723.0,92.0,26.22222108928508
20110603_5,23,3,29.59,0.7153,125754.0,1425.0,92.0,19.233635997491678
20110603_5,23,1,134.805,0.4096,303738.0,6492.0,92.0,46.455668452742074
20110603_5,23,3,46.534,0.7978,170208.0,2241.0,92.0,26.032720357690916
20110603_5,23,1,67.008,0.8021,131253.0,3227.0,92.0,20.07468888129821
20110603_5,23,4,170.188,0.2837,320115.0,8196.0,92.0,48.96047352240922
20110603_5,23,1,128.202,0.3712,225489.0,6174.0,92.0,34.48775663150597
20110603_5,23,3,60.28,0.7726,160741.0,2903.0,92.0,24.584775703936334
20110603_5,23,1,80.526,0.821,180944.0,3878.0,92.0,27.674754138477777
20110603_6,23,1,68.129,0.7971,165106.0,3281.0,100.0,25.25238724018211
20110603_6,23,1,64.392,0.8172,135056.0,3101.0,100.0,20.656344476336624
20110603_6,23,4,42.402,0.7606,153294.0,2042.0,100.0,23.445783009681517
20110603_6,23,1,73.175,0.8209,133706.0,3524.0,100.0,20.449866681621437
20110603_6,23,1,77.39,0.7973,155982.0,3727.0,100.0,23.856903240936646
20110603_6,23,4,54.985,0.7922,114930.0,2648.0,100.0,17.57814292341968
20110603_6,23,1,54.362,0.8356,103743.0,2618.0,100.0,15.86713026454649
20110603_6,23,1,68.503,0.7892,101484.0,3299.0,100.0,15.521624088056408
20110603_6,23,3,45.413,0.8286,140322.0,2187.0,100.0,21.461760822240464
20110603_6,23,1,87.025,0.8124,198194.0,4191.0,100.0,30.313081515394067
20110603_6,23,3,179.304,0.3257,424576.0,8635.0,100.0,64.93741938444126
20110603_6,23,1,60.343,0.7998,152451.0,2906.0,100.0,23.316849097870474
20110603_6,23,1,63.706,0.8006,117380.0,3068.0,100.0,17.9528618841991
20110603_6,23,3,37.397,0.7465,134675.0,1801.0,100.0,20.59807185427256
20110603_6,23,1,50.915,0.7715,77889.0,2452.0,100.0,11.912851075978732
20110603_6,23,1,147.949,0.379,273379.0,7125.0,100.0,41.81236521588401
20110603_6,23,4,42.609,0.7424,158895.0,2052.0,100.0,24.30243643797764
20110603_6,23,1,65.575,0.7835,145470.0,3158.0,100.0,22.249129479421047
20110603_6,23,1,63.499,0.795,103780.0,3058.0,100.0,15.872789285586832
20110603_6,23,3,40.657,0.8467,150092.0,1958.0,100.0,22.956048269920007
20110603_6,23,1,63.81,0.823,91253.0,3073.0,100.0,13.95682829714449
20110603_6,23,1,67.61,0.7678,167005.0,3256.0,100.0,25.542832671414807
20110603_6,23,3,110.843,0.554,238971.0,5338.0,100.0,36.54978154139498
20110603_6,23,1,59.408,0.7628,147582.0,2861.0,100.0,22.572152518264367
20110603_9,23,4,79.301,0.4685,197529.0,3819.0,91.0,30.21137208318251
20110603_9,23,1,31.168,0.6173,49221.0,1501.0,91.0,7.528180395315758
20110603_9,23,4,31.064,0.6443,102678.0,1496.0,91.0,15.704242226493397
20110603_9,23,1,72.573,0.779,157036.0,3495.0,91.0,24.018108867329097
20110603_9,23,1,56.148,0.8035,98886.0,2704.0,91.0,15.124269043115623
20110603_9,23,1,59.47,0.7306,93170.0,2864.0,91.0,14.250026765640058
20110603_9,23,1,60.799,0.8341,81820.0,2928.0,91.0,12.514083824886438
20110603_9,23,3,40.491,0.8341,129558.0,1950.0,91.0,19.815444539044698
20110603_9,23,1,72.345,0.8132,137038.0,3484.0,91.0,20.959484468281442
20110603_9,23,4,16.695,0.7142,48043.0,804.0,91.0,7.3480094011124315
20110603_9,23,1,66.863,0.8165,107282.0,3220.0,91.0,16.40840797972949
20110603_9,23,1,72.241,0.7375,153348.0,3479.0,91.0,23.454042121470124
20110603_9,23,3,41.696,0.8135,133110.0,2008.0,91.0,20.358710558917547
20110603_9,23,1,66.967,0.8322,137632.0,3225.0,91.0,21.050334697956128
20110603_9,23,1,68.046,0.7961,155062.0,3277.0,91.0,23.71619244750111
20110603_9,23,1,59.47,0.8431,111579.0,2864.0,91.0,17.065619152982205
20110603_9,23,2,33.888,0.7232,111793.0,1632.0,91.0,17.098349707107428
20110603_9,23,1,69.791,0.7689,192316.0,3361.0,91.0,29.414061902552678
20110603_9,23,1,118.692,0.4679,339351.0,5716.0,91.0,51.90255267732874
20110603_9,23,1,78.74,0.7558,213468.0,3792.0,91.0,32.64918657945317
20110603_9,23,1,79.093,0.7803,205441.0,3809.0,91.0,31.421484906728118
20110603_9,23,1,117.467,0.4225,319677.0,5657.0,91.0,48.893482949012736
20110603_9,23,3,33.764,0.8466,113398.0,1626.0,91.0,17.343828863046593
20110603_9,23,1,34.387,0.6572,86708.0,1656.0,91.0,13.261686388270022
20110607_1,27,1,121.266,0.4035,329927.0,5840.0,73.0,50.461184723702125
20110607_1,27,1,57.124,0.8016,221824.0,2751.0,73.0,33.92720765548288
20110607_1,27,1,69.707,0.7956,196869.0,3357.0,73.0,30.11042738354398
20110607_1,27,1,61.09,0.7805,136566.0,2942.0,73.0,20.887293713388427
20110607_1,27,1,64.516,0.7948,121660.0,3107.0,73.0,18.607472966703543
20110607_1,27,2,39.868,0.674,159648.0,1920.0,73.0,24.417605163474335
20110607_1,27,1,45.413,0.7858,73887.0,2187.0,73.0,11.300759124534151
20110607_1,27,3,25.645,0.7688,76955.0,1235.0,73.0,11.769999031338742
20110607_1,27,1,69.998,0.8182,143614.0,3371.0,73.0,21.965260748316314
20110607_1,27,2,34.283,0.8023,124043.0,1651.0,73.0,18.9719445110045
20110607_1,27,4,37.418,0.6712,136203.0,1802.0,73.0,20.831774128587234
20110607_1,27,1,67.112,0.7835,138841.0,3232.0,73.0,21.235247034112174
20110607_1,27,1,67.756,0.7956,170762.0,3263.0,73.0,26.117452726781448
20110607_1,27,1,118.069,0.3716,330178.0,5686.0,73.0,50.49957429886769
20110607_1,27,1,76.975,0.7495,77617.0,3707.0,73.0,11.871249624006484
20110607_1,27,2,30.836,0.71,151102.0,1485.0,73.0,23.11052424966989
20110607_1,27,2,36.878,0.6217,158310.0,1776.0,73.0,24.212962726934393
20110607_1,27,1,35.529,0.8258,56340.0,1711.0,73.0,8.617006632780518
20110607_1,27,1,51.393,0.7306,104004.0,2475.0,73.0,15.907049304858091
20110607_2,27,1,60.862,0.7939,129648.0,2931.0,72.0,19.829209725359043
20110607_2,27,1,49.69,0.8238,128308.0,2393.0,72.0,19.624261395789894
20110607_2,27,1,59.014,0.7875,137713.0,2842.0,72.0,21.062723365639037
20110607_2,27,1,67.236,0.7907,135318.0,3238.0,72.0,20.696416463162834
20110607_2,27,1,57.186,0.8126,135634.0,2754.0,72.0,20.744747561777647
20110607_2,27,3,46.659,0.7724,125827.0,2247.0,72.0,19.24480109305776
20110607_2,27,2,34.823,0.8032,171260.0,1677.0,72.0,26.193620091054157
20110607_2,27,1,112.213,0.4824,291690.0,5404.0,72.0,44.61296884479498
20110607_2,27,1,61.817,0.7606,135679.0,2977.0,72.0,20.75163015493482
20110607_2,27,3,51.497,0.8618,121447.0,2480.0,72.0,18.574895359092928
20110607_2,27,4,102.516,0.4323,237813.0,4937.0,72.0,36.372669477483726
20110607_2,27,1,100.647,0.426,257418.0,4847.0,72.0,39.37118589629207
20110607_2,27,4,32.746,0.6374,136133.0,1577.0,72.0,20.821067872564967
20110607_2,27,2,35.674,0.7217,145372.0,1718.0,72.0,22.23414072098987
20110607_2,27,3,51.31,0.7911,122439.0,2471.0,72.0,18.72661830157994
20110607_2,27,1,57.539,0.8204,146602.0,2771.0,72.0,22.422264933952597
20110607_2,27,2,33.639,0.7337,151122.0,1620.0,72.0,23.113583179961967
20110607_2,27,3,53.366,0.8446,98882.0,2570.0,72.0,15.123657257057209
20110607_2,27,1,66.074,0.8568,142850.0,3182.0,72.0,21.848409611158978
20110607_2,27,1,46.845,0.8026,77317.0,2256.0,72.0,11.825365669625333
20110607_2,27,1,21.678,0.6131,44346.0,1044.0,72.0,6.782566136622024
20110607_3,27,1,75.148,0.7871,172454.0,3619.0,75.0,26.37623822949115
20110607_3,27,1,52.493,0.8641,149022.0,2528.0,75.0,22.7923954992939
20110607_3,27,3,41.924,0.8093,165350.0,2019.0,75.0,25.289706189745445
20110607_3,27,3,55.027,0.8171,200591.0,2650.0,75.0,30.67969431089948
20110607_3,27,1,115.411,0.4117,262975.0,5558.0,75.0,40.22110967794563
20110607_3,27,1,66.904,0.8221,141885.0,3222.0,75.0,21.70081622456627
20110607_3,27,1,61.111,0.833,139114.0,2943.0,75.0,21.27700143259902
20110607_3,27,1,150.503,0.4639,343314.0,7248.0,75.0,52.508679714703774
20110607_3,27,1,67.88,0.815,121254.0,3269.0,75.0,18.545376681774385
20110607_3,27,1,68.212,0.7721,159060.0,3285.0,75.0,24.327672612887277
20110607_3,27,1,62.191,0.8072,157360.0,2995.0,75.0,24.067663538060742
20110607_3,27,1,62.938,0.8079,158059.0,3031.0,75.0,24.17457315176883
20110607_3,27,1,69.666,0.8207,155499.0,3355.0,75.0,23.783030074382992
20110607_3,27,3,48.424,0.828,145671.0,2332.0,75.0,22.27987172885642
20110607_3,27,4,35.632,0.7986,167748.0,1716.0,75.0,25.656471931765466
20110607_3,27,3,46.97,0.7904,146467.0,2262.0,75.0,22.40161715448108
20110607_3,27,2,33.058,0.6796,158037.0,1592.0,75.0,24.171208328447545
20110607_4,27,1,28.718,0.7093,81235.0,1383.0,49.0,12.424610113843189
20110607_4,27,3,48.174,0.8086,157481.0,2320.0,49.0,24.08617006632781
20110607_4,27,3,55.027,0.8335,249273.0,2650.0,49.0,38.125436534843764
20110607_4,27,1,74.712,0.7778,292199.0,3598.0,49.0,44.690818620728336
20110607_4,27,1,65.575,0.6765,208052.0,3158.0,49.0,31.820828256358755
20110607_4,27,1,57.685,0.8051,190661.0,2778.0,49.0,29.160935420883316
20110607_4,27,1,55.484,0.7182,179397.0,2672.0,49.0,27.43814588038563
20110607_4,27,1,131.981,0.4525,432208.0,6356.0,49.0,66.10470718389779
20110607_4,27,2,33.078,0.7476,185567.0,1593.0,49.0,28.381825875491344
20110607_4,27,1,62.502,0.7831,224134.0,3010.0,49.0,34.28051410421776
20110607_4,27,4,41.696,0.847,210000.0,2008.0,49.0,32.11876806680704
20110607_4,27,3,67.112,0.3831,277452.0,3232.0,49.0,42.43531636986546
20110607_4,27,1,71.203,0.7852,237996.0,3429.0,49.0,36.400658689656225
20110607_4,27,1,31.189,0.7543,101283.0,1502.0,49.0,15.490881838621034
20110607_4,27,2,30.857,0.7571,202925.0,1486.0,49.0,31.03667147598485
20110607_4,27,1,61.858,0.8165,197572.0,2979.0,49.0,30.217948783310476
20110607_4,27,1,67.631,0.8071,219933.0,3257.0,49.0,33.63798579636701
20110607_4,27,1,56.314,0.8283,145382.0,2712.0,49.0,22.23567018613591
20110607_4,27,1,64.371,0.8022,250384.0,3100.0,49.0,38.29536011256864
20110607_7,27,4,64.018,0.4662,176329.0,3083.0,75.0,26.96890597358104
20110607_7,27,1,72.428,0.7599,136381.0,3488.0,75.0,20.858998608186717
20110607_7,27,1,64.703,0.829,158849.0,3116.0,75.0,24.295400898305864
20110607_7,27,1,45.849,0.7613,96077.0,2208.0,75.0,14.694642283593428
20110607_7,27,1,123.883,0.4593,289462.0,5966.0,75.0,44.27220401025761
20110607_7,27,1,48.777,0.8161,108898.0,2349.0,75.0,16.6555695473293
20110607_7,27,1,78.636,0.7751,167501.0,3787.0,75.0,25.618694142658313
20110607_7,27,3,39.121,0.7937,173462.0,1884.0,75.0,26.530408316211822
20110607_7,27,4,109.908,0.4334,343731.0,5293.0,75.0,52.572458411293574
20110607_7,27,1,36.131,0.7589,94197.0,1740.0,75.0,14.407102836138202
20110607_7,27,4,31.812,0.8492,169831.0,1532.0,75.0,25.975059521685267
20110607_7,27,1,73.736,0.8069,165118.0,3551.0,75.0,25.25422259835736
20110607_7,27,3,40.18,0.8533,151187.0,1935.0,75.0,23.123524703411217
20110607_7,27,3,89.912,0.4018,303893.0,4330.0,75.0,46.479375162505676
20110607_7,27,4,44.416,0.8275,137883.0,2139.0,75.0,21.08872427312169
20110607_7,27,4,51.164,0.7172,174715.0,2464.0,75.0,26.722050299010437
20110607_7,27,1,65.16,0.8215,150134.0,3138.0,75.0,22.962472023533373
20110607_7,27,1,130.59,0.4746,316356.0,6289.0,75.0,48.385547574013366
20110607_7,27,4,91.677,0.4158,296342.0,4415.0,75.0,45.32447603073206
20110607_7,27,1,18.564,0.6693,43622.0,894.0,75.0,6.671832860048841
20110607_7,27,3,67.361,0.7845,156990.0,3244.0,75.0,24.01107332765732
20110607_7,27,1,77.868,0.7974,179913.0,3750.0,75.0,27.517066281921213
20110607_7,27,1,68.669,0.8284,132136.0,3307.0,75.0,20.209740653693405
20110607_7,27,1,24.461,0.6667,40118.0,1178.0,75.0,6.135908272876976
20110607_7,27,1,63.603,0.7864,145767.0,3063.0,75.0,22.29455459425839
20110607_7,27,1,132.002,0.3888,236967.0,6357.0,75.0,36.243276726128876
20110607_7,27,3,26.828,0.7336,100383.0,1292.0,75.0,15.353229975477575
20110607_9,27,1,37.397,0.7708,97253.0,1801.0,81.0,14.874507384767547
20110607_9,27,1,70.33,0.8034,144070.0,3387.0,81.0,22.03500435897567
20110607_9,27,1,70.6,0.7824,191189.0,3400.0,81.0,29.241691180594145
20110607_9,27,4,31.5,0.858,117707.0,1517.0,81.0,18.00287539447455
20110607_9,27,3,37.418,0.7824,135366.0,1802.0,81.0,20.703757895863816
20110607_9,27,1,63.125,0.8313,126935.0,3040.0,81.0,19.414265831238815
20110607_9,27,3,55.006,0.7703,147132.0,2649.0,81.0,22.503326586692637
20110607_9,27,1,75.978,0.8288,197318.0,3659.0,81.0,30.1791003686011
20110607_9,27,1,72.781,0.7851,153398.0,3505.0,81.0,23.461689447200314
20110607_9,27,1,65.409,0.797,151950.0,3150.0,81.0,23.24022289405395
20110607_9,27,1,68.711,0.7756,135765.0,3309.0,81.0,20.76478355519075
20110607_9,27,1,72.178,0.7873,131253.0,3476.0,81.0,20.07468888129821
20110607_9,27,1,53.366,0.8171,105957.0,2570.0,81.0,16.205753847879397
20110607_9,27,1,67.673,0.8168,149432.0,3259.0,81.0,22.855103570281475
20110607_9,27,1,58.391,0.7966,108379.0,2812.0,81.0,16.576190306249906
20110607_9,27,1,62.647,0.7689,150836.0,3017.0,81.0,23.06984047678527
20110607_9,27,4,99.941,0.4148,187234.0,4813.0,81.0,28.63678771533595
20110607_9,27,4,102.246,0.4418,209105.0,4924.0,81.0,31.9818809362366
20110607_9,27,1,77.349,0.8079,135979.0,3725.0,81.0,20.797514109315973
20110607_9,27,4,92.881,0.7465,256051.0,4473.0,81.0,39.16210801082861
20110607_9,27,1,65.243,0.8254,108685.0,3142.0,81.0,16.62299193971868
20110607_9,27,3,43.814,0.7922,144892.0,2110.0,81.0,22.160726393980024
20110607_9,27,3,26.33,0.7911,93651.0,1268.0,81.0,14.323594039164504
20110607_9,27,3,34.47,0.8677,141242.0,1660.0,81.0,21.602471615676
20110607_9,27,2,26.683,0.7785,81883.0,1285.0,81.0,12.52371945530648
20110607_9,27,3,39.515,0.8402,119609.0,1903.0,81.0,18.293779665251062
20110607_9,27,1,95.103,0.4537,154667.0,4580.0,81.0,23.655778574232592
20110607_9,27,4,43.897,0.7352,86700.0,2114.0,81.0,13.260462816153192
20110610_1,30,1,135.283,0.4666,390381.0,6515.0,80.0,59.707413317562846
20110610_1,30,4,146.807,0.3044,585681.0,7070.0,80.0,89.57786761969341
20110610_1,30,4,43.336,0.7719,160576.0,2087.0,80.0,24.5595395290267
20110610_1,30,4,34.22,0.8396,142461.0,1648.0,80.0,21.788913416978083
20110610_1,30,1,58.017,0.7792,187324.0,2794.0,80.0,28.650552901650297
20110610_1,30,1,52.597,0.7086,135787.0,2533.0,80.0,20.768148378512038
20110610_1,30,1,59.055,0.783,152131.0,2844.0,80.0,23.267906213197243
20110610_1,30,4,42.36,0.782,201596.0,2040.0,80.0,30.83340555807634
20110610_1,30,4,39.972,0.7211,182377.0,1925.0,80.0,27.89392649390508
20110610_1,30,3,46.015,0.811,200005.0,2216.0,80.0,30.590067653341627
20110610_1,30,2,38.768,0.8314,146961.0,1867.0,80.0,22.47717273269538
20110610_1,30,2,43.606,0.7279,173692.0,2100.0,80.0,26.565586014570705
20110610_1,30,2,33.971,0.8092,172014.0,1636.0,80.0,26.30894176306546
20110610_1,30,4,19.249,0.7413,90654.0,927.0,80.0,13.865213334896787
20110610_1,30,4,41.343,0.6813,186900.0,1991.0,80.0,28.585703579458265
20110610_1,30,1,69.001,0.7829,168179.0,3323.0,80.0,25.722391879559716
20110610_1,30,4,44.977,0.7837,135669.0,2166.0,80.0,20.75010068978878
20110610_1,30,4,192.137,0.2365,593563.0,9253.0,80.0,90.78339204780089
20110610_1,30,3,59.138,0.7347,181340.0,2848.0,80.0,27.7353209582609
20110610_1,30,4,40.657,0.7967,125191.0,1958.0,80.0,19.147527109769715
20110610_1,30,3,40.782,0.7736,160349.0,1964.0,80.0,24.52482067021163
20110610_1,30,1,34.179,0.6918,117624.0,1646.0,80.0,17.990180833762434
20110610_1,30,4,39.162,0.8433,175021.0,1886.0,80.0,26.768851932479212
20110610_1,30,1,36.359,0.6984,84751.0,1751.0,80.0,12.962370059190302
20110610_1,30,1,61.526,0.7476,142484.0,2963.0,80.0,21.79243118681397
20110610_1,30,1,66.593,0.8262,95056.0,3207.0,80.0,14.538483892182905
20110610_1,30,1,70.455,0.839,162209.0,3393.0,80.0,24.80930118737478
20110610_1,30,1,72.137,0.6933,125976.0,3474.0,80.0,19.267590123733733
20110610_1,30,4,46.928,0.7609,126700.0,2260.0,80.0,19.378323400306915
20110610_1,30,3,45.89,0.8686,183665.0,2210.0,80.0,28.090921604714836
20110610_1,30,1,65.908,0.7923,136368.0,3174.0,80.0,20.857010303496867
20110610_1,30,1,63.603,0.8097,129298.0,3063.0,80.0,19.7756784452477
20110610_1,30,1,74.982,0.8461,166227.0,3611.0,80.0,25.423840283053018
20110610_1,30,1,63.81,0.757,139943.0,3073.0,80.0,21.403794093205608
20110610_1,30,4,41.613,0.7791,148490.0,2004.0,80.0,22.711027953524653
20110610_1,30,3,50.022,0.8243,165927.0,2409.0,80.0,25.377956328671864
20110610_1,30,1,66.925,0.8191,140081.0,3223.0,80.0,21.424900712220936
20110610_1,30,1,62.668,0.7721,109612.0,3018.0,80.0,16.764773358756443
20110610_1,30,3,37.937,0.7347,93843.0,1827.0,80.0,14.352959769968443
20110610_10,30,1,36.421,0.7971,85352.0,1754.0,40.0,13.054290914467211
20110610_10,30,1,56.273,0.8243,153141.0,2710.0,40.0,23.422382192947126
20110610_10,30,2,38.477,0.7936,182174.0,1853.0,40.0,27.8628783514405
20110610_10,30,1,43.606,0.6905,118660.0,2100.0,40.0,18.148633422892015
20110610_10,30,3,44.457,0.727,205789.0,2141.0,40.0,31.474710293810254
20110610_10,30,4,37.522,0.7431,207904.0,1807.0,40.0,31.798192172197382
20110610_10,30,1,60.882,0.8117,177247.0,2932.0,40.0,27.10931087398737
20110610_10,30,1,60.675,0.7671,186021.0,2922.0,40.0,28.451263593121485
20110610_10,30,1,63.457,0.7993,192992.0,3056.0,40.0,29.517453746424877
20110610_10,30,1,63.789,0.8027,219153.0,3072.0,40.0,33.518687514976016
20110610_10,30,1,57.207,0.8094,173877.0,2755.0,40.0,26.59388111977242
20110610_10,30,3,41.571,0.8178,167024.0,2002.0,40.0,25.545738655192277
20110610_10,30,1,65.326,0.7929,212533.0,3146.0,40.0,32.506181588298574
20110610_10,30,1,131.524,0.4197,461090.0,6334.0,40.0,70.52210841868599
20110610_10,30,3,68.212,0.7865,264400.0,3285.0,40.0,40.4390584612561
20110610_10,30,1,62.398,0.7017,189905.0,3005.0,40.0,29.045307855842815
20110610_10,30,1,59.99,0.8124,159408.0,2889.0,40.0,24.380897999969413
20110610_10,30,1,64.039,0.8164,182539.0,3084.0,40.0,27.918703829270903
20110610_10,30,1,52.327,0.8073,179883.0,2520.0,40.0,27.5124778864831
20110610_10,30,3,28.655,0.805,181228.0,1380.0,40.0,27.718190948625267
20110610_10,30,1,73.528,0.7524,214703.0,3541.0,40.0,32.838075524988916
20110610_10,30,1,59.221,0.7999,193803.0,2852.0,40.0,29.641493369768593
20110610_10,30,1,85.053,0.7573,243583.0,4096.0,40.0,37.255170866747896
20110610_10,30,4,34.781,0.7329,213778.0,1675.0,40.0,32.69659999898036
20110610_10,30,1,78.47,0.7353,218113.0,3779.0,40.0,33.35962313978802
20110610_10,30,1,75.252,0.7654,185404.0,3624.0,40.0,28.35689559361092
20110610_10,30,1,157.418,0.4413,414895.0,7581.0,40.0,63.456744176561465
20110610_10,30,1,80.63,0.73,236092.0,3883.0,40.0,36.10944852585051
20110610_10,30,3,52.784,0.7389,217432.0,2542.0,40.0,33.2554665633428
20110610_10,30,3,47.365,0.7364,199136.0,2281.0,40.0,30.45715713215089
20110610_10,30,4,92.341,0.3883,418147.0,4447.0,40.0,63.95412624205316
20110610_10,30,1,71.244,0.7999,206060.0,3431.0,40.0,31.5161587992679
20110610_10,30,4,55.151,0.8249,203325.0,2656.0,40.0,31.097850081826387
20110610_10,30,1,58.972,0.7239,178886.0,2840.0,40.0,27.359990211423067
20110610_10,30,1,69.624,0.7883,206815.0,3353.0,40.0,31.631633417793797
20110610_10,30,2,42.111,0.7007,214088.0,2028.0,40.0,32.74401341850755
20110610_10,30,4,36.712,0.7796,179172.0,1768.0,40.0,27.403732914599765
20110610_3,30,1,70.642,0.7402,185128.0,3402.0,30.0,28.314682355580256
20110610_3,30,4,32.497,0.7792,165663.0,1565.0,30.0,25.33757844881645
20110610_3,30,3,51.372,0.7104,157894.0,2474.0,30.0,24.149336976859196
20110610_3,30,2,27.41,0.7762,154218.0,1320.0,30.0,23.58710558917547
20110610_3,30,2,77.058,0.3826,391502.0,3711.0,30.0,59.87886636043376
20110610_3,30,3,124.817,0.4626,378719.0,6011.0,30.0,57.92375106425283
20110610_3,30,4,67.444,0.3375,305783.0,3248.0,30.0,46.76844407510694
20110610_3,30,3,29.091,0.6926,163072.0,1401.0,30.0,24.94129402947789
20110610_3,30,3,37.418,0.4723,153871.0,1802.0,30.0,23.534033148607932
20110610_3,30,1,139.685,0.4765,408886.0,6727.0,30.0,62.53768857030697
20110610_3,30,3,57.29,0.7315,200780.0,2759.0,30.0,30.708601202159603
20110610_3,30,3,58.308,0.6351,185843.0,2808.0,30.0,28.424039113522003
20110610_3,30,3,66.489,0.674,179487.0,3202.0,30.0,27.451911066699974
20110610_3,30,1,146.662,0.3676,389808.0,7063.0,30.0,59.619774964694855
20110610_3,30,2,37.584,0.6439,175225.0,1810.0,30.0,26.8000530214584
20110610_3,30,1,53.552,0.8305,195714.0,2579.0,30.0,29.93377415917654
20110610_3,30,3,63.831,0.8022,209372.0,3074.0,30.0,32.02271765563583
20110610_3,30,1,83.516,0.84,198963.0,4022.0,30.0,30.430697385124425
20110610_3,30,3,89.662,0.6347,364374.0,4318.0,30.0,55.729733312260706
20110610_3,30,2,30.4,0.8052,157181.0,1464.0,30.0,24.040286111946656
20110610_3,30,3,51.912,0.8524,184159.0,2500.0,30.0,28.16647718292913
20110610_3,30,4,140.1,0.4005,400927.0,6747.0,30.0,61.320387260574975
20110610_3,30,1,72.199,0.7637,197903.0,3477.0,30.0,30.26857407964435
20110610_3,30,1,149.673,0.4348,438662.0,7208.0,30.0,67.091823989151
20110610_3,30,3,36.816,0.7825,196000.0,1773.0,30.0,29.977516862353234
20110610_3,30,4,40.055,0.8318,215181.0,1929.0,30.0,32.91118395896955
20110610_3,30,1,71.286,0.7719,189637.0,3433.0,30.0,29.004318189928984
20110610_3,30,1,22.53,0.6904,68982.0,1085.0,30.0,10.5505564704023
20110610_3,30,1,60.509,0.7734,194043.0,2914.0,30.0,29.678200533273518
20110610_3,30,3,58.723,0.8012,202539.0,2828.0,30.0,30.97763412134777
20110610_3,30,1,66.738,0.7493,209450.0,3214.0,30.0,32.034647483774926
20110610_3,30,4,77.224,0.3778,433272.0,3719.0,30.0,66.26744227543628
20110610_3,30,4,67.32,0.2544,284551.0,3242.0,30.0,43.52108367703814
20110610_3,30,4,55.276,0.7644,229960.0,2662.0,30.0,35.17158049829975
20110610_3,30,3,178.453,0.2887,625257.0,8594.0,30.0,95.6308788816551
20110610_3,30,1,69.583,0.7495,222875.0,3351.0,30.0,34.087954442331515
20110610_3,30,1,62.232,0.8045,213239.0,2997.0,30.0,32.61416182760889
20110610_3,30,1,55.297,0.7399,164316.0,2663.0,30.0,25.131559493645074
20110610_3,30,3,38.768,0.6142,215348.0,1867.0,30.0,32.93672602690839
20110610_3,30,3,62.087,0.7521,218048.0,2990.0,30.0,33.34968161633877
20110610_3,30,2,29.59,0.8352,167475.0,1425.0,30.0,25.61471753327861
20110610_3,30,1,46.7,0.7931,148200.0,2249.0,30.0,22.66667346428954
20110610_3,30,4,31.791,0.8068,224689.0,1531.0,30.0,34.36539941982289
20110610_4,30,4,45.122,0.7959,160321.0,2173.0,63.0,24.520538167802723
20110610_4,30,2,39.723,0.7562,158681.0,1913.0,63.0,24.26970588385242
20110610_4,30,1,69.209,0.7928,145782.0,3333.0,63.0,22.296848791977446
20110610_4,30,3,40.035,0.7897,106722.0,1928.0,63.0,16.322757931551337
20110610_4,30,1,59.117,0.7503,141189.0,2847.0,63.0,21.594365450401995
20110610_4,30,1,175.213,0.242,416722.0,8438.0,63.0,63.73617745874268
20110610_4,30,1,64.745,0.8081,139515.0,3118.0,63.0,21.338332984955162
20110610_4,30,4,38.02,0.6955,155673.0,1831.0,63.0,23.80964276792406
20110610_4,30,1,135.034,0.4281,313413.0,6503.0,63.0,47.93542598153426
20110610_4,30,2,39.349,0.7728,195139.0,1895.0,63.0,29.845829913279328
20110610_4,30,4,104.198,0.3932,324992.0,5018.0,63.0,49.70639367413216
20110610_4,30,3,62.253,0.8119,172618.0,2998.0,63.0,26.40132145788618
20110610_4,30,4,41.696,0.776,192417.0,2008.0,63.0,29.42950950052767
20110610_4,30,1,79.758,0.7788,180955.0,3841.0,63.0,27.67643655013842
20110610_4,30,2,42.049,0.836,166916.0,2025.0,63.0,25.529220431615062
20110610_4,30,1,64.765,0.834,176268.0,3119.0,63.0,26.959576236190205
20110610_4,30,3,41.405,0.8132,154733.0,1994.0,63.0,23.665873044196445
20110610_4,30,1,185.284,0.3945,488268.0,8923.0,63.0,74.67888879258923
20110610_4,30,1,77.64,0.8236,204117.0,3739.0,63.0,31.21898372139263
20110610_4,30,1,73.321,0.8136,188932.0,3531.0,63.0,28.896490897133276
20110610_4,30,4,39.1,0.8543,171645.0,1883.0,63.0,26.252504499176638
20110610_4,30,1,63.291,0.7863,143780.0,3048.0,63.0,21.99064986974055
20110610_4,30,1,132.542,0.5128,330332.0,6383.0,63.0,50.52312806211668
20110610_4,30,2,37.356,0.824,155371.0,1799.0,63.0,23.763452920513696
20110610_4,30,3,55.567,0.7804,160339.0,2676.0,63.0,24.523291205065586
20110610_4,30,3,118.505,0.3546,315964.0,5707.0,63.0,48.32559254028867
20110610_4,30,1,68.005,0.7949,133551.0,3275.0,63.0,20.426159971857842
20110610_4,30,1,164.976,0.3218,367607.0,7945.0,63.0,56.22420939397493
20110610_4,30,3,55.525,0.7114,141274.0,2674.0,63.0,21.60736590414332
20110610_4,30,2,31.417,0.7968,128205.0,1513.0,63.0,19.6085079047857
20110610_4,30,1,68.129,0.7949,187048.0,3281.0,63.0,28.60833966361963
20110610_4,30,2,38.643,0.7862,154399.0,1861.0,63.0,23.61478890831876
20110610_4,30,1,64.163,0.7922,160377.0,3090.0,63.0,24.529103172620534
20110610_6,30,4,81.46,0.7133,278801.0,3923.0,55.0,42.64164121806604
20110610_6,30,4,38.726,0.8241,158941.0,1865.0,55.0,24.30947197764942
20110610_6,30,4,54.009,0.7168,167252.0,2601.0,55.0,25.58061046052196
20110610_6,30,3,42.983,0.8432,185794.0,2070.0,55.0,28.416544734306413
20110610_6,30,3,46.991,0.8157,201252.0,2263.0,55.0,30.78079195705262
20110610_6,30,4,48.735,0.795,165963.0,2347.0,55.0,25.3834624031976
20110610_6,30,1,69.479,0.748,182709.0,3346.0,55.0,27.94470473675356
20110610_6,30,3,60.675,0.8092,168427.0,2922.0,55.0,25.760322615181476
20110610_6,30,2,72.178,0.4012,373072.0,3476.0,55.0,57.06006209628493
20110610_6,30,1,73.362,0.7558,197774.0,3533.0,55.0,30.248843979260453
20110610_6,30,2,37.273,0.7106,177973.0,1795.0,55.0,27.220350043589757
20110610_6,30,2,35.321,0.8088,171347.0,1701.0,55.0,26.206926437824695
20110610_6,30,3,38.643,0.7993,182176.0,1861.0,55.0,27.86318424446971
20110610_6,30,1,79.01,0.8101,198043.0,3805.0,55.0,30.289986591688887
20110610_6,30,3,53.199,0.586,136722.0,2562.0,55.0,20.91115336966663
20110610_6,30,1,67.631,0.7549,155650.0,3257.0,55.0,23.806124998088173
20110610_6,30,2,33.888,0.8403,171072.0,1632.0,55.0,26.164866146308636
20110610_6,30,1,79.799,0.6895,211706.0,3843.0,55.0,32.37969482072119
20110610_6,30,3,40.471,0.785,180346.0,1949.0,55.0,27.583292122744677
20110610_6,30,1,65.16,0.7011,203502.0,3138.0,55.0,31.12492161491127
20110610_6,30,4,57.892,0.7089,199907.0,2788.0,55.0,30.575078894910455
20110610_6,30,3,56.21,0.7508,218832.0,2707.0,55.0,33.46959168378818
20110610_6,30,4,66.759,0.8068,192671.0,3215.0,55.0,29.468357915237046
20110610_6,30,3,40.325,0.7357,199446.0,1942.0,55.0,30.50457055167808
20110610_6,30,3,38.498,0.6471,173190.0,1854.0,55.0,26.488806864239574
20110610_6,30,1,143.339,0.2351,413511.0,6903.0,55.0,63.24506620034974
20110610_6,30,2,32.497,0.788,165893.0,1565.0,55.0,25.372756147175334
20110610_6,30,4,105.714,0.5332,312028.0,5091.0,55.0,47.72359505880794
20110610_6,30,1,66.738,0.7166,151082.0,3214.0,55.0,23.107465319377813
20110610_6,30,1,61.194,0.7667,185468.0,2947.0,55.0,28.36668417054556
20110610_6,30,1,73.923,0.8024,192183.0,3560.0,55.0,29.393720016110368
20110610_6,30,1,134.12,0.4854,332698.0,6459.0,55.0,50.88499951566937
20110610_6,30,1,65.617,0.82,131639.0,3160.0,55.0,20.133726235935292
20110610_6,30,3,58.411,0.782,196844.0,2813.0,55.0,30.106603720678883
20110610_6,30,1,64.412,0.7473,167629.0,3102.0,55.0,25.638271296527606
20110610_6,30,1,35.965,0.6774,94236.0,1732.0,55.0,14.413067750207754
20110610_9,30,3,18.585,0.7362,90914.0,895.0,34.0,13.904979428693787
20110610_9,30,1,15.76,0.7095,49101.0,759.0,34.0,7.509826813563298
20110610_9,30,1,39.079,0.7245,106599.0,1882.0,34.0,16.303945510255065
20110610_9,30,1,57.29,0.772,139651.0,2759.0,34.0,21.359133710941286
20110610_9,30,1,61.609,0.661,182923.0,2967.0,34.0,27.977435290878784
20110610_9,30,2,35.985,0.8275,130081.0,1733.0,34.0,19.895435566182506
20110610_9,30,1,56.522,0.6984,130120.0,2722.0,34.0,19.901400480252057
20110610_9,30,4,46.056,0.7355,165209.0,2218.0,34.0,25.268140731186307
20110610_9,30,2,32.954,0.747,139569.0,1587.0,34.0,21.34659209674377
20110610_9,30,2,30.337,0.7963,142473.0,1461.0,34.0,21.79074877515333
20110610_9,30,2,30.13,0.7264,159034.0,1451.0,34.0,24.323696003507575
20110610_9,30,1,55.006,0.806,148572.0,2649.0,34.0,22.723569567722166
20110610_9,30,2,34.075,0.7529,122439.0,1641.0,34.0,18.72661830157994
20110610_9,30,3,16.404,0.6349,44262.0,790.0,34.0,6.769718629395301
20110610_9,30,3,34.656,0.7136,123051.0,1669.0,34.0,18.82022156851749
20110610_9,30,3,45.6,0.8214,151432.0,2196.0,34.0,23.160996599489163
20110610_9,30,3,49.607,0.8113,129858.0,2389.0,34.0,19.861328493425848
20110610_9,30,1,50.915,0.805,161559.0,2452.0,34.0,24.70988595288228
20110610_9,30,1,103.845,0.4762,277674.0,5001.0,34.0,42.46927049610751
20110610_9,30,2,29.258,0.8223,158108.0,1409.0,34.0,24.18206753098442
20110610_9,30,3,30.047,0.7794,133152.0,1447.0,34.0,20.36513431253091
20110610_9,30,1,50.625,0.8159,138379.0,2438.0,34.0,21.164585744365198
20110610_9,30,4,53.116,0.7815,148251.0,2558.0,34.0,22.674473736534335
20110610_9,30,1,131.877,0.3809,351228.0,6351.0,34.0,53.71909843127858
20110610_9,30,1,98.654,0.5378,305420.0,4751.0,34.0,46.71292449030574
20110610_9,30,3,62.897,0.4961,277098.0,3029.0,34.0,42.381173303695704
20110610_9,30,4,57.02,0.8293,162333.0,2746.0,34.0,24.828266555185653
20110610_9,30,1,52.826,0.8072,124579.0,2544.0,34.0,19.053923842832162
20110610_9,30,4,49.503,0.7933,165653.0,2384.0,34.0,25.336048983670413
20110610_9,30,2,33.265,0.8137,145049.0,1602.0,34.0,22.18473899677283
20110610_9,30,1,51.081,0.8195,155545.0,2460.0,34.0,23.790065614054765
20110610_9,30,4,85.655,0.5971,339751.0,4125.0,34.0,51.96373128317028
20110610_9,30,3,47.406,0.7714,144562.0,2283.0,34.0,22.110254044160758
20110610_9,30,4,33.182,0.8213,130903.0,1598.0,34.0,20.021157601186868
20110610_9,30,1,52.493,0.8037,146184.0,2528.0,34.0,22.35833329084819
20110610_9,30,3,43.378,0.8533,152308.0,2089.0,34.0,23.294977746282125
20110610_9,30,1,76.934,0.4887,220051.0,3705.0,34.0,33.65603348509026
20110610_9,30,4,71.119,0.3403,190110.0,3425.0,34.0,29.076661891336602
20110610_9,30,1,49.752,0.814,143046.0,2396.0,34.0,21.87838712802133
20110610_9,30,4,31.916,0.4873,96015.0,1537.0,34.0,14.685159599687989
20110617_1,37,4,36.961,0.8235,178350.0,1780.0,45.0,27.278010879595406
20110617_1,37,1,62.232,0.8259,177254.0,2997.0,45.0,27.110381499589593
20110617_1,37,1,76.892,0.751,217731.0,3703.0,45.0,33.30119757120935
20110617_1,37,1,73.237,0.742,171114.0,3527.0,45.0,26.171289899921998
20110617_1,37,2,36.38,0.855,188055.0,1752.0,45.0,28.762356803825703
20110617_1,37,4,41.073,0.8519,182193.0,1978.0,45.0,27.865784335217977
20110617_1,37,3,40.18,0.6604,144986.0,1935.0,45.0,22.17510336635279
20110617_1,37,1,74.608,0.8081,193525.0,3593.0,45.0,29.598974238708724
20110617_1,37,2,37.377,0.7452,177431.0,1800.0,45.0,27.137453032674472
20110617_1,37,1,70.787,0.7854,171744.0,3409.0,45.0,26.267646204122418
20110617_1,37,4,42.526,0.766,215668.0,2048.0,45.0,32.98566891158162
20110617_1,37,2,38.768,0.8009,169937.0,1867.0,45.0,25.991271852233275
20110617_1,37,2,36.027,0.7868,177870.0,1735.0,45.0,27.20459655258556
20110617_1,37,3,42.838,0.7675,191678.0,2063.0,45.0,29.316482026235427
20110617_1,37,2,41.031,0.7736,169474.0,1976.0,45.0,25.920457615971696
20110617_1,37,2,40.678,0.8329,204043.0,1959.0,45.0,31.207665679311944
20110617_1,37,3,32.788,0.7814,96808.0,1579.0,45.0,14.806446185768836
20110617_1,37,3,38.623,0.8259,160427.0,1860.0,45.0,24.53675049835073
20110617_1,37,4,99.193,0.344,344566.0,4777.0,45.0,52.70016875098778
20110617_1,37,4,47.655,0.6971,149282.0,2295.0,45.0,22.832161593090895
20110617_1,37,1,64.309,0.8213,144916.0,3097.0,45.0,22.16439711033052
20110617_1,37,2,39.349,0.7373,170060.0,1895.0,45.0,26.01008427352955
20110617_1,37,2,39.059,0.7928,168673.0,1881.0,45.0,25.797947457774015
20110617_1,37,1,64.163,0.7181,170323.0,3090.0,45.0,26.05030920687036
20110617_1,37,4,39.744,0.7284,200575.0,1914.0,45.0,30.67724716666582
20110617_1,37,3,56.293,0.7828,195970.0,2711.0,45.0,29.97292846691512
20110617_1,37,3,47.551,0.8225,130971.0,2290.0,45.0,20.031557964179928
20110617_1,37,3,39.848,0.7771,138780.0,1919.0,45.0,21.225917296721338
20110617_10,37,4,38.623,0.778,62503.0,1860.0,59.0,9.559616002284002
20110617_10,37,1,51.517,0.8359,109574.0,2481.0,59.0,16.7589613912015
20110617_10,37,2,30.877,0.8768,131341.0,1487.0,59.0,20.08814817458335
20110617_10,37,2,36.65,0.7869,177092.0,1765.0,59.0,27.08560416422377
20110617_10,37,3,39.702,0.7176,138073.0,1912.0,59.0,21.11778411089642
20110617_10,37,1,51.31,0.781,77305.0,2471.0,59.0,11.823530311450085
20110617_10,37,1,67.527,0.8259,127112.0,3252.0,59.0,19.441337364323697
20110617_10,37,1,48.901,0.8208,101053.0,2355.0,59.0,15.45570414026215
20110617_10,37,3,31.106,0.8186,150791.0,1498.0,59.0,23.062957883628094
20110617_10,37,2,40.803,0.8176,169413.0,1965.0,59.0,25.911127878580864
20110617_10,37,2,30.047,0.719,150370.0,1447.0,59.0,22.99856740097988
20110617_10,37,3,34.075,0.7601,150894.0,1641.0,59.0,23.07871137463229
20110617_10,37,1,46.077,0.7726,107201.0,2219.0,59.0,16.39601931204658
20110617_10,37,4,104.696,0.5108,282972.0,5042.0,59.0,43.279581130478675
20110617_10,37,2,32.206,0.7972,133978.0,1551.0,59.0,20.491468133593685
20110617_10,37,1,62.004,0.8229,147811.0,2986.0,59.0,22.607177270108643
20110617_10,37,1,54.84,0.7278,164280.0,2641.0,59.0,25.126053419119337
20110617_10,37,3,23.63,0.6945,100267.0,1138.0,59.0,15.335488179783532
20110617_10,37,1,54.549,0.8127,127483.0,2627.0,59.0,19.49808052124172
20110617_10,37,4,32.144,0.7549,115136.0,1548.0,59.0,17.60964990542807
20110617_3,37,2,29.922,0.7287,126537.0,1441.0,37.0,19.353393118426485
20110617_3,37,2,32.829,0.7696,154023.0,1581.0,37.0,23.557281018827716
20110617_3,37,2,37.605,0.7831,165929.0,1811.0,37.0,25.37826222170107
20110617_3,37,1,27.098,0.7103,61286.0,1305.0,37.0,9.373480094011125
20110617_3,37,1,69.458,0.7753,140551.0,3345.0,37.0,21.496785574084743
20110617_3,37,2,34.74,0.7828,171970.0,1673.0,37.0,26.302212116422886
20110617_3,37,1,41.862,0.7691,104048.0,2016.0,37.0,15.91377895150066
20110617_3,37,3,32.123,0.7769,156026.0,1547.0,37.0,23.863632887579215
20110617_3,37,4,147.451,0.2256,516640.0,7101.0,37.0,79.01828730492947
20110617_3,37,3,150.586,0.4015,387135.0,7252.0,37.0,59.210948931158775
20110617_3,37,1,75.293,0.7442,214680.0,3626.0,37.0,32.83455775515303
20110617_3,37,3,33.286,0.7847,130793.0,1603.0,37.0,20.004333484580446
20110617_3,37,1,68.067,0.7245,180347.0,3278.0,37.0,27.58344506925928
20110617_3,37,2,38.809,0.7918,185896.0,1869.0,37.0,28.432145278796007
20110617_3,37,1,69.624,0.8055,200741.0,3353.0,37.0,30.702636288090055
20110617_3,37,3,56.086,0.7134,175829.0,2701.0,37.0,26.892432716279117
20110617_3,37,4,39.515,0.7782,191219.0,1903.0,37.0,29.246279576032265
20110617_3,37,4,41.094,0.8161,205019.0,1979.0,37.0,31.356941477565297
20110617_3,37,4,37.46,0.8027,181828.0,1804.0,37.0,27.809958857387574
20110617_3,37,4,38.934,0.7686,171640.0,1875.0,37.0,26.25173976660362
20110617_3,37,1,145.167,0.4764,411830.0,6991.0,37.0,62.98796310930068
20110617_3,37,4,41.177,0.8575,177190.0,1983.0,37.0,27.10059292265495
20110617_3,37,1,37.647,0.7331,96841.0,1813.0,37.0,14.811493420750764
20110617_3,37,1,58.972,0.7791,177275.0,2840.0,37.0,27.113593376396274
20110617_3,37,3,62.108,0.7641,168984.0,2991.0,37.0,25.84551382381581
20110617_3,37,3,55.463,0.8069,203373.0,2671.0,37.0,31.10519151452737
20110617_3,37,4,89.621,0.4427,326288.0,4316.0,37.0,49.90461235705874
20110617_3,37,2,35.321,0.8538,185190.0,1701.0,37.0,28.324165039485695
20110617_3,37,4,186.613,0.3637,588155.0,8987.0,37.0,89.95625729682331
20110617_3,37,4,34.262,0.7421,174130.0,1650.0,37.0,26.63257658796719
20110617_3,37,1,53.615,0.8266,191079.0,2582.0,37.0,29.224867063987727
20110617_3,37,4,55.048,0.737,223776.0,2651.0,37.0,34.22575925198958
20110617_3,37,4,58.308,0.7487,211508.0,2808.0,37.0,32.34941141082964
20110617_3,37,2,76.871,0.4628,348383.0,3702.0,37.0,53.28396559723065
20110617_3,37,2,30.088,0.7948,163968.0,1449.0,37.0,25.078334106562938
20110617_3,37,2,31.604,0.797,195581.0,1522.0,37.0,29.913432272734223
20110617_6,37,2,28.136,0.7905,138261.0,1355.0,45.0,21.146538055641944
20110617_6,37,3,88.458,0.4137,340624.0,4260.0,45.0,52.097253590419434
20110617_6,37,2,38.643,0.7765,195563.0,1861.0,45.0,29.91067923547136
20110617_6,37,1,58.183,0.7793,169021.0,2802.0,45.0,25.851172844856155
20110617_6,37,1,35.529,0.7106,95844.0,1711.0,45.0,14.659005745690731
20110617_6,37,3,78.969,0.4723,323241.0,3803.0,45.0,49.43858432706083
20110617_6,37,3,45.371,0.83,184538.0,2185.0,45.0,28.224443911963984
20110617_6,37,2,42.36,0.7367,188502.0,2040.0,45.0,28.830723895853623
20110617_6,37,2,40.761,0.8917,211129.0,1963.0,45.0,32.29144468179478
20110617_6,37,2,34.76,0.7913,191570.0,1674.0,45.0,29.299963802658212
20110617_6,37,2,33.514,0.7969,156624.0,1614.0,45.0,23.95509490331231
20110617_6,37,4,181.858,0.3214,530544.0,8758.0,45.0,81.1448556439813
20110617_6,37,3,61.609,0.7173,158197.0,2967.0,45.0,24.19567977078416
20110617_6,37,2,36.297,0.7933,180165.0,1748.0,45.0,27.555608803601384
20110617_6,37,1,60.571,0.8283,159316.0,2917.0,45.0,24.366826920625858
20110617_6,37,3,38.602,0.7971,179277.0,1859.0,45.0,27.41979229863317
20110617_6,37,1,53.698,0.8114,155000.0,2586.0,45.0,23.70670976359567
20110617_6,37,1,59.533,0.8062,209077.0,2867.0,45.0,31.97759843382769
20110617_6,37,4,31.936,0.5909,163062.0,1538.0,45.0,24.939764564331856
20110617_6,37,3,31.147,0.789,138560.0,1500.0,45.0,21.192269063508494
20110617_6,37,3,37.294,0.7897,157525.0,1796.0,45.0,24.092899712970375
20110617_6,37,1,65.077,0.8516,186140.0,3134.0,45.0,28.469464228359346
20110617_6,37,2,39.64,0.6572,207709.0,1909.0,45.0,31.768367601849636
20110617_6,37,2,35.57,0.7576,155985.0,1713.0,45.0,23.857362080480456
20110617_6,37,3,55.65,0.7845,171093.0,2680.0,45.0,26.16807802311532
20110617_6,37,3,61.775,0.7897,124387.0,2975.0,45.0,19.024558112028224
20110617_6,37,2,38.083,0.841,155471.0,1834.0,45.0,23.77874757197408
20110617_6,37,1,53.428,0.8172,106028.0,2573.0,45.0,16.21661305041627
20110617_6,37,4,75.605,0.4464,337760.0,3641.0,45.0,51.65921477259403
20110617_6,37,1,64.309,0.7667,170185.0,3097.0,45.0,26.02920258785503
20110617_6,37,3,38.976,0.7861,144416.0,1877.0,45.0,22.087923853028595
20110617_6,37,2,34.906,0.7458,139026.0,1681.0,45.0,21.263542139313884
20110617_6,37,2,81.564,0.5495,335387.0,3928.0,45.0,51.29627269343911
20110617_6,37,2,35.196,0.8059,130303.0,1695.0,45.0,19.92938969242456
20110617_6,37,3,36.712,0.7975,161719.0,1768.0,45.0,24.734357395218897
20110617_6,37,3,42.09,0.805,145607.0,2027.0,45.0,22.270083151921774
20110617_6,37,2,34.22,0.8151,132523.0,1648.0,45.0,20.26893095484509
20110617_6,37,1,24.918,0.6,83807.0,1200.0,45.0,12.817988549404275
20110617_8,37,1,35.03,0.6968,49102.0,1687.0,64.0,7.509979760077901
20110617_8,37,2,16.466,0.8575,64065.0,793.0,64.0,9.798518458095204
20110617_8,37,2,18.875,0.7465,84665.0,909.0,64.0,12.949216658934372
20110617_8,37,4,46.513,0.6494,167978.0,2240.0,64.0,25.691649630124346
20110617_8,37,1,58.847,0.7864,96510.0,2834.0,64.0,14.760868124416891
20110617_8,37,1,68.295,0.8246,142971.0,3289.0,64.0,21.866916139426046
20110617_8,37,3,41.717,0.7887,104037.0,2009.0,64.0,15.91209653984002
20110617_8,37,2,35.736,0.7892,95326.0,1721.0,64.0,14.579779451125942
20110617_8,37,3,55.878,0.5804,188542.0,2691.0,64.0,28.836841756437774
20110617_8,37,1,53.386,0.8047,117134.0,2571.0,64.0,17.91523704160655
20110617_8,37,3,95.124,0.349,195714.0,4581.0,64.0,29.93377415917654
20110617_8,37,2,32.04,0.8913,122039.0,1543.0,64.0,18.665439695738403
20110617_8,37,2,33.93,0.7964,121324.0,1634.0,64.0,18.556082937796653
20110617_8,37,2,37.335,0.6453,117457.0,1798.0,64.0,17.964638765823594
20110617_8,37,2,32.58,0.8125,127379.0,1569.0,64.0,19.482174083722924
20110617_8,37,2,30.524,0.8201,106245.0,1470.0,64.0,16.249802444085304
20110617_8,37,1,109.431,0.4645,230460.0,5270.0,64.0,35.24805375560167
20110617_8,37,1,62.253,0.827,121381.0,2998.0,64.0,18.56480088912907
20110617_8,37,3,49.773,0.819,126534.0,2397.0,64.0,19.352934278882675
20110617_8,37,2,26.994,0.8611,93676.0,1300.0,64.0,14.327417702029601
20110617_8,37,1,54.383,0.8384,159516.0,2619.0,64.0,24.397416223546628
20110617_8,37,3,46.617,0.8051,95377.0,2245.0,64.0,14.58757972337074
20110617_8,37,2,31.895,0.7079,99687.0,1536.0,64.0,15.2467792013133
20110617_8,37,3,47.261,0.8549,140754.0,2276.0,64.0,21.527833716549324
20110617_8,37,1,59.2,0.8032,117154.0,2851.0,64.0,17.918295971898626
20110617_8,37,2,34.74,0.813,132750.0,1673.0,64.0,20.303649813660165
20110617_8,37,2,26.039,0.7429,123694.0,1254.0,64.0,18.91856617740776
20110617_8,37,2,30.753,0.835,145639.0,1481.0,64.0,22.274977440389097
20110617_8,37,1,58.225,0.7683,141582.0,2804.0,64.0,21.654473430641307
20110617_8,37,1,57.539,0.8544,135507.0,2771.0,64.0,20.725323354422958
20110617_8,37,3,72.864,0.7248,233444.0,3509.0,64.0,35.70444615517953
20110617_8,37,1,60.384,0.7934,118885.0,2908.0,64.0,18.18304638867788
20110617_9,37,2,30.753,0.8251,139866.0,1481.0,39.0,21.392017211581113
20110617_9,37,4,35.778,0.682,59353.0,1723.0,39.0,9.077834481281897
20110617_9,37,3,36.567,0.7259,113580.0,1761.0,39.0,17.371665128704493
20110617_9,37,4,40.948,0.8364,181194.0,1972.0,39.0,27.712990767128737
20110617_9,37,3,43.004,0.8436,188225.0,2071.0,39.0,28.788357711308358
20110617_9,37,1,145.914,0.4454,352628.0,7027.0,39.0,53.93322355172396
20110617_9,37,2,31.5,0.8921,168199.0,1517.0,39.0,25.725450809851793
20110617_9,37,1,75.958,0.7402,226540.0,3658.0,39.0,34.6485034183546
20110617_9,37,2,34.054,0.7888,165267.0,1640.0,39.0,25.277011629033332
20110617_9,37,2,38.623,0.8037,194433.0,1860.0,39.0,29.737849673969016
20110617_9,37,3,69.396,0.7666,173930.0,3342.0,39.0,26.60198728504642
20110617_9,37,3,53.116,0.7804,142842.0,2558.0,39.0,21.84718603904215
20110617_9,37,2,40.948,0.7951,173740.0,1972.0,39.0,26.57292744727169
20110617_9,37,4,51.414,0.7777,206095.0,2476.0,39.0,31.521511927279033
20110617_9,37,1,62.419,0.7872,174696.0,3006.0,39.0,26.719144315232963
20110617_9,37,2,41.571,0.7528,191851.0,2002.0,39.0,29.34294177326189
20110617_9,37,2,40.263,0.773,188078.0,1939.0,39.0,28.76587457366159
20110617_9,37,2,40.242,0.7664,182889.0,1938.0,39.0,27.972235109382254
20110617_9,37,1,66.8,0.7957,176900.0,3217.0,39.0,27.056238433419836
20110617_9,37,3,34.075,0.7916,159399.0,1641.0,39.0,24.379521481337978
20110617_9,37,1,65.098,0.6917,189863.0,3135.0,39.0,29.03888410222945
20110617_9,37,3,37.127,0.8282,172581.0,1788.0,39.0,26.395662436845836
20110617_9,37,1,55.401,0.7646,120062.0,2668.0,39.0,18.363064436366603
20110617_9,37,3,38.498,0.8552,157903.0,1854.0,39.0,24.15071349549063
20110627_1,47,3,33.203,0.8566,172592.0,1599.0,32.0,26.397344848506478
20110627_1,47,2,34.968,0.7386,195977.0,1684.0,32.0,29.97399909251735
20110627_1,47,2,32.954,0.752,133130.0,1587.0,32.0,20.361769489209625
20110627_1,47,3,27.617,0.7769,129940.0,1330.0,32.0,19.873870107623365
20110627_1,47,2,36.691,0.7663,164303.0,1767.0,32.0,25.129571188955225
20110627_1,47,1,74.421,0.7764,202134.0,3584.0,32.0,30.91569078293321
20110627_1,47,2,40.844,0.6954,159323.0,1967.0,32.0,24.367897546228086
20110627_1,47,2,38.186,0.7613,177413.0,1839.0,32.0,27.13469999541161
20110627_1,47,2,41.156,0.8039,187104.0,1982.0,32.0,28.61690466843745
20110627_1,47,2,33.805,0.6478,208585.0,1628.0,32.0,31.902348748642602
20110627_1,47,3,44.333,0.8247,201506.0,2135.0,32.0,30.819640371762
20110627_1,47,3,36.276,0.7844,197922.0,1747.0,32.0,30.271480063421826
20110627_1,47,3,114.393,0.4061,354563.0,5509.0,32.0,54.2291750574824
20110627_1,47,1,46.202,0.612,119935.0,2225.0,32.0,18.343640229011914
20110627_1,47,1,79.363,0.8004,196455.0,3822.0,32.0,30.047107526497985
20110627_1,47,2,42.153,0.7004,205421.0,2030.0,32.0,31.41842597643604
20110627_1,47,2,36.255,0.7987,148947.0,1746.0,32.0,22.78092451069861
20110627_1,47,3,40.471,0.5782,188187.0,1949.0,32.0,28.78254574375341
20110627_1,47,2,34.283,0.7487,175584.0,1651.0,32.0,26.85496082020118
20110627_1,47,3,38.623,0.7341,193399.0,1860.0,32.0,29.57970297786864
20110627_1,47,4,79.882,0.3952,409090.0,3847.0,32.0,62.56888965928615
20110627_1,47,3,35.134,0.6955,151061.0,1692.0,32.0,23.104253442571135
20110627_1,47,4,80.983,0.421,395059.0,3900.0,32.0,60.422897112879625
20110627_1,47,3,38.892,0.7188,226689.0,1873.0,32.0,34.671292449030574
20110627_1,47,4,86.485,0.389,414854.0,4165.0,32.0,63.450473369462706
20110627_1,47,4,35.508,0.751,170780.0,1710.0,32.0,26.120205764044314
20110627_1,47,3,43.398,0.8021,174843.0,2090.0,32.0,26.74162745287973
20110627_1,47,3,60.924,0.8005,153901.0,2934.0,32.0,23.53862154404605
20110627_1,47,2,37.231,0.8088,213748.0,1793.0,32.0,32.69201160354224
20110627_1,47,3,37.709,0.7985,189964.0,1816.0,32.0,29.05433170020444
20110627_1,47,4,34.594,0.7365,177383.0,1666.0,32.0,27.13011159997349
20110627_1,47,4,103.658,0.3963,376074.0,4992.0,32.0,57.51920753312567
20110627_1,47,1,75.75,0.7887,196979.0,3648.0,32.0,30.127251500150397
20110627_1,47,3,24.689,0.3164,74159.0,1189.0,32.0,11.342360576506396
20110627_1,47,3,35.093,0.8272,172116.0,1690.0,32.0,26.32454230755505
20110627_1,47,3,42.589,0.7104,196591.0,2051.0,32.0,30.067908252484106
20110627_1,47,1,44.354,0.6721,110901.0,2136.0,32.0,16.961921416080795
20110627_10,47,1,22.862,0.2723,55514.0,1101.0,37.0,8.490672811717742
20110627_10,47,3,33.099,0.7353,171173.0,1594.0,37.0,26.180313744283627
20110627_10,47,2,31.916,0.7424,145512.0,1537.0,37.0,22.25555323303441
20110627_10,47,3,30.088,0.8047,152108.0,1449.0,37.0,23.26438844336136
20110627_10,47,3,29.59,0.7512,163741.0,1425.0,37.0,25.043615247747866
20110627_10,47,2,32.102,0.7503,146949.0,1546.0,37.0,22.47533737452013
20110627_10,47,2,28.448,0.7774,139864.0,1370.0,37.0,21.391711318551902
20110627_10,47,3,41.322,0.7643,176328.0,1990.0,37.0,26.968753027066434
20110627_10,47,3,32.746,0.8395,145913.0,1577.0,37.0,22.31688478539055
20110627_10,47,2,27.119,0.6535,118077.0,1306.0,37.0,18.059465604877975
20110627_10,47,4,36.255,0.7839,169449.0,1746.0,37.0,25.9166339531066
20110627_10,47,2,28.095,0.7667,140749.0,1353.0,37.0,21.527068983976307
20110627_10,47,2,36.629,0.8459,167624.0,1764.0,37.0,25.637506563954584
20110627_10,47,3,34.449,0.7865,143924.0,1659.0,37.0,22.012674167843507
20110627_10,47,2,34.303,0.8171,148845.0,1652.0,37.0,22.76532396620902
20110627_10,47,3,35.176,0.7682,163445.0,1694.0,37.0,24.998343079425126
20110627_10,47,4,20.246,0.8306,111097.0,975.0,37.0,16.99189893294315
20110627_10,47,3,51.372,0.8444,195351.0,2474.0,37.0,29.878254574375344
20110627_10,47,4,19.228,0.8131,92545.0,926.0,37.0,14.154435194012654
20110627_10,47,4,35.134,0.8004,158064.0,1692.0,37.0,24.175337884341847
20110627_10,47,3,32.642,0.8048,125158.0,1572.0,37.0,19.14247987478779
20110627_10,47,2,33.93,0.7746,147162.0,1634.0,37.0,22.50791498213075
20110627_10,47,2,33.535,0.833,178549.0,1615.0,37.0,27.30844723600157
20110627_10,47,2,32.871,0.7829,132600.0,1583.0,37.0,20.280707836469585
20110627_10,47,2,33.535,0.7905,158389.0,1615.0,37.0,24.225045501588095
20110627_10,47,3,119.46,0.4553,260913.0,5753.0,37.0,39.9057339648325
20110627_10,47,1,69.998,0.7925,162415.0,3371.0,37.0,24.84080816938317
20110627_10,47,2,33.078,0.7558,157203.0,1593.0,37.0,24.043650935267937
20110627_10,47,2,37.086,0.8092,145552.0,1786.0,37.0,22.261671093618563
20110627_10,47,2,37.543,0.833,120893.0,1808.0,37.0,18.490162990002396
20110627_10,47,3,39.889,0.7638,161002.0,1921.0,37.0,24.62469474424794
20110627_10,47,3,31.583,0.8156,143599.0,1521.0,37.0,21.962966550597258
20110627_10,47,3,138.688,0.2818,393796.0,6679.0,37.0,60.22972566493498
20110627_10,47,4,38.477,0.8164,144313.0,1853.0,37.0,22.0721703620244
20110627_10,47,3,77.577,0.412,275431.0,3736.0,37.0,42.12621146385109
20110627_10,47,3,48.465,0.8236,194288.0,2334.0,37.0,29.715672429351457
20110627_10,47,3,96.183,0.5319,276524.0,4632.0,37.0,42.293382004313095
20110627_10,47,2,38.56,0.7444,143445.0,1857.0,37.0,21.939412787348264
20110627_10,47,2,36.401,0.7762,98937.0,1753.0,37.0,15.132069315360418
20110627_10,47,3,66.925,0.3749,270008.0,3223.0,37.0,41.296782515154455
20110627_10,47,3,32.269,0.6949,133089.0,1554.0,37.0,20.355498682110866
20110627_10,47,3,31.106,0.4979,59519.0,1498.0,37.0,9.103223602706134
20110627_10,47,4,75.397,0.2641,277991.0,3631.0,37.0,42.51775454123693
20110627_10,47,2,38.062,0.8347,141570.0,1833.0,37.0,21.65263807246606
20110627_10,47,3,46.638,0.7269,109885.0,2246.0,37.0,16.806527757243295
20110627_10,47,2,29.59,0.616,106120.0,1425.0,37.0,16.230684129759823
20110627_3,47,2,61.651,0.3378,268828.0,2969.0,48.0,41.11630562792192
20110627_3,47,2,29.735,0.7978,123092.0,1432.0,48.0,18.826492375616247
20110627_3,47,4,30.794,0.8393,186141.0,1483.0,48.0,28.469617174873946
20110627_3,47,1,46.555,0.7106,79033.0,2242.0,48.0,12.087821888685527
20110627_3,47,2,30.981,0.7591,137499.0,1492.0,48.0,21.029992811513814
20110627_3,47,3,38.29,0.7583,135667.0,1844.0,48.0,20.749794796759574
20110627_3,47,3,44.271,0.6859,142030.0,2132.0,48.0,21.722993469183827
20110627_3,47,2,38.623,0.8293,180862.0,1860.0,48.0,27.66221252428026
20110627_3,47,3,40.637,0.7755,131581.0,1957.0,48.0,20.12485533808827
20110627_3,47,2,29.465,0.8435,134949.0,1419.0,48.0,20.639979199274016
20110627_3,47,2,35.446,0.7212,163940.0,1707.0,48.0,25.07405160415403
20110627_3,47,2,29.382,0.6697,152596.0,1415.0,48.0,23.33902634248803
20110627_3,47,3,56.293,0.661,137576.0,2711.0,48.0,21.04176969313831
20110627_3,47,3,72.428,0.3551,327965.0,3488.0,48.0,50.161103662049385
20110627_3,47,4,31.936,0.8203,154842.0,1538.0,48.0,23.682544214288264
20110627_3,47,2,33.867,0.8324,178212.0,1631.0,48.0,27.25690426058008
20110627_3,47,3,26.787,0.7472,123881.0,1290.0,48.0,18.94716717563868
20110627_3,47,4,37.211,0.8136,140079.0,1792.0,48.0,21.424594819191732
20110627_3,47,2,28.323,0.8089,135446.0,1364.0,48.0,20.715993617032126
20110627_3,47,4,53.345,0.7678,138851.0,2569.0,48.0,21.236776499258212
20110627_3,47,2,36.754,0.7961,143980.0,1770.0,48.0,22.02123917266132
20110627_3,47,3,60.633,0.7967,152117.0,2920.0,48.0,23.26576496199279
20110627_3,47,4,33.847,0.7413,125584.0,1630.0,48.0,19.207635090009028
20110627_3,47,2,30.462,0.7438,121726.0,1467.0,48.0,18.617567436667397
20110627_3,47,3,38.415,0.8102,172281.0,1850.0,48.0,26.349778482464682
20110627_3,47,2,37.003,0.8633,169750.0,1782.0,48.0,25.962670854002358
20110627_3,47,4,31.5,0.7098,137016.0,1517.0,48.0,20.95611964496016
20110627_3,47,3,92.694,0.4065,301934.0,4464.0,48.0,46.17975294039675
20110627_3,47,4,33.016,0.8274,142987.0,1590.0,48.0,21.869363283659705
20110627_3,47,3,44.997,0.7455,153070.0,2167.0,48.0,23.411522990410255
20110627_3,47,3,64.205,0.571,325133.0,3092.0,48.0,49.727959132691296
20110627_3,47,2,34.719,0.795,157770.0,1672.0,48.0,24.130371609048314
20110627_3,47,3,30.815,0.6843,132928.0,1484.0,48.0,20.330874293259647
20110627_3,47,3,43.087,0.784,174119.0,2075.0,48.0,26.630894176306548
20110627_3,47,1,77.474,0.7308,190732.0,3731.0,48.0,29.171794623420194
20110627_3,47,3,35.736,0.7664,153327.0,1721.0,48.0,23.450830244663443
20110627_3,47,3,96.93,0.2301,447462.0,4668.0,48.0,68.43775331766481
20110627_3,47,3,39.723,0.7698,141370.0,1913.0,48.0,21.62204876954529
20110627_3,47,3,41.924,0.7658,168736.0,2019.0,48.0,25.807583088194058
20110627_3,47,3,84.679,0.3748,339441.0,4078.0,48.0,51.91631786364309
20110627_3,47,3,37.564,0.8251,148664.0,1809.0,48.0,22.73764064706572
20110627_3,47,3,34.2,0.8575,151788.0,1647.0,48.0,23.215445558688128
20110627_3,47,4,53.054,0.4358,220310.0,2555.0,48.0,33.69564663237266
20110627_3,47,2,29.237,0.7092,135806.0,1408.0,48.0,20.771054362289508
20110627_3,47,4,36.338,0.8227,187219.0,1750.0,48.0,28.63449351761689
20110627_3,47,2,23.589,0.6645,133507.0,1136.0,48.0,20.419430325215274
20110627_4,47,2,35.196,0.8012,136731.0,1695.0,39.0,20.912529888298064
20110627_4,47,2,34.926,0.7303,145131.0,1682.0,39.0,22.197280610970346
20110627_4,47,3,26.018,0.7448,120272.0,1253.0,39.0,18.395183204433412
20110627_4,47,2,31.479,0.7999,153046.0,1516.0,39.0,23.407852274059763
20110627_4,47,3,29.943,0.7967,148436.0,1442.0,39.0,22.702768841736045
20110627_4,47,2,35.84,0.7639,148475.0,1726.0,39.0,22.708733755805593
20110627_4,47,1,73.777,0.7975,146089.0,3553.0,39.0,22.343803371960828
20110627_4,47,3,56.231,0.6681,182906.0,2708.0,39.0,27.974835200130517
20110627_4,47,2,27.119,0.7932,125489.0,1306.0,39.0,19.19310517112166
20110627_4,47,2,27.119,0.747,108849.0,1306.0,39.0,16.64807516811371
20110627_4,47,3,30.379,0.8714,127170.0,1463.0,39.0,19.45020826217072
20110627_4,47,3,63.312,0.7684,162952.0,3049.0,39.0,24.92294044772543
20110627_4,47,3,33.743,0.8217,152001.0,1625.0,39.0,23.248023166298747
20110627_4,47,4,33.535,0.8192,151185.0,1615.0,39.0,23.12321881038201
20110627_4,47,3,30.462,0.8021,157985.0,1467.0,39.0,24.163255109688144
20110627_4,47,3,31.251,0.7715,109815.0,1505.0,39.0,16.795821501221024
20110627_4,47,3,34.843,0.8325,142430.0,1678.0,39.0,21.784172075025364
20110627_4,47,2,28.406,0.7667,156763.0,1368.0,39.0,23.976354468842246
20110627_4,47,2,36.193,0.8495,149432.0,1743.0,39.0,22.855103570281475
20110627_4,47,3,30.587,0.8191,134871.0,1473.0,39.0,20.628049371134914
20110627_4,47,1,64.059,0.7598,157404.0,3085.0,39.0,24.07439318470331
20110627_4,47,4,35.155,0.8182,162441.0,1693.0,39.0,24.844784778762865
20110627_4,47,4,52.992,0.7767,157849.0,2552.0,39.0,24.142454383702024
20110627_4,47,3,34.137,0.785,147411.0,1644.0,39.0,22.545998664267106
20110627_4,47,3,114.123,0.4221,370278.0,5496.0,39.0,56.6327295344818
20110627_4,47,3,29.798,0.7925,137797.0,1435.0,39.0,21.07557087286576
20110627_4,47,2,31.251,0.7611,159024.0,1505.0,39.0,24.32216653836154
20110627_4,47,3,70.102,0.405,306200.0,3376.0,39.0,46.83222277169674
20110627_4,47,3,30.877,0.633,167652.0,1487.0,39.0,25.641789066363494
20110627_4,47,3,35.902,0.8242,162172.0,1729.0,39.0,24.803642166334434
20110627_4,47,3,73.092,0.4015,326436.0,3520.0,39.0,49.92724844122011
20110627_4,47,3,30.566,0.7735,118867.0,1472.0,39.0,18.18029335141501
20110627_4,47,2,33.016,0.7365,170740.0,1590.0,39.0,26.11408790346016
20110627_4,47,3,62.938,0.7717,168608.0,3031.0,39.0,25.78800593432477
20110627_4,47,3,29.59,0.7542,134417.0,1425.0,39.0,20.55861165350477
20110627_4,47,2,31.542,0.8,193370.0,1519.0,39.0,29.57526752894513
20110627_4,47,3,31.376,0.8364,164618.0,1511.0,39.0,25.177749341055435
20110627_4,47,3,36.712,0.8514,168354.0,1768.0,39.0,25.74915751961539
20110627_4,47,4,39.017,0.7422,153252.0,1879.0,39.0,23.43935925606815
20110627_4,47,4,28.219,0.8266,142242.0,1359.0,39.0,21.755418130279843
20110627_4,47,2,33.971,0.8102,164556.0,1636.0,39.0,25.168266657149996
20110627_5,47,4,16.591,0.5375,76020.0,799.0,25.0,11.626994040184147
20110627_5,47,2,22.613,0.7562,138288.0,1089.0,25.0,21.15066761153625
20110627_5,47,3,93.836,0.4702,280425.0,4519.0,25.0,42.89002635778269
20110627_5,47,2,34.303,0.7855,139631.0,1652.0,25.0,21.35607478064921
20110627_5,47,3,73.715,0.4275,331274.0,3550.0,25.0,50.667203678873506
20110627_5,47,2,35.965,0.8305,146019.0,1732.0,25.0,22.333097115938557
20110627_5,47,2,30.524,0.7388,147125.0,1470.0,25.0,22.502255961090405
20110627_5,47,3,56.792,0.269,219551.0,2735.0,25.0,33.57956022778835
20110627_5,47,2,34.387,0.7509,135773.0,1656.0,25.0,20.76600712730758
20110627_5,47,2,39.578,0.8429,191334.0,1906.0,25.0,29.263868425211708
20110627_5,47,3,60.758,0.8374,166075.0,2926.0,25.0,25.400592412833234
20110627_5,47,2,37.065,0.7629,166549.0,1785.0,25.0,25.473089060755456
20110627_5,47,2,33.411,0.7979,158873.0,1609.0,25.0,24.299071614656352
20110627_5,47,1,62.751,0.7728,147739.0,3022.0,25.0,22.596165121057165
20110627_5,47,1,37.543,0.7892,79647.0,1808.0,25.0,12.181731048652287
20110627_5,47,2,36.691,0.8209,168360.0,1767.0,25.0,25.750075198703016
20110627_5,47,2,37.543,0.8257,166139.0,1808.0,25.0,25.41038098976788
20110627_5,47,2,37.439,0.7669,156998.0,1803.0,25.0,24.01229689977415
20110627_5,47,2,33.992,0.7938,155262.0,1637.0,25.0,23.74678175042188
20110627_5,47,1,37.231,0.6869,84445.0,1793.0,25.0,12.915568425721526
20110627_5,47,2,32.518,0.7968,161454.0,1566.0,25.0,24.693826568848873
20110627_5,47,3,61.921,0.8041,140938.0,2982.0,25.0,21.55597587523643
20110627_5,47,1,75.335,0.7348,152652.0,3628.0,25.0,23.34759134730585
20110627_5,47,2,40.284,0.8229,206587.0,1940.0,25.0,31.59676161246412
20110627_5,47,2,36.048,0.7975,162567.0,1736.0,25.0,24.86405603960295
20110627_5,47,1,160.491,0.4089,331238.0,7729.0,25.0,50.66169760434776
20110627_5,47,4,39.017,0.7491,168132.0,1879.0,25.0,25.71520339337334
20110627_5,47,2,37.937,0.7787,177259.0,1827.0,25.0,27.111146232162614
20110627_5,47,2,37.439,0.7828,167569.0,1803.0,25.0,25.629094505651373
20110627_5,47,2,36.318,0.8344,144851.0,1749.0,25.0,22.15445558688127
20110627_5,47,4,78.969,0.7455,176410.0,3803.0,25.0,26.98129464126395
20110627_5,47,4,35.612,0.8792,165288.0,1715.0,25.0,25.28022350584001
20110627_5,47,3,43.129,0.7318,207151.0,2077.0,25.0,31.683023446700687
20110627_5,47,3,36.837,0.8068,173188.0,1774.0,25.0,26.488500971210367
20110627_5,47,4,27.638,0.7231,125884.0,1331.0,25.0,19.253519044390178
20110627_5,47,3,37.065,0.8282,186202.0,1785.0,25.0,28.47894691226478
20110627_5,47,2,34.677,0.7498,131793.0,1670.0,25.0,20.157279999184286
20110627_5,47,3,69.043,0.3799,337919.0,3325.0,25.0,51.68353326841604
20110627_5,47,4,31.23,0.8145,147296.0,1504.0,25.0,22.528409815087667
20110627_5,47,3,47.489,0.8214,195615.0,2287.0,25.0,29.918632454230757
20110627_5,47,4,37.211,0.8723,181389.0,1792.0,25.0,27.74281533747649
20110627_5,47,4,43.565,0.7329,114745.0,2098.0,25.0,17.54984781821797
20110627_5,47,4,18.771,0.6884,88772.0,904.0,25.0,13.577367994412356
20110627_6,47,2,32.082,0.7517,143690.0,1545.0,28.0,21.976884683426206
20110627_6,47,3,43.482,0.8208,153694.0,2094.0,28.0,23.50696161552305
20110627_6,47,2,33.244,0.7661,162731.0,1601.0,28.0,24.889139267997983
20110627_6,47,3,50.105,0.8286,148139.0,2413.0,28.0,22.657343726898702
20110627_6,47,4,37.294,0.7351,202312.0,1796.0,28.0,30.942915262532694
20110627_6,47,1,64.392,0.7708,166701.0,3101.0,28.0,25.49633693097524
20110627_6,47,3,38.976,0.7165,174414.0,1877.0,28.0,26.67601339811468
20110627_6,47,3,35.715,0.752,203624.0,1720.0,28.0,31.143581089692937
20110627_6,47,4,34.656,0.8159,182607.0,1669.0,28.0,27.929104192263964
20110627_6,47,3,42.755,0.7984,173679.0,2059.0,28.0,26.563597709880856
20110627_6,47,3,55.297,0.7889,143833.0,2663.0,28.0,21.998756035014555
20110627_6,47,2,33.224,0.719,160924.0,1600.0,28.0,24.612764916108837
20110627_6,47,2,37.543,0.7931,162603.0,1808.0,28.0,24.869562114128694
20110627_6,47,2,34.054,0.7888,176346.0,1640.0,28.0,26.971506064329308
20110627_6,47,2,35.093,0.7291,157207.0,1690.0,28.0,24.044262721326355
20110627_6,47,2,33.411,0.7165,203477.0,1609.0,28.0,31.121097952046174
20110627_6,47,3,34.532,0.8435,174654.0,1663.0,28.0,26.7127205616196
20110627_6,47,2,39.038,0.7279,208312.0,1880.0,28.0,31.86059435015575
20110627_6,47,3,34.76,0.8194,162369.0,1674.0,28.0,24.833772629711394
20110627_6,47,4,15.594,0.8525,121216.0,751.0,28.0,18.539564714219438
20110627_6,47,2,38.166,0.7229,176052.0,1838.0,28.0,26.926539789035775
20110627_6,47,1,64.454,0.7468,181288.0,3104.0,28.0,27.7273677395015
20110627_6,47,3,51.164,0.7492,170927.0,2464.0,28.0,26.14268890169108
20110627_6,47,2,36.816,0.7511,228795.0,1773.0,28.0,34.99339780878627
20110627_6,47,3,30.96,0.7298,166402.0,1491.0,28.0,25.450605923108693
20110627_6,47,3,47.863,0.7173,183937.0,2305.0,28.0,28.132523056687077
20110627_6,47,3,47.551,0.7419,218522.0,2290.0,28.0,33.422178264260985
20110627_6,47,3,28.676,0.7045,164601.0,1381.0,28.0,25.175149250307168
20110627_6,47,3,30.794,0.7756,174209.0,1483.0,28.0,26.644659362620892
20110627_6,47,2,27.617,0.7903,154472.0,1330.0,28.0,23.625954003884846
20110627_6,47,3,42.423,0.8167,215176.0,2043.0,28.0,32.910419226396534
20110627_6,47,3,31.313,0.7599,193015.0,1508.0,28.0,29.520971516260765
20110627_6,47,2,30.732,0.8276,157739.0,1480.0,28.0,24.125630267095598
20110627_6,47,3,52.099,0.7611,206261.0,2509.0,28.0,31.546901048703273
20110627_6,47,1,72.448,0.7996,208975.0,3489.0,28.0,31.9619978893381
20110627_6,47,2,32.352,0.7879,195699.0,1558.0,28.0,29.93147996145748
20110627_6,47,2,34.864,0.7903,195758.0,1679.0,28.0,29.940503805819105
