{
    "model_name": "EDGE_SAM_R4",
    "timestamp": "2026-06-15T18:46:29.266434",
    "parameters": {
        "total_parameters": 5848169,
        "trainable_parameters": 378041,
        "frozen_parameters": 5470128,
        "trainable_percentage": 6.4643
    },
    "training_history": {
        "epochs": [
            1,
            2,
            3,
            4,
            5,
            6,
            7,
            8,
            9,
            10,
            11,
            12,
            13,
            14,
            15,
            16,
            17,
            18,
            19,
            20,
            21,
            22,
            23,
            24,
            25,
            26,
            27,
            28,
            29,
            30,
            31,
            32,
            33,
            34,
            35,
            36,
            37,
            38,
            39,
            40,
            41,
            42,
            43,
            44,
            45,
            46,
            47,
            48,
            49,
            50
        ],
        "train_loss": [
            1.6722970753908157,
            1.4346422031521797,
            1.2934157438576221,
            1.1853040680289268,
            1.0946012800559402,
            1.0244695115834475,
            0.9770640274509788,
            0.9537244457751513,
            0.9180467687547207,
            0.8977433750405908,
            0.8708475846797228,
            0.8526176325976849,
            0.8376051932573318,
            0.8183700414374471,
            0.7959529599174857,
            0.7586294077336788,
            0.7298237988725305,
            0.7100737066939473,
            0.6889029806479812,
            0.6679929997771978,
            0.6541174678131938,
            0.6376266097649932,
            0.6243807729333639,
            0.6111188968643546,
            0.5876246551051736,
            0.5481299222446978,
            0.5011285422369838,
            0.4490143903531134,
            0.41726201865822077,
            0.3874287363141775,
            0.36268860241398215,
            0.3428435535170138,
            0.3283208943903446,
            0.30921973194926977,
            0.29724720027297735,
            0.28681968059390783,
            0.27061293786391616,
            0.2595237649511546,
            0.25725301378406584,
            0.2482601348310709,
            0.24060999136418104,
            0.23940357891842723,
            0.23725869040936232,
            0.2390641530510038,
            0.23814963502809405,
            0.23233005311340094,
            0.22760184411890805,
            0.23164071515202522,
            0.23161620507016778,
            0.2274844462517649
        ],
        "val_loss": [
            1.0728917360305785,
            1.0991635918617249,
            1.0507542967796326,
            1.0432151675224304,
            1.0231852769851684,
            0.9967846035957336,
            0.9619783401489258,
            0.9165221095085144,
            0.9098837733268738,
            0.8977229118347168,
            0.8919906139373779,
            0.8923573613166809,
            0.8754352569580078,
            0.8631866812705994,
            0.8548924684524536,
            0.8132214903831482,
            0.773350203037262,
            0.7747294664382934,
            0.7447951316833497,
            0.6794608235359192,
            0.678791093826294,
            0.6484240055084228,
            0.6327760934829711,
            0.661662244796753,
            0.6262799263000488,
            0.6426262378692627,
            0.6711732029914856,
            0.6250490427017212,
            0.6312379717826844,
            0.5820117115974426,
            0.5772318005561828,
            0.5911929607391357,
            0.5775266766548157,
            0.5589967250823975,
            0.5820352792739868,
            0.5526477575302124,
            0.5609986841678619,
            0.5579404294490814,
            0.5616243302822113,
            0.569536417722702,
            0.6268276453018189,
            0.5661705315113068,
            0.5401373565196991,
            0.5599887490272522,
            0.6148186802864075,
            0.5631555378437042,
            0.5488390922546387,
            0.55356365442276,
            0.5664583384990692,
            0.5499733030796051
        ],
        "train_L_dice": [
            0.9467271992138454,
            0.9314693212509155,
            0.9311396905354091,
            0.9265810591833932,
            0.9239189624786377,
            0.9202555247715541,
            0.9157700708934239,
            0.9054348979677472,
            0.8884534750665937,
            0.8721066968781608,
            0.8484453814370292,
            0.8279839839254107,
            0.8124197891780308,
            0.80415426833289,
            0.7839500308036804,
            0.746256845338004,
            0.7163096496037075,
            0.712599345615932,
            0.6765545351164681,
            0.6570660897663662,
            0.6440485801015582,
            0.6500034076826913,
            0.6126138823372977,
            0.5934423208236694,
            0.5786649755069188,
            0.5469086681093488,
            0.5039975941181183,
            0.4331297831875937,
            0.417916727917535,
            0.38857277376311167,
            0.3572786620685032,
            0.3299286493233272,
            0.35110747388431,
            0.2898558165345873,
            0.29883714445999693,
            0.2977932776723589,
            0.2611806094646454,
            0.25690661796501707,
            0.24864965038640158,
            0.25431149559361593,
            0.22694861463138036,
            0.24480201303958893,
            0.21862670566354478,
            0.22007256320544652,
            0.21838502798761641,
            0.2238374011857169,
            0.212214252778462,
            0.22582868593079702,
            0.2358062458889825,
            0.21544191667011806
        ],
        "train_L_pmc": [
            0.047895832519446103,
            0.09520232038838523,
            0.010458135245633977,
            0.030312551451580867,
            0.027328708142574345,
            0.002607406848775489,
            0.009042549346174513,
            0.0,
            0.0,
            0.0,
            0.0,
            0.0,
            0.0,
            0.0,
            0.0,
            0.0,
            0.0,
            0.0,
            0.0,
            0.0,
            0.0,
            0.0,
            0.0,
            0.0,
            0.0,
            0.0,
            0.0,
            0.0,
            0.0,
            0.0,
            0.0,
            0.0,
            0.0,
            0.0,
            0.0,
            0.0,
            0.0,
            0.0,
            0.0,
            0.0,
            0.0,
            0.0,
            0.0,
            0.0,
            0.0,
            0.0,
            0.0,
            0.0,
            0.0,
            0.0
        ],