{
    "model_name": "EDGE_SAM_R4",
    "timestamp": "2026-06-17T19:44:34.076238",
    "parameters": {
        "total_parameters": 5848169,
        "trainable_parameters": 378041,
        "frozen_parameters": 5470128,
        "trainable_percentage": 6.4643
    },
    "training_history": {
        "epochs": [
            1,
            2,
            3,
            4,
            5,
            6,
            7,
            8,
            9,
            10,
            11,
            12,
            13,
            14,
            15,
            16,
            17,
            18,
            19,
            20,
            21,
            22,
            23,
            24,
            25,
            26,
            27,
            28,
            29,
            30,
            31,
            32,
            33,
            34,
            35,
            36,
            37,
            38,
            39,
            40,
            41,
            42,
            43,
            44,
            45,
            46,
            47,
            48,
            49,
            50
        ],
        "train_loss": [
            1.6694117095321417,
            1.4317145757377148,
            1.2953831627964973,
            1.1834303215146065,
            1.0896281814202666,
            1.0189521936699748,
            0.972054292447865,
            0.9430689243599772,
            0.9149310858920217,
            0.8924616612493992,
            0.8653323613107204,
            0.8484470574185252,
            0.8346215402707458,
            0.8157871356233954,
            0.7912755757570267,
            0.7643979312852025,
            0.7462002160027623,
            0.7322856271639466,
            0.7068584347143769,
            0.6834753090515733,
            0.6669404730200768,
            0.6484011970460415,
            0.6363581251353025,
            0.6239270539954305,
            0.6074803862720728,
            0.5860923081636429,
            0.5496993684209883,
            0.4956384487450123,
            0.45640517491847277,
            0.4203899344429374,
            0.39268974866718054,
            0.3698661127127707,
            0.3511734949424863,
            0.3348204302601516,
            0.32322545908391476,
            0.3090139701962471,
            0.29632651526480913,
            0.2859514851588756,
            0.2864325172267854,
            0.2754093345720321,
            0.2658176936674863,
            0.26138559239916503,
            0.2590869714040309,
            0.2591426137369126,
            0.25701822992414236,
            0.25205641658976674,
            0.2506701569072902,
            0.25235450780019164,
            0.25244726659730077,
            0.24821754358708858
        ],
        "val_loss": [
            1.06793292760849,
            1.0721586346626282,
            1.05788733959198,
            1.048569881916046,
            1.0309295535087586,
            0.9907102465629578,
            0.9697419047355652,
            0.9198877215385437,
            0.9191550970077514,
            0.9024832487106323,
            0.9031755685806274,
            0.9029273390769958,
            0.8906656861305237,
            0.8916440606117249,
            0.874212384223938,
            0.857048237323761,
            0.8170636177062989,
            0.7983841896057129,
            0.7963121056556701,
            0.7517714977264405,
            0.7449928283691406,
            0.7445082306861878,
            0.7236588478088379,
            0.7313813209533692,
            0.7046233057975769,
            0.6847540378570557,
            0.707187819480896,
            0.6350999593734741,
            0.6162713646888733,
            0.5999198317527771,
            0.6186399221420288,
            0.5511173844337464,
            0.5894556999206543,
            0.5876609563827515,
            0.596343994140625,
            0.5648424744606018,
            0.5484182596206665,
            0.5672900795936584,
            0.5596326112747192,
            0.5874311923980713,
            0.6148653030395508,
            0.5598090946674347,
            0.5564838826656342,
            0.5659263730049133,
            0.6048938751220703,
            0.5853793025016785,
            0.5865486681461334,
            0.5752803564071656,
            0.5875747382640839,
            0.5612145125865936
        ],
        "train_L_dice": [
            0.946543676512582,
            0.9307904243469238,
            0.9294326901435852,
            0.9258801255907331,
            0.9227522952216012,
            0.920223091329847,
            0.9146046979086739,
            0.9039564217839923,
            0.8878243224961417,
            0.8666278549603054,
            0.8431476184300014,
            0.8252221090453011,
            0.8099273102624076,
            0.801435044833592,
            0.7795052102633885,
            0.7490920339311872,
            0.724472096988133,
            0.7274716070720127,
            0.6923209343637738,
            0.6754703010831561,
            0.6555509311812264,
            0.6572646072932652,
            0.6193139127322606,
            0.6037252715655735,
            0.5983984555516925,
            0.5793313384056091,
            0.5561302985463824,
            0.4785978879247393,
            0.4533791244029999,
            0.4131029077938625,
            0.38961594445364817,
            0.35583952495029997,
            0.37423474873815266,
            0.32039044158799307,
            0.32040403144700186,
            0.32960352301597595,
            0.2838689663580486,
            0.2798823480095182,
            0.2720225751399994,
            0.27791793857301983,
            0.25501359147684916,
            0.2700556495359966,
            0.2446069014923913,
            0.23751799762248993,
            0.23426645355565207,
            0.24780762195587158,
            0.23013091725962503,
            0.25912883452006746,
            0.26178998819419314,
            0.2327585837670735
        ],
        "train_L_pmc": [
            0.05653027631342411,
            0.04654110628845436,
            0.0340979030089719,
            0.024315800251705304,
            0.005845921247133187,
            0.0012432779185473919,
            0.0005514417508883136,
            0.0,
            0.0,
            0.0,
            0.0,
            0.0,
            0.0,
            0.0,
            0.0,
            0.0,
            0.0,
            0.0,
            0.0,
            0.0,
            0.0,
            0.0,
            0.0,
            0.0,
            0.0,
            0.0,
            0.0,
            0.0,
            0.0,
            0.0,
            0.0,
            0.0,
            0.0,
            0.0,
            0.0,
            0.0,
            0.0,
            0.0,
            0.0,
            0.0,
            0.0,
            0.0,
            0.0,
            0.0,
            0.0,
            0.0,
            0.0,
            0.0,
            0.0,
            0.0
        ],