{
    "model_name": "EDGE_SAM_R4",
    "timestamp": "2026-05-20T19:20:09.276275",
    "parameters": {
        "total_parameters": 5677253,
        "trainable_parameters": 160133,
        "frozen_parameters": 5517120,
        "trainable_percentage": 2.8206
    },
    "memory": {},
    "latency": {},
    "training_time": {
        "total_seconds": 214.21,
        "total_minutes": 3.57,
        "total_hours": 0.0595
    },
    "evaluation_results": {},
    "training_history": {
        "epochs": [
            1,
            2,
            3,
            4,
            5,
            6,
            7,
            8,
            9,
            10,
            11,
            12,
            13,
            14,
            15,
            16,
            17,
            18,
            19,
            20,
            21,
            22,
            23,
            24,
            25,
            26,
            27,
            28,
            29,
            30,
            31,
            32,
            33,
            34,
            35,
            36,
            37,
            38,
            39,
            40,
            41,
            42,
            43,
            44,
            45,
            46,
            47,
            48,
            49,
            50
        ],
        "train_loss": [
            1.1657874574884772,
            0.6309883110225201,
            0.5854952125810087,
            0.5561939552426338,
            0.5354326264932752,
            0.5241237813606858,
            0.509881264064461,
            0.5011123260483146,
            0.48824648605659604,
            0.47885676100850105,
            0.47266240743920207,
            0.4610388772562146,
            0.4590776050463319,
            0.44865927333012223,
            0.44706745352596045,
            0.44219722133129835,
            0.43483796436339617,
            0.43400299176573753,
            0.4284117599017918,
            0.4305559517815709,
            0.42191040283069015,
            0.4223536071367562,
            0.4202244486659765,
            0.41766058653593063,
            0.4155265986919403,
            0.4128076075576246,
            0.4099599663168192,
            0.4080716450698674,
            0.40911247907206416,
            0.4079674812965095,
            0.40279046492651105,
            0.40193073404952884,
            0.4018764169886708,
            0.3990651546046138,
            0.3988899942487478,
            0.40271180449053645,
            0.39605496311560273,
            0.39723494509235024,
            0.3959127636626363,
            0.3943213999737054,
            0.3916609196458012,
            0.3940783655270934,
            0.39246898936107755,
            0.39356097811833024,
            0.3927455444354564,
            0.39511344814673066,
            0.3957282048650086,
            0.39708732161670923,
            0.3947450122795999,
            0.39424986904487014
        ],
        "val_loss": [
            1.261677324771881,
            1.2409963250160216,
            1.2232898473739624,
            1.1876101732254027,
            1.1133262753486632,
            1.1265225172042848,
            1.0808689832687377,
            1.0536419868469238,
            1.0584389567375183,
            1.0339754819869995,
            1.0198669910430909,
            1.0065963864326477,
            0.9966468811035156,
            1.002944564819336,
            0.9826286792755127,
            0.9494159579277038,
            0.941484808921814,
            0.927244234085083,
            0.9488863229751587,
            0.922816812992096,
            0.9188553094863892,
            0.9262196540832519,
            0.9262040019035339,
            0.9455528616905212,
            0.9314944386482239,
            0.9150927543640137,
            0.9295367479324341,
            0.9158645272254944,
            0.9315106511116028,
            0.9170255064964294,
            0.9161900281906128,
            0.9252311587333679,
            0.9188786625862122,
            0.9121297240257263,
            0.9163339138031006,
            0.9106260657310485,
            0.9071857094764709,
            0.9003198146820068,
            0.9007835626602173,
            0.9049916625022888,
            0.903374183177948,
            0.8996252536773681,
            0.9056477546691895,
            0.8993850827217102,
            0.9009838223457336,
            0.9042965650558472,
            0.9052151441574097,
            0.89927818775177,
            0.904379951953888,
            0.9013494968414306
        ],
        "val_dice": [
            0.08032887292508835,
            0.13358476292802982,
            0.20750359153798034,
            0.23861854556428433,
            0.31475370938657254,
            0.31018754619438427,
            0.3427628663119524,
            0.3813690671512178,
            0.3667525020573995,
            0.4065592584354532,
            0.41595294223040785,
            0.4398176479505084,
            0.44075861753326473,
            0.4258696260374936,
            0.4641639770470586,
            0.4913460733380946,
            0.5045042809605682,
            0.5180296775704584,
            0.494332339053433,
            0.5398947896318284,
            0.5237748933200366,
            0.5172649204588194,
            0.5220893353773117,
            0.49144921219823295,
            0.51214259161535,
            0.5273216819131817,
            0.504880170367096,
            0.518629067917236,
            0.5127841925283688,
            0.5292270295685838,
            0.5330885422068671,
            0.5218343040398011,
            0.5231489807768428,
            0.5321071845054027,
            0.5202430836050329,
            0.5331252374319392,
            0.531487624863628,
            0.5408961217042275,
            0.5442467091504254,
            0.5350767756444734,
            0.5350196919240332,
            0.5402630247215139,
            0.5348682177694202,
            0.5410055354888458,
            0.5411603754893655,
            0.5378381171299266,
            0.5369442033665713,
            0.5424859539578869,
            0.5378184189222845,
            0.5398840330774456
        ],
        "val_aji": [
            0.04184512221502131,
            0.07157290632582163,
            0.1157623471703512,
            0.13547238445333615,
            0.18677015409540468,
            0.18356329751021744,
            0.20682789405591426,
            0.2356121209669556,
            0.2245541490309356,
            0.25514551487887244,
            0.26258875340237253,
            0.2819014375933421,
            0.2826750383163801,
            0.2705427918054026,
            0.3022223532396502,
            0.325685079032848,
            0.3373491976858479,
            0.34955469062376693,
            0.32831437632303656,
            0.36976430588566667,
            0.3548069267687857,
            0.34885862457566374,
            0.3532617687081957,
            0.32577571545626804,
            0.3442148345192445,
            0.3580698346929142,
            0.33768542183743444,
            0.3501007456573101,
            0.344794743272761,
            0.3598291784036198,
            0.36340880656073543,
            0.35302828733339525,
            0.3542327384193634,
            0.3624973014982137,
            0.3515733414326392,
            0.3634429134894922,
            0.36192246920239673,
            0.3707043273272606,
            0.3738591645791905,
            0.36525926188376,
            0.36520606384580406,
            0.3701098443563419,
            0.36506492061425205,
            0.3708071200051586,
            0.3709526163103095,
            0.36783759953734374,
            0.36700186322497974,
            0.37219946897322487,
            0.36781917231229533,
            0.3697542149445486
        ],